Name,Region,Longitude,Latitude,Water depth (m),Annual mean SST (°C)a,Annual mean temperature 0-200 m (°C)a,fGDGT-0,fGDGT-1,fGDGT-2,fGDGT-3,fcren,fcren',fOH-GDGT-0,fOH-GDGT-1,fOH-GDGT-2,GDGT-0,GDGT-1,GDGT-2,GDGT-3,cren,cren',OH-GDGT-0,OH-GDGT-1,OH-GDGT-2,BITd,TEX86,RI-OH,RI-OH',OHC,%OH,TEX86OH,Lab,Methodse,MS infof,Reference paper,Reference paper for non-hydroxylated isoGDGTs
BS 01E-27,Black Sea,29.5,45.5,27,13.4,2.9,0.47,0.03,0.02,0.01,0.46,0.01,0.93,0.05,0.01,880510,59550,39581,24683,852928,12552,134945,7835,2129,,0.56,1.21,0.08,-0.21,7.19,0.28,NIOZ,2,1,This study,"Kim et al., 2010"
BS 02E-105,Black Sea,32,45,105,13.3,3.8,0.39,0.03,0.01,0,0.56,0,0.73,0.17,0.09,4527182,351796,127274,47539,6390976,41287,403166,96224,52352,,0.38,1.35,0.36,-0.17,4.58,0.22,NIOZ,2,1,This study,"Kim et al., 2010"
BS 04E-114,Black Sea,30,44.5,114,14.2,3.2,0.38,0.03,0.01,0,0.56,0.01,0.74,0.16,0.09,14790043,1153429,510374,169261,21618121,196689,1265325,281763,161648,,0.43,1.36,0.35,-0.1,4.26,0.27,NIOZ,2,1,This study,"Kim et al., 2010"
BS 05E-564,Black Sea,30.5,44,564,14.2,3.2,0.38,0.03,0.01,0,0.57,0.01,0.86,0.1,0.05,2726214,197133,83655,20511,4030802,42622,155028,18034,8157,0.02,0.43,1.31,0.19,-0.02,2.49,0.29,NIOZ,2,1,This study,"Kim et al., 2010"
BS 07E-1288,Black Sea,34,44,1288,14.9,8.8,0.42,0.03,0.01,0,0.54,0,0.84,0.1,0.06,47187949,3167118,1249390,315202,61210755,550494,3355615,412561,219988,0.01,0.4,1.35,0.21,-0.13,3.39,0.24,NIOZ,2,1,This study,"Kim et al., 2010"
BS2  Arkona basin,Baltic Sea,14.71,54.62,47,9.4,1.1,0.36,0.02,0.01,0,0.61,0,0.84,0.12,0.04,11616404,509045,176741,93671,19671581,62869,1482889,209938,76962,,0.4,1.27,0.21,-0.44,5.22,0.14,NIOZ,2,1,This study,"Kim et al., 2010"
BS3,Baltic Sea,16.71,55.62,66,8.8,2.7,0.47,0.02,0.01,0,0.5,0,0.86,0.11,0.03,7044269,314146,97558,35962,7407583,50003,935026,120799,32041,0.06,0.37,1.21,0.17,-0.47,6.78,0.13,NIOZ,1,1,This study,"Kim et al., 2010"
BS4 Gotland deep,Baltic Sea,19.71,57.62,115,8.4,5.2,0.45,0.02,0.01,0,0.52,0,0.91,0.07,0.02,12691078,444999,142057,56042,14748140,81881,2086023,155812,38167,0.03,0.39,1.2,0.1,-0.6,7.49,0.1,NIOZ,2,1,This study,"Kim et al., 2010"
BS5 Gotland deep,Baltic Sea,20.71,57.62,240,8.4,5.2,0.42,0.02,0.01,0,0.55,0,0.88,0.1,0.02,16721938,725611,224011,73993,21875240,127941,1862233,204125,49440,0.06,0.37,1.19,0.14,-0.44,5.05,0.14,NIOZ,2,1,This study,"Kim et al., 2010"
BS625,Barents Sea,21.75,71.72,360,6.5,5.7,0.55,0.03,0.01,0,0.4,0,0.81,0.15,0.04,14508538,892618,268971,117857,10494091,71745,897024,167362,48709,,0.34,1.23,0.24,-0.18,4.05,0.2,NIOZ,2,1,This study,"Kim et al., 2010"
BS627,Barents Sea,24.05,72.32,264,5.9,5,0.55,0.03,0.01,0,0.41,0,0.83,0.13,0.04,16714651,813086,246917,98636,12656945,58436,1244476,201435,54404,,0.33,1.21,0.21,-0.31,4.68,0.16,NIOZ,2,1,This study,"Kim et al., 2010"
BS629,Barents Sea,24.25,73,404,5.9,5,0.57,0.02,0.01,0,0.4,0,0.88,0.1,0.02,9639216,350130,108631,41895,6681626,19779,804222,100505,20649,,0.33,1.18,0.14,-0.44,5.21,0.13,NIOZ,2,1,This study,"Kim et al., 2010"
BS631,Barents Sea,24.46,73.66,451,4.9,4.1,0.54,0.02,0,0,0.43,0,0.92,0.07,0.01,7442237,232770,55134,41706,5904195,30003,856477,65381,12979,0.04,0.35,1.17,0.1,-0.56,6.39,0.1,NIOZ,2,1,This study,"Kim et al., 2010"
BS633,Barents Sea,24.68,74.33,373,3,2.2,0.55,0.02,0,0,0.43,0,0.92,0.06,0.01,6842428,207846,50569,38313,5329142,24779,1036350,72618,13363,0.03,0.35,1.16,0.09,-0.64,8.24,0.08,NIOZ,2,1,This study,"Kim et al., 2010"
BS635,Barents Sea,24.94,75,182,0.5,-0.1,0.47,0.01,0,0,0.51,0,0.94,0.05,0.01,11427630,277418,70126,58054,12503045,46037,2194508,113980,18815,0.03,0.39,1.14,0.07,-0.73,8.71,0.07,NIOZ,2,1,This study,"Kim et al., 2010"
BS639,Barents Sea,27.89,75.56,263,1.8,1.4,0.48,0.01,0,0,0.5,0,0.95,0.04,0.01,21881506,519565,132282,109664,22428732,80447,3891374,166742,28007,0.02,0.38,1.14,0.05,-0.72,8.3,0.07,NIOZ,2,1,This study,"Kim et al., 2010"
BS643,Barents Sea,29.9,76.49,291,0.8,1.1,0.51,0.01,0,0,0.47,0,0.95,0.04,0.01,8685497,209904,50553,40615,7919405,26366,1369202,57625,9290,0.03,0.36,1.14,0.05,-0.71,7.82,0.07,NIOZ,2,1,This study,"Kim et al., 2010"
BS645,Barents Sea,29.45,75.85,296,2.1,1.8,0.5,0.01,0,0,0.48,0,0.95,0.04,0.01,4896829,118677,30291,25580,4697306,19547,790317,35530,7265,0.03,0.39,1.17,0.06,-0.7,7.84,0.08,NIOZ,2,1,This study,"Kim et al., 2010"
BS647,Barents Sea,29,75.2,343,2,1.6,0.5,0.01,0,0,0.48,0,0.94,0.05,0.01,6168946,161840,38986,33729,5958054,24160,922839,51964,9623,0.03,0.37,1.16,0.07,-0.66,7.36,0.08,NIOZ,2,1,This study,"Kim et al., 2010"
BS649,Barents Sea,28.57,74.53,394,3.9,3.1,0.55,0.01,0,0,0.43,0,0.94,0.05,0.01,8397304,224395,55075,45769,6554404,28114,1202790,61724,11402,0.03,0.36,1.16,0.07,-0.66,7.7,0.08,NIOZ,2,1,This study,"Kim et al., 2010"
BS651,Barents Sea,26.07,74.63,317,3.7,2.9,0.55,0.02,0,0,0.42,0,0.94,0.05,0.01,8680946,238405,58577,47084,6689135,29878,1288180,67841,13696,0.03,0.36,1.17,0.07,-0.66,8,0.08,NIOZ,2,1,This study,"Kim et al., 2010"
BS653,Barents Sea,25.8,73.97,441,4.8,4,0.53,0.02,0,0,0.44,0,0.9,0.08,0.02,1680905,54019,13337,10040,1413941,9143,229010,19739,4489,0.04,0.38,1.19,0.11,-0.58,7.37,0.1,NIOZ,2,1,This study,"Kim et al., 2010"
BS655,Barents Sea,25.53,73.3,412,4.8,4,0.56,0.02,0,0,0.41,0,0.89,0.09,0.02,7056067,256430,60730,40671,5164625,28674,762284,77290,16422,0.04,0.34,1.18,0.13,-0.51,6.36,0.11,NIOZ,2,1,This study,"Kim et al., 2010"
BS657,Barents Sea,25.27,72.63,268,5.7,4.9,0.54,0.02,0.01,0,0.42,0,0.86,0.11,0.03,3686204,167343,44130,28305,2889178,18015,356288,46781,11833,0.05,0.35,1.2,0.17,-0.4,5.72,0.15,NIOZ,2,1,This study,"Kim et al., 2010"
BS659,Barents Sea,25.05,71.97,256,6.1,5.5,0.53,0.03,0.01,0,0.42,0,0.8,0.15,0.04,1388391,83121,22192,12557,1099340,8371,125936,23734,6821,0.05,0.34,1.22,0.24,-0.29,5.65,0.17,NIOZ,2,1,This study,"Kim et al., 2010"
BS661,Barents Sea,22.76,71.37,408,6.4,5.5,0.52,0.04,0.01,0,0.43,0,0.78,0.17,0.05,2209667,153103,36861,20942,1838619,16360,166241,36817,11177,0.09,0.33,1.23,0.28,-0.21,4.77,0.19,NIOZ,2,1,This study,"Kim et al., 2010"
BS665,Barents Sea,28.4,72.17,289,5.4,4.6,0.54,0.03,0.01,0,0.42,0,0.83,0.14,0.03,1775477,88505,20514,12842,1370754,10183,175771,28715,7226,0.04,0.33,1.2,0.2,-0.38,6.07,0.14,NIOZ,2,1,This study,"Kim et al., 2010"
BS667,Barents Sea,28.75,72.83,305,5.4,4.6,0.54,0.02,0.01,0,0.42,0,0.86,0.11,0.03,1178676,52658,15173,9211,901622,6806,136288,17892,5086,0.05,0.37,1.22,0.18,-0.43,6.85,0.14,NIOZ,2,1,This study,"Kim et al., 2010"
BS669,Barents Sea,29.15,73.5,414,4.7,3.9,0.55,0.02,0,0,0.43,0,0.91,0.08,0.01,13382530,435554,102462,74615,10437805,51336,1670881,142269,26960,0.03,0.34,1.16,0.11,-0.58,6.99,0.1,NIOZ,2,1,This study,"Kim et al., 2010"
BS671,Barents Sea,29.55,74.15,366,3.8,3.1,0.54,0.02,0,0,0.43,0,0.92,0.06,0.01,3611809,110924,27696,20090,2854961,13307,470732,32400,6517,0.02,0.36,1.17,0.09,-0.6,7.13,0.1,NIOZ,2,1,This study,"Kim et al., 2010"
BS673,Barents Sea,32.49,74.67,165,3.2,1.9,0.47,0.01,0,0,0.51,0,0.95,0.04,0.01,8752455,193984,53187,53368,9616872,32774,1731705,70749,11857,0.03,0.42,1.14,0.05,-0.74,8.84,0.07,NIOZ,2,1,This study,"Kim et al., 2010"
BS675,Barents Sea,33.07,75.32,209,2.1,1.6,0.47,0.01,0,0,0.51,0,0.95,0.04,0.01,4632171,109094,29247,27238,5044552,19471,839525,34918,7131,0.02,0.41,1.17,0.06,-0.72,8.21,0.07,NIOZ,2,1,This study,"Kim et al., 2010"
BS677,Barents Sea,33.73,75.97,276,2.1,1.6,0.51,0.01,0,0,0.47,0,0.94,0.05,0.01,4245107,105872,27258,23262,3934135,14170,693631,34087,7391,0.03,0.38,1.18,0.07,-0.69,8.09,0.07,NIOZ,2,1,This study,"Kim et al., 2010"
BS679,Barents Sea,34.45,76.62,193,0.3,0.3,0.5,0.01,0,0,0.48,0,0.95,0.04,0.01,6639315,172869,38720,36171,6384126,22539,1282020,60356,11121,0.04,0.36,1.16,0.06,-0.73,9.24,0.06,NIOZ,2,1,This study,"Kim et al., 2010"
BS681,Barents Sea,37.17,76.43,249,0.2,0.1,0.53,0.01,0,0,0.45,0,0.95,0.04,0.01,5960744,152186,35735,28979,5128535,20198,989402,43022,8180,0.02,0.36,1.16,0.06,-0.71,8.41,0.07,NIOZ,2,1,This study,"Kim et al., 2010"
BS690,Barents Sea,30.95,71.01,283,5.8,4.9,0.52,0.02,0,0,0.45,0,0.9,0.08,0.02,6048884,233795,57101,35589,5278384,30034,756674,69012,16101,0.08,0.34,1.19,0.12,-0.53,6.72,0.11,NIOZ,2,1,This study,"Kim et al., 2010"
BS692,Barents Sea,31.71,70.62,252,5.5,4.6,0.5,0.02,0.01,0,0.46,0,0.87,0.1,0.02,2563142,116091,27853,18036,2339534,14489,313422,37512,7926,0.09,0.34,1.17,0.15,-0.47,6.6,0.12,NIOZ,2,1,This study,"Kim et al., 2010"
BY31 Landsort deep,Baltic Sea,18.71,58.62,466,7.6,2.7,0.47,0.02,0.01,0,0.51,0,0.85,0.12,0.03,11666139,428564,159072,40064,12711628,41379,1315123,175516,48327,,0.36,1.2,0.17,-0.49,5.79,0.12,NIOZ,2,1,This study,"Kim et al., 2010"
BY310 Landsort deep oxic,Baltic Sea,17.71,58.62,54,7.6,2.7,0.52,0.02,0.01,0,0.46,0,0.89,0.09,0.03,14216239,511219,170398,64478,12537242,48608,2037278,200975,57564,,0.36,1.22,0.14,-0.57,7.69,0.1,NIOZ,2,1,This study,"Kim et al., 2010"
BY5 Bornholm ,Baltic Sea,15.71,55.62,89,8.2,2.8,0.43,0.02,0.01,0,0.53,0,0.86,0.11,0.03,4128511,203251,75701,23565,5109940,30626,529805,69037,19383,0.05,0.39,1.22,0.17,-0.42,6.07,0.15,NIOZ,2,1,This study,"Kim et al., 2010"
Cariaco Basin,Cariaco Basin,-65.6,10.67,,26.6,20.9,0.16,0.05,0.08,0.01,0.66,0.04,,,,2546538,829247,1241918,230069,10531870,626026,,,,,0.72,,,,,0.72,NIOZ,2,1,This study,"Kim et al., 2010"
CB2 MC19,North Pacific,-125.83,46.77,2700,12.4,8.8,0.42,0.07,0.04,0,0.46,0.01,0.74,0.18,0.09,4057957,633016,398574,34952,4386465,115320,132591,31975,15589,0.02,0.46,1.33,0.35,0.31,1.84,0.42,NIOZ,2,1,This study,"Kim et al., 2010"
CL03-35 BC,Gulf of St. Lawrence,-58.71,46.62,370,6.3,2.9,0.5,0.03,0.01,0,0.46,0,0.88,0.09,0.02,9010254,508166,186466,36644,8298210,41180,896709,100490,28051,,0.34,1.2,0.14,-0.35,5.37,0.16,NIOZ,2,1,This study,"Kim et al., 2010"
DNT05-22 BEN,Gulf of St. Lawrence,-58.71,46.62,18,6.3,2.9,0.48,0.03,0.01,0,0.47,0,0.61,0.3,0.09,2545089,178067,56575,16701,2494438,5408,126770,61597,19299,,0.31,1.24,0.48,-0.1,3.77,0.21,NIOZ,2,1,This study,"Kim et al., 2010"
G2-85 7 0-1,Savu Sea,123.6,-9,,28.2,21.7,0.27,0.07,0.06,0.01,0.56,0.03,,,,3697947,908795,870199,144142,7632834,387935,,,,,0.61,,,,,0.61,NIOZ,2,1,This study,"Kim et al., 2010"
G2-85 pist 0-1,Savu Sea,123.64,-8.99,,28.2,21.7,0.27,0.07,0.07,0.01,0.55,0.03,0.48,0.19,0.33,4156356,1079708,1043996,196152,8602796,443396,67958,27179,46059,,0.61,1.63,0.84,0.56,0.9,0.59,NIOZ,2,1,This study,"Kim et al., 2010"
G2-9 box 0-1,Savu Sea,123.59,-9.34,2720,28.2,21.7,0.24,0.07,0.07,0.02,0.56,0.04,0.45,0.2,0.35,3732086,1121143,1082322,254573,8800849,682333,69161,30251,53596,0.05,0.64,1.64,0.9,0.59,0.97,0.63,NIOZ,2,1,This study,"Kim et al., 2010"
G2-9 trp 0-1,Savu Sea,123.59,-9.34,2720,28.2,21.7,0.22,0.07,0.07,0.02,0.57,0.05,0.38,0.19,0.43,4002621,1305782,1349204,308219,10513964,829697,50241,25155,56681,0.02,0.66,1.69,1.05,0.62,0.72,0.65,NIOZ,2,1,This study,"Kim et al., 2010"
GeoB10034-3,West Sumatra,101.5,-4.16,995,29.1,23.2,0.13,0.05,0.07,0.01,0.68,0.06,0.28,0.22,0.5,735236,263018,389008,78347,3882408,346821,10095,7803,18020,0.04,0.76,1.7,1.22,0.72,0.63,0.75,NIOZ,3,1,This study,"Kim et al., 2010"
GeoB2105-3,Rio Grande Rise,-46.74,-26.74,202,23.6,18.8,0.2,0.06,0.05,0.02,0.64,0.04,0.27,0.32,0.41,141276,40345,35823,10485,439966,24449,3084,3562,4631,0.05,0.64,1.57,1.14,0.55,1.6,0.62,NIOZ,1,1,This study,"Kim et al., 2010"
GeoB2107-5,Rio Grande Rise,-46.46,-27.18,1052,23.7,18.4,0.28,0.06,0.07,0.01,0.55,0.02,,,,2699346,583764,699280,72127,5240870,228764,,,,,0.63,,,,,0.63,NIOZ,2,1,This study,"Kim et al., 2010"
GeoB2110-1,Rio Grande Rise,-45.52,-28.65,3003,23.1,20.6,0.29,0.07,0.08,0.01,0.52,0.04,0.52,0.23,0.25,2031859,477942,575365,63042,3669658,263754,39629,17581,18698,0.07,0.65,1.52,0.72,0.59,1.06,0.64,NIOZ,2,1,This study,"Kim et al., 2010"
GeoB2112-1,Rio Grande Rise,-43.38,-29.14,4009,22,19.3,0.29,0.07,0.07,0.01,0.53,0.04,0.65,0.19,0.16,3395284,775519,834620,81947,6147193,443036,94170,27394,23843,0.07,0.64,1.47,0.52,0.55,1.23,0.61,NIOZ,2,1,This study,"Kim et al., 2010"
GeoB2124-1,Brazil,-39.56,-20.96,2003,25.7,21.9,0.28,0.06,0.08,0.01,0.54,0.04,0.45,0.26,0.29,3784532,861712,1052667,129649,7281373,493931,68622,39267,43722,0.04,0.66,1.53,0.84,0.6,1.1,0.64,NIOZ,2,1,This study,"Kim et al., 2010"
GeoB2125-2,Brazil,-39.86,-20.82,1542,25.7,21.9,0.24,0.06,0.07,0.01,0.59,0.04,,,,85242,20978,24068,3794,214155,13948,,,,0.08,0.67,,,,,0.67,NIOZ,1,1,This study,"Kim et al., 2010"
GeoB2130-1,Brazil,-37.1,-20.62,2113,25.9,22.5,0.41,0.09,0.1,0.01,0.37,0.03,,,,506844,106928,118820,18568,464701,32509,,,,0.28,0.61,,,,,0.61,NIOZ,1,1,This study,"Kim et al., 2010"
GeoB2201-1,Equatorial Atlantic,-34.46,-8.17,794,27.3,23.7,0.12,0.04,0.06,0.01,0.72,0.06,0.29,0.28,0.43,155534,47627,73587,18640,924825,71690,5287,5186,7863,0.21,0.77,1.6,1.14,0.69,1.4,0.76,NIOZ,1,1,This study,"Kim et al., 2010"
GeoB2202-5,Equatorial Atlantic,-34.26,-8.2,1128,27.3,23.7,0.26,0.09,0.08,0.02,0.52,0.03,0.42,0.28,0.3,6075854,2176857,1796926,364845,12301691,801670,79306,51873,57130,0.07,0.58,1.52,0.88,0.54,0.79,0.57,NIOZ,2,1,This study,"Kim et al., 2010"
GeoB2205-4,Equatorial Atlantic,-34.35,-8.57,1790,27.3,23.7,0.23,0.06,0.08,0.01,0.58,0.04,0.48,0.21,0.3,1729002,474306,602497,68097,4405182,324031,21502,9458,13450,0.05,0.68,1.59,0.82,0.64,0.58,0.67,NIOZ,1,1,This study,"Kim et al., 2010"
GeoB2206-1,Equatorial Atlantic,-34.48,-8.56,1442,27.3,23.7,0.26,0.07,0.08,0.01,0.54,0.04,0.44,0.28,0.28,2066702,527937,662400,90518,4319798,291451,28745,18500,18475,0.05,0.66,1.5,0.84,0.62,0.82,0.65,NIOZ,2,1,This study,"Kim et al., 2010"
GeoB2207-2,Equatorial Atlantic,-34.14,-8.74,2585,27.3,23.7,0.29,0.08,0.08,0.01,0.51,0.03,,,,6276385,1679293,1847119,130929,11199176,613761,,,,,0.61,,,,,0.61,NIOZ,2,1,This study,"Kim et al., 2010"
GeoB2215-8,Equatorial Atlantic,-23.49,0.01,3712,26.7,19.1,0.32,0.08,0.07,0.01,0.5,0.03,0.6,0.17,0.23,11675078,2703252,2443334,214509,18041217,959289,157504,45170,61448,,0.57,1.58,0.64,0.53,0.73,0.56,NIOZ,1,1,This study,"Kim et al., 2010"
GeoB2701-4,Western South Atlantic,-55.02,-37.81,576,13.4,4.2,0.41,0.02,0,0,0.57,0,0.87,0.11,0.02,19628299,802116,235013,123458,27434463,157803,2362633,303296,54329,0.01,0.39,1.15,0.15,-0.46,5.32,0.14,NIOZ,2,1,This study,"Kim et al., 2010"
GeoB2703-7,Western South Atlantic,-54.2,-38.51,1162,12.3,8.2,0.49,0.04,0.01,0,0.45,0.01,0.84,0.12,0.03,86940275,6306181,2582167,584379,81098345,1266878,7392329,1073777,292765,0.02,0.41,1.21,0.19,-0.15,4.67,0.24,NIOZ,2,1,This study,"Kim et al., 2010"
GeoB2706-6,Western South Atlantic,-55.54,-42.37,4700,11,6.4,0.49,0.06,0.03,0,0.41,0.01,0.8,0.14,0.05,3229740,385478,176916,25439,2738304,64197,205903,36484,13766,0.01,0.41,1.27,0.25,0.07,3.73,0.31,NIOZ,2,1,This study,"Kim et al., 2010"
GeoB2708-5,Western South Atlantic,-57.3,-41.42,392,9.2,6,0.44,0.02,0.01,0,0.53,0,0.86,0.11,0.03,3203129,126156,38967,17098,3863522,26571,313908,40874,9160,0.01,0.4,1.18,0.16,-0.4,4.76,0.16,NIOZ,2,1,This study,"Kim et al., 2010"
GeoB2715-1,Western South Atlantic,-57.66,-43.9,3280,10.1,5.9,0.52,0.06,0.02,0,0.39,0.01,0.82,0.13,0.05,4688480,509590,196243,28557,3531617,62061,231852,36667,13468,0,0.36,1.27,0.23,0.05,3.03,0.28,NIOZ,1,1,This study,"Kim et al., 2010"
GeoB2727-1,Western South Atlantic,-56.54,-48.01,2803,6.9,5.1,0.61,0.06,0.02,0,0.29,0.01,0.83,0.13,0.05,9645531,997129,369231,45934,4549023,81735,569166,86863,31421,0.01,0.33,1.27,0.22,-0.03,4.2,0.24,NIOZ,1,1,This study,"Kim et al., 2010"
GeoB2734-2,Western South Atlantic,-54.34,-39.29,2272,12.1,8,0.47,0.04,0.02,0,0.46,0.01,0.84,0.12,0.04,48287572,4224406,1750390,288260,46712554,630814,3224751,476448,144354,0.01,0.39,1.23,0.2,-0.05,3.64,0.26,NIOZ,1,1,This study,"Kim et al., 2010"
GeoB2802-2,Western South Atlantic,-53.98,-37.21,1007,16.9,13.5,0.29,0.02,0.01,0,0.67,0.01,0.84,0.13,0.03,36760252,2679700,1449617,418294,83905496,935417,5486074,821537,216559,0.01,0.51,1.21,0.19,-0.22,4.92,0.26,NIOZ,1,1,This study,"Kim et al., 2010"
GeoB2803-1,Western South Atlantic,-53.7,-37.41,1162,16.9,13.5,0.47,0.04,0.02,0,0.46,0.01,0.84,0.12,0.04,5560166,420624,214206,39679,5423814,86114,435389,64611,19271,0.04,0.45,1.23,0.2,-0.07,4.23,0.28,NIOZ,1,1,This study,"Kim et al., 2010"
GeoB2805-1,Western South Atlantic,-53.44,-37.61,2743,16.9,13.5,0.45,0.04,0.02,0,0.47,0.01,0.84,0.12,0.04,58315526,5203644,2878862,490796,60742767,1136833,4573398,682015,221192,0.01,0.46,1.24,0.21,0,4.08,0.32,NIOZ,2,1,This study,"Kim et al., 2010"
GeoB2811-1,Western South Atlantic,-52.27,-35.75,1789,17.4,9.1,0.41,0.04,0.02,0,0.52,0.01,0.82,0.13,0.04,60463217,5239197,3527055,691270,77532446,1624012,5607273,896787,301371,0.02,0.53,1.25,0.22,0.01,4.37,0.35,NIOZ,2,1,This study,"Kim et al., 2010"
GeoB2812-3,Western South Atlantic,-52.39,-35.6,1041,17.4,9.1,0.43,0.02,0.01,0,0.53,0,0.86,0.11,0.03,11012586,574975,300536,66884,13761335,91149,936792,132454,36784,,0.44,1.21,0.17,-0.22,4.11,0.23,NIOZ,2,1,This study,"Kim et al., 2010"
GeoB2817-3,Rio Grande Rise,-38.07,-30.92,2943,21.5,18.8,0.32,0.07,0.07,0.01,0.5,0.03,0.61,0.19,0.2,1575596,353450,355411,36092,2469131,153111,34213,10743,11182,0.08,0.61,1.51,0.59,0.53,1.12,0.58,NIOZ,2,1,This study,"Kim et al., 2010"
GeoB2819-2,Rio Grande Rise,-38.34,-30.85,3435,21.5,18.8,0.32,0.07,0.07,0.01,0.5,0.03,0.55,0.23,0.23,1588216,360034,349244,39444,2474259,154658,31223,12828,12833,0.1,0.6,1.5,0.68,0.53,1.13,0.58,NIOZ,2,1,This study,"Kim et al., 2010"
GeoB2820-1,Rio Grande Rise,-38.44,-30.82,3606,21.5,18.8,0.32,0.08,0.08,0.01,0.49,0.03,0.59,0.19,0.22,3879686,936940,932781,84867,5953659,382117,71243,23185,25907,0.05,0.6,1.53,0.62,0.54,0.98,0.58,NIOZ,2,1,This study,"Kim et al., 2010"
GeoB2821-2,Rio Grande Rise,-38.82,-30.45,3936,21.5,18.8,0.36,0.08,0.08,0.01,0.44,0.03,0.58,0.23,0.19,608403,139845,129881,10663,745801,52641,14033,5421,4561,0.17,0.58,1.46,0.61,0.5,1.4,0.56,NIOZ,2,1,This study,"Kim et al., 2010"
GeoB2825-3,Rio Grande Rise,-41.43,-32.5,4352,20.1,17.9,0.39,0.06,0.05,0,0.48,0.02,,,,7984590,1189044,978470,95402,9680971,372909,,,,,0.55,,,,,0.55,NIOZ,2,1,This study,"Kim et al., 2010"
GeoB2826-1,Rio Grande Rise,-40.97,-31.9,3959,21.2,18.5,0.33,0.06,0.06,0.01,0.51,0.03,0.71,0.16,0.13,8611592,1642206,1540952,176517,13102884,731093,304821,69566,57859,0.03,0.6,1.45,0.43,0.47,1.65,0.56,NIOZ,2,1,This study,"Kim et al., 2010"
GeoB2829-3,Rio Grande Rise,-43.43,-30.87,3523,20.9,18.9,0.3,0.07,0.07,0.01,0.52,0.03,0.63,0.18,0.19,5368597,1213823,1277542,133216,9170307,574888,134340,38770,40160,0.07,0.62,1.51,0.56,0.54,1.19,0.6,NIOZ,2,1,This study,"Kim et al., 2010"
GeoB2830-1,Rio Grande Rise,-44,-29.02,3815,23.2,19.9,0.3,0.07,0.08,0.01,0.51,0.04,0.66,0.18,0.17,3560147,802462,901166,83588,6080159,417068,86796,23434,21808,0.05,0.64,1.48,0.51,0.56,1.1,0.61,NIOZ,2,1,This study,"Kim et al., 2010"
GeoB6402-9,Central South Atlantic,-22.76,-39.74,3878,14.8,14,0.47,0.06,0.04,0.01,0.41,0.01,0.73,0.17,0.11,2137928,293144,174915,23140,1890538,42020,62752,14518,9116,,0.45,1.39,0.38,0.29,1.86,0.4,NIOZ,2,1,This study,"Kim et al., 2010"
GeoB6404-3,Central South Atlantic,-23.46,-41.51,4223,13.4,12.6,0.48,0.06,0.03,0,0.43,0.01,0.74,0.18,0.08,7529819,875734,443245,39827,6690036,104718,265621,69403,36649,,0.4,1.32,0.35,0.18,2.31,0.34,NIOZ,2,1,This study,"Kim et al., 2010"
GeoB6405-8,Central South Atlantic,-21.85,-42,3863,13.5,11.6,0.43,0.06,0.03,0,0.46,0.01,0.71,0.19,0.1,3238831,476678,244698,33266,3481925,101170,119332,32315,16326,0.01,0.44,1.34,0.39,0.25,2.17,0.39,NIOZ,2,1,This study,"Kim et al., 2010"
GeoB6406-1,Central South Atlantic,-20.78,-42,3514,12,11,0.46,0.06,0.03,0,0.44,0.01,0.72,0.19,0.09,11143622,1497758,735991,103995,10640643,243618,438433,113416,56712,0.04,0.42,1.33,0.37,0.2,2.44,0.36,NIOZ,2,1,This study,"Kim et al., 2010"
GeoB6409-2,Central South Atlantic,-21.72,-44.51,4296,11,9.5,0.55,0.06,0.03,0,0.35,0.01,0.79,0.15,0.06,6433035,748461,294822,38329,4182104,85014,288252,55880,21235,0,0.36,1.28,0.27,0.08,3.01,0.29,NIOZ,1,1,This study,"Kim et al., 2010"
GeoB6414-1,Central South Atlantic,-13.07,-44,3830,11,9.6,0.49,0.06,0.03,0,0.41,0.01,0.77,0.16,0.07,2232738,276321,124558,15674,1859306,38982,99919,21117,8854,0.01,0.39,1.3,0.3,0.14,2.78,0.32,NIOZ,2,1,This study,"Kim et al., 2010"
GeoB6418-3,Central South Atlantic,-21.54,-38.43,4126,14.2,13.6,0.42,0.07,0.04,0.01,0.45,0.02,0.65,0.2,0.15,2128989,341797,202724,31322,2291562,79265,73428,22663,16541,0.05,0.48,1.42,0.49,0.31,2.17,0.43,NIOZ,2,1,This study,"Kim et al., 2010"
GeoB6420-2,Central South Atlantic,-22.15,-37.16,3998,15.2,14,0.4,0.07,0.05,0.01,0.46,0.02,0.62,0.21,0.18,2711506,481641,308430,47504,3087981,121587,76268,25615,21833,0.03,0.5,1.46,0.56,0.37,1.8,0.46,NIOZ,2,1,This study,"Kim et al., 2010"
GeoB6421-1,Central South Atlantic,-22.45,-36.45,4216,16.5,15,0.37,0.07,0.05,0.01,0.48,0.02,0.6,0.21,0.19,903407,164231,129844,19227,1166318,50971,25286,8978,7789,0.07,0.55,1.46,0.58,0.43,1.7,0.51,NIOZ,2,1,This study,"Kim et al., 2010"
GeoB6422-5,Central South Atlantic,-22.73,-35.71,3972,17.6,15.4,0.35,0.07,0.06,0.01,0.48,0.02,0.57,0.2,0.23,1092284,219923,189914,24631,1490104,66686,29288,10399,12070,0.06,0.56,1.54,0.67,0.46,1.65,0.53,NIOZ,2,1,This study,"Kim et al., 2010"
GeoB6424-2,Central South Atlantic,-23.28,-34.61,3820,18.4,16,0.36,0.07,0.06,0.01,0.48,0.03,0.55,0.21,0.25,3650025,721646,561521,83347,4928801,258492,84038,31562,37807,0.05,0.56,1.55,0.7,0.46,1.48,0.53,NIOZ,1,1,This study,"Kim et al., 2010"
GeoB6426-2,Central South Atlantic,-24.02,-33.5,4381,19.5,17.2,0.35,0.07,0.06,0.01,0.48,0.02,0.61,0.19,0.2,13023846,2702208,2289357,239871,17617523,900870,265386,81032,86336,0.06,0.56,1.52,0.59,0.48,1.16,0.54,NIOZ,2,1,This study,"Kim et al., 2010"
GeoB6427-1,Central South Atlantic,-24.25,-33.18,4491,19.5,17.2,0.36,0.07,0.06,0,0.48,0.02,,,,3983145,748510,679512,52472,5261502,197526,,,,,0.55,,,,,0.55,NIOZ,2,1,This study,"Kim et al., 2010"
GeoB6428-3,Central South Atlantic,-24.25,-32.51,4022,19.6,17.3,0.33,0.08,0.07,0.01,0.49,0.03,0.57,0.19,0.24,1327261,302867,268838,28412,1970699,117369,30363,10088,12860,0.09,0.58,1.56,0.67,0.5,1.31,0.55,NIOZ,2,1,This study,"Kim et al., 2010"
GeoB6429-1,Central South Atlantic,-24.25,-31.95,4335,20.8,18.2,0.3,0.07,0.07,0.01,0.52,0.04,0.61,0.18,0.21,836957,200121,195298,26879,1460281,105636,18637,5563,6472,0.13,0.62,1.54,0.6,0.55,1.07,0.6,NIOZ,2,1,This study,"Kim et al., 2010"
GeoB8301-5,Namibia margin,17.7,-34.77,1941,18,13.9,0.25,0.04,0.04,0.01,0.64,0.03,0.54,0.29,0.17,530238,94072,76956,14711,1361689,54911,58912,31635,19132,0.02,0.61,1.38,0.64,0.25,4.89,0.49,NIOZ,1,1,This study,"Kim et al., 2010"
GeoB8306-1,Namibia margin,16.84,-33.74,1924,18.1,14.8,0.45,0.06,0.04,0.01,0.43,0.01,0.62,0.24,0.14,7802720,1121913,695800,105755,7403264,252275,256058,97702,56001,0.01,0.48,1.36,0.51,0.31,2.3,0.43,NIOZ,2,1,This study,"Kim et al., 2010"
GeoB8307-5,Namibia margin,16.5,-33.83,2668,18.1,14.8,0.45,0.07,0.05,0.01,0.41,0.02,0.61,0.24,0.15,2346583,365287,244495,36030,2181240,84512,61243,24155,15179,0.01,0.5,1.39,0.54,0.37,1.88,0.46,NIOZ,2,1,This study,"Kim et al., 2010"
GeoB8308-2,Namibia margin,16.27,-33.92,3162,18.1,14.8,0.44,0.07,0.05,0.01,0.42,0.02,0.6,0.23,0.16,2004053,334974,217601,31706,1926777,81857,51161,19659,13960,0.01,0.5,1.42,0.56,0.37,1.81,0.46,NIOZ,2,1,This study,"Kim et al., 2010"
GeoB8310-1,Namibia margin,16.38,-32.91,1995,17.2,13.5,0.47,0.07,0.04,0.01,0.4,0.02,0.67,0.22,0.11,491164,70828,40886,7170,409269,16480,20440,6672,3336,0,0.48,1.33,0.44,0.27,2.86,0.41,NIOZ,2,1,This study,"Kim et al., 2010"
GeoB8311-1,Namibia margin,16.31,-32.37,2535,17.2,13.5,0.47,0.07,0.04,0.01,0.39,0.02,0.65,0.21,0.14,526197,79063,47733,6831,436259,19686,20285,6603,4523,0.02,0.48,1.41,0.5,0.29,2.74,0.43,NIOZ,2,1,This study,"Kim et al., 2010"
GeoB8313-1,Namibia margin,15.94,-32.12,1090,18.2,15.1,0.47,0.07,0.04,0.01,0.4,0.02,0.61,0.24,0.15,1257621,190685,112047,18713,1066714,41036,39249,15505,9936,0.01,0.47,1.39,0.55,0.31,2.35,0.43,NIOZ,2,1,This study,"Kim et al., 2010"
GeoB8317-1,Namibia margin,15.16,-32.33,2930,18.2,15.1,0.43,0.07,0.05,0.01,0.43,0.02,0.6,0.22,0.18,3476654,571866,391988,56256,3470256,146172,97117,36261,28361,0.01,0.51,1.44,0.57,0.37,1.95,0.47,NIOZ,2,1,This study,"Kim et al., 2010"
GeoB8319-1,Namibia margin,18.08,-32.5,69,15,10.9,0.51,0.03,0.01,0,0.44,0,0.75,0.2,0.05,56677234,3556390,1359765,427278,49273763,389850,2473196,644234,170832,0.03,0.38,1.21,0.3,-0.03,2.86,0.27,NIOZ,2,1,This study,"Kim et al., 2010"
GeoB8321-1,Namibia margin,18.12,-31.86,104,15,10.6,0.49,0.04,0.01,0,0.45,0,0.73,0.21,0.06,2839810,207613,83451,22762,2601667,28806,128500,37664,10720,0.05,0.39,1.22,0.33,0.01,2.97,0.29,NIOZ,2,1,This study,"Kim et al., 2010"
GeoB8322-1,Namibia margin,18.12,-31.95,105,15,10.6,0.49,0.04,0.01,0,0.45,0,0.73,0.21,0.06,17162139,1242628,486901,142421,15877986,157521,736493,217501,58573,0.04,0.39,1.21,0.33,0.02,2.81,0.28,NIOZ,2,1,This study,"Kim et al., 2010"
GeoB8324-1,Namibia margin,18.09,-31.75,100,15,10.6,0.49,0.04,0.01,0,0.45,0,0.72,0.21,0.07,5866532,433167,167045,51229,5301291,55442,268843,79154,24521,0.04,0.39,1.24,0.34,0,3.04,0.28,NIOZ,2,1,This study,"Kim et al., 2010"
GeoB8325-1,Namibia margin,17.28,-30.6,134,15.8,11.5,0.55,0.04,0.02,0.01,0.38,0.01,,,,310389,25336,9717,3351,212310,3677,,,,0.06,0.4,,,,,0.4,NIOZ,2,1,This study,"Kim et al., 2010"
GeoB8327-1,Namibia margin,17.01,-29.7,88,14,9.3,0.52,0.04,0.02,0,0.42,0,0.71,0.22,0.07,3951885,275096,132417,28025,3163058,25686,165663,52698,16160,,0.4,1.23,0.36,0.03,3,0.3,NIOZ,2,1,This study,"Kim et al., 2010"
GeoB8328-1,Namibia margin,17.06,-29.94,112,14,9.3,0.52,0.04,0.02,0,0.42,0,0.72,0.22,0.06,17261538,1171796,533011,134129,13968353,128303,595446,187132,49375,,0.4,1.21,0.34,0.07,2.44,0.31,NIOZ,2,1,This study,"Kim et al., 2010"
GeoB8329-1,Namibia margin,17.03,-29.93,111,14,9.3,0.49,0.04,0.02,0,0.44,0,0.71,0.22,0.06,11610473,849075,361299,108941,10436709,112959,480536,149203,42748,0.03,0.41,1.22,0.35,0.05,2.78,0.3,NIOZ,2,1,This study,"Kim et al., 2010"
GeoB8332-3,Namibia margin,16.66,-29.13,117,14,9.3,0.51,0.04,0.02,0,0.42,0,0.72,0.22,0.06,6383540,460800,189119,60000,5271383,60861,274230,83214,24535,0.04,0.4,1.23,0.35,0.03,2.98,0.3,NIOZ,2,1,This study,"Kim et al., 2010"
GeoB8333-1,Namibia margin,16.61,-29.12,20,14,9.3,0.54,0.04,0.02,0,0.4,0.01,0.7,0.22,0.07,4298667,315961,125329,37624,3192285,43704,205814,64767,21631,0.1,0.4,1.25,0.37,0,3.52,0.28,NIOZ,2,1,This study,"Kim et al., 2010"
GeoB8338-1,Namibia margin,14.32,-29.5,915,17.3,13.7,0.47,0.07,0.04,0.01,0.4,0.02,0.62,0.26,0.12,1309962,193968,109497,17403,1124638,42299,44411,18645,8801,0.01,0.47,1.32,0.5,0.29,2.5,0.42,NIOZ,2,1,This study,"Kim et al., 2010"
GeoB8343-1,Namibia margin,13.33,-30.85,3089,18.5,15.6,0.41,0.08,0.05,0.01,0.44,0.02,0.59,0.23,0.18,1144803,211868,149161,20705,1228857,54682,28369,11148,8817,0,0.51,1.44,0.6,0.4,1.69,0.48,NIOZ,2,1,This study,"Kim et al., 2010"
GeoB9506-3,West Africa,-18.35,15.61,2964,24.2,16.3,0.26,0.06,0.06,0.01,0.57,0.03,0.49,0.26,0.26,2412787,563178,549814,75022,5265472,316656,41571,21800,22019,0.03,0.63,1.5,0.77,0.57,0.92,0.61,NIOZ,4,1,This study,"Kim et al., 2010"
GeoB9508-4,West Africa,-17.95,15.5,2385,23.5,16.5,0.34,0.07,0.07,0.01,0.48,0.02,0.43,0.29,0.28,7799652,1661026,1582579,139604,10913576,541653,81942,54726,52613,,0.58,1.49,0.85,0.53,0.83,0.56,NIOZ,4,1,This study,"Kim et al., 2010"
GeoB9513-5,West Africa,-17.29,15.32,498,23.5,16.5,0.33,0.07,0.05,0.01,0.53,0.02,0.31,0.31,0.38,12426749,2476145,2069771,348239,19984598,723265,158187,161592,196140,,0.56,1.55,1.07,0.49,1.34,0.54,NIOZ,4,1,This study,"Kim et al., 2010"
GeoB9528-1,West Africa,-17.66,9.17,3053,26.9,17.3,0.31,0.08,0.08,0.01,0.5,0.03,0.56,0.23,0.21,4601428,1124273,1147951,101983,7411262,517614,67128,26798,25063,0.02,0.61,1.48,0.65,0.56,0.79,0.6,NIOZ,1,1,This study,"Kim et al., 2010"
GeoB9535-5,West Africa,-14.96,8.88,666,27.3,17.5,0.2,0.05,0.06,0.01,0.64,0.04,0.26,0.33,0.41,1464909,372986,418969,82563,4637510,286996,29359,36291,45319,0.08,0.68,1.56,1.14,0.6,1.5,0.66,NIOZ,4,1,This study,"Kim et al., 2010"
HB-5,Hudson Bay,-90.71,60.62,128,5.3,-0.1,0.51,0.02,0,0,0.47,0,0.88,0.1,0.02,15831201,480105,132084,63620,14450831,54148,1740748,201746,35760,,0.34,1.15,0.14,-0.55,6,0.1,NIOZ,1,1,This study,"Kim et al., 2010"
HB-6,Hudson Bay,-91.71,60.62,120,3.9,-0.1,0.5,0.01,0,0,0.48,0,0.91,0.08,0.01,2341421,61465,13963,12760,2276818,10335,473234,42765,6399,0.04,0.38,1.13,0.11,-0.7,9.97,0.06,NIOZ,1,1,This study,"Kim et al., 2010"
HON02-015 BEN,Gulf of St. Lawrence,-63.71,49.62,395,5.6,0.9,0.44,0.03,0.01,0,0.5,0.01,0.82,0.13,0.05,966610,73590,27102,7281,1106922,13949,112271,17611,6217,0.14,0.4,1.26,0.22,-0.25,5.84,0.21,NIOZ,1,1,This study,"Kim et al., 2010"
LMG0404-16 ,Antarctic,-55.82,-63.07,743,-1.2,-1.4,0.47,0.01,0,0,0.51,0,0.95,0.04,0.01,11712414,292372,84986,67152,12903812,37740,862191,40778,7928,0.02,0.39,1.16,0.06,-0.48,3.5,0.14,NIOZ,1,1,This study,"Kim et al., 2010"
M2003-08,Norwegian Sea,-1.13,62.77,1601,8.5,7.3,0.53,0.03,0.01,0,0.43,0,0.84,0.13,0.03,23039925,1256844,367167,141597,18557170,187920,1384335,210984,55790,0.03,0.36,1.21,0.2,-0.19,3.65,0.21,NIOZ,2,1,This study,"Kim et al., 2010"
Mokbaai ,North Sea,4.08,53,5,10.7,3,0.54,0.03,0.01,0.01,0.41,0,0.59,0.28,0.13,2332248,151581,50512,31512,1762685,12263,89012,42541,19470,0.62,0.38,1.31,0.54,0.01,3.36,0.28,NIOZ,2,1,This study,"Kim et al., 2010"
NBP0003-28 ,Antarctic,-58.52,-64.37,794,-1.3,-1.6,0.48,0.01,0,0,0.5,0,0.95,0.04,0.01,7203979,200204,52621,33182,7567375,45963,376963,14977,4336,0.04,0.4,1.22,0.06,-0.34,2.56,0.19,NIOZ,1,1,This study,"Kim et al., 2010"
NBP0003-29,Antarctic,-58.44,-64.36,690,-1.3,-1.6,0.51,0.01,0,0,0.47,0,0.96,0.04,0.01,15920491,413344,102065,57229,14675006,67853,590744,21766,5033,0.03,0.35,1.19,0.05,-0.29,1.94,0.18,NIOZ,1,1,This study,"Kim et al., 2010"
NBP0003-30 ,Antarctic,-58.45,-64.28,843,-1.3,-1.6,0.5,0.01,0,0,0.48,0,0.95,0.04,0.01,11791448,293796,75557,53989,11293485,55389,1626420,65484,12538,0.02,0.39,1.16,0.05,-0.66,6.75,0.09,NIOZ,1,1,This study,"Kim et al., 2010"
NBP0107-28 ,Antarctic,-62.05,-64.32,1014,-0.4,-0.1,0.53,0.02,0.01,0,0.43,0,0.94,0.05,0.01,74136636,3035014,753289,415905,59894812,416046,3527663,176761,39924,0.01,0.34,1.18,0.07,-0.23,2.63,0.19,NIOZ,1,1,This study,"Kim et al., 2010"
NBP0107-49 ,Antarctic,-56.38,-63.67,638,-1.2,-1.4,0.46,0.01,0,0,0.52,0,0.94,0.05,0.01,6455667,150631,41657,37912,7322561,30214,325030,17612,3558,0.04,0.42,1.17,0.07,-0.35,2.41,0.19,NIOZ,1,1,This study,"Kim et al., 2010"
NBP0702-15,Antarctic,-125.81,-72.56,425,-1.6,-1.6,0.52,0.02,0,0,0.45,0,0.94,0.05,0.01,1664493,65515,15881,8808,1423397,9760,262047,13492,3220,0.02,0.34,1.19,0.07,-0.6,8.04,0.1,NIOZ,1,1,This study,"Kim et al., 2010"
NBP0702-17,Antarctic,-114.99,-71.54,424,-1.7,-1.6,0.51,0.02,0,0,0.47,0,0.92,0.07,0.02,1439388,53310,13503,6176,1325707,7548,150882,10773,3130,0,0.34,1.23,0.1,-0.5,5.47,0.12,NIOZ,1,1,This study,"Kim et al., 2010"
NBP0702-22,Antarctic,-104.01,-71.75,665,-1.7,-1.7,0.46,0.02,0,0,0.51,0,,,,528268,20543,4928,3510,585494,3404,110115,7439,,0.05,0.37,,,,,0.08,NIOZ,1,1,This study,"Kim et al., 2010"
NBP0702-3,Antarctic,-158.27,-77.47,1081,-0.9,-1.5,0.54,0.02,0,0,0.43,0,0.94,0.05,0.01,11314727,421947,103651,48923,9071467,44221,2080590,109104,19782,0,0.32,1.15,0.07,-0.67,9.52,0.07,NIOZ,1,1,This study,"Kim et al., 2010"
NBP9507-2,Antarctic,-57.49,-62.21,300,-0.5,-1,0.43,0.01,0,0,0.55,0,0.95,0.04,0.01,7608899,214015,57853,32914,9746548,36176,663108,27834,5390,0,0.37,1.16,0.06,-0.52,3.79,0.13,NIOZ,1,1,This study,"Kim et al., 2010"
NIOP 904,Somalia,51.77,10.79,1194,26.1,20.9,0.24,0.07,0.07,0.01,0.57,0.04,0.29,0.28,0.43,2457238,675881,730729,131929,5876514,461159,24360,23402,35810,0.01,0.66,1.6,1.14,0.62,0.8,0.65,NIOZ,2,1,This study,"Kim et al., 2010"
NIOP 906,Somalia,52.13,10.81,2020,26.1,20.9,0.26,0.06,0.07,0.01,0.55,0.05,0.44,0.23,0.33,1128400,271685,310419,46406,2356904,206427,17321,9037,12917,0.01,0.67,1.59,0.89,0.62,0.9,0.66,NIOZ,2,1,This study,"Kim et al., 2010"
NP-07-13-24,Arctic,10.86,79.01,326,0.9,1.1,0.48,0.01,0,0,0.51,0,,,,10534439,166560,72173,42422,11167626,14205,1077842,,,,0.44,,,,,0.09,NIOZ,1,1,This study,"Kim et al., 2010"
NP-07-13-30,Arctic,15.9,80.5,350,0.9,1.8,0.53,0.01,0,0,0.45,0,0.93,0.06,0.01,13835981,324288,107642,58140,11663987,19413,1721886,108158,18767,,0.36,1.15,0.08,-0.65,6.64,0.08,NIOZ,1,1,This study,"Kim et al., 2010"
NP-07-13-31,Arctic,16.28,80.36,398,1.1,1.8,0.54,0.01,0,0,0.44,0,0.94,0.05,0.01,11553638,262102,82334,35390,9277091,13746,1402229,75880,17432,,0.33,1.16,0.07,-0.67,6.58,0.07,NIOZ,1,1,This study,"Kim et al., 2010"
NP-07-13-33,Arctic,17.17,80.1,416,1.2,1.7,0.5,0.01,0,0,0.48,0,0.93,0.06,0.01,20158836,516805,137204,112671,19536862,74331,3555934,219195,38919,0.02,0.39,1.15,0.08,-0.69,8.6,0.07,NIOZ,1,1,This study,"Kim et al., 2010"
NP-07-13-34,Arctic,17.76,79.95,400,1.2,1.7,0.51,0.01,0,0,0.47,0,0.93,0.06,0.01,2213314,56851,16997,13283,2067786,10027,374128,23059,4456,0.03,0.41,1.16,0.08,-0.67,8.4,0.09,NIOZ,1,1,This study,"Kim et al., 2010"
OMEX 98-5,Mediterranean,9.29,41.38,765,17.9,14.4,0.39,0.06,0.04,0.01,0.5,0.01,0.45,0.36,0.19,7881697,1107133,748883,149125,9893907,186688,160526,125577,66958,,0.49,1.35,0.73,0.36,1.74,0.46,NIOZ,2,1,This study,"Kim et al., 2010"
Peru Margin PM1,Peru Margin,-77.32,-11.98,100,19.9,14.8,0.34,0.04,0.03,0.01,0.57,0.01,0.48,0.29,0.23,6362189,785246,551985,147801,10524199,103101,210617,128547,101632,,0.51,1.44,0.75,0.29,2.33,0.45,NIOZ,2,1,This study,"Kim et al., 2010"
Peru Margin PM7,Peru Margin,-78.07,-11.05,250,19.9,14.8,0.29,0.05,0.04,0.01,0.6,0.02,0.44,0.27,0.29,53806942,9065577,7795187,2052531,111549987,3163964,2019453,1223800,1303408,0.02,0.59,1.52,0.84,0.41,2.37,0.54,NIOZ,2,1,This study,"Kim et al., 2010"
SEPT01-07 BEN,Gulf of St. Lawrence,-66.71,50.62,214,5.6,0.9,0.49,0.01,0,0,0.49,0,0.93,0.06,0.01,6081268,165881,45582,32490,6057154,22906,1169685,70507,12842,0.12,0.38,1.15,0.08,-0.7,9.17,0.07,NIOZ,1,1,This study,"Kim et al., 2010"
Station A,Hudson Bay,-79.71,60.62,129,4,0.1,0.48,0.01,0,0,0.49,0,0.89,0.09,0.02,2620728,78878,17124,12969,2664395,13344,373006,37546,6685,0.09,0.36,1.15,0.12,-0.61,7.16,0.09,NIOZ,1,1,This study,"Kim et al., 2010"
Station B,Hudson Bay,-81.71,60.62,156,5.9,0,0.48,0.01,0,0,0.5,0,0.91,0.07,0.01,2808911,75411,16304,12543,2964093,16864,446222,36426,6423,0.09,0.38,1.15,0.1,-0.66,7.66,0.08,NIOZ,1,1,This study,"Kim et al., 2010"
T89-12,Eastern South Atlantic,7.97,-5.2,4068,26.6,17.3,0.37,0.07,0.07,0.01,0.46,0.02,,,,705527,129549,131431,14037,865328,36480,,,,,0.58,,,,,0.58,NIOZ,1,1,This study,"Kim et al., 2010"
T89-14,Eastern South Atlantic,9.69,-3.51,868,25.3,17.7,0.32,0.07,0.06,0.01,0.52,0.02,,,,4960149,1098188,1022819,138829,8166468,350169,,,,,0.58,,,,,0.58,NIOZ,1,1,This study,"Kim et al., 2010"
T89-15,Eastern South Atlantic,10.02,-4.21,1930,25.2,17.5,0.32,0.07,0.07,0.01,0.5,0.03,,,,153573,33969,33286,6473,243510,15880,3119,,,0.12,0.62,,,,,0.6,NIOZ,1,1,This study,"Kim et al., 2010"
T89-16,Eastern South Atlantic,11.23,-5.71,826,25,17.5,0.29,0.07,0.07,0.02,0.52,0.03,,,,120295,28507,30956,7024,218302,12494,,,,0.34,0.64,,,,,0.64,NIOZ,1,1,This study,"Kim et al., 2010"
T89-20,Eastern South Atlantic,11.54,-7.31,1080,26,17.3,0.29,0.07,0.07,0.01,0.53,0.03,0.42,0.28,0.31,6669632,1619052,1654657,242872,12097226,714484,94468,62895,69325,0.13,0.62,1.52,0.89,0.56,0.98,0.6,NIOZ,1,1,This study,"Kim et al., 2010"
T89-21,Eastern South Atlantic,11.99,-7.28,490,26,17.3,0.27,0.07,0.07,0.01,0.55,0.03,0.29,0.31,0.4,3582782,864351,895858,187459,7234132,391643,37138,39572,50101,0.09,0.63,1.56,1.1,0.58,0.95,0.62,NIOZ,1,1,This study,"Kim et al., 2010"
T89-22,Eastern South Atlantic,12.07,-7.13,200,25.1,17.1,0.27,0.07,0.07,0.02,0.55,0.03,0.24,0.31,0.45,1629439,404237,415892,104863,3308045,167625,14063,18369,26142,0.08,0.63,1.59,1.21,0.59,0.96,0.62,NIOZ,1,1,This study,"Kim et al., 2010"
T89-23,Eastern South Atlantic,12.11,-8.51,796,24.9,17,0.28,0.07,0.07,0.01,0.54,0.03,0.33,0.29,0.37,3485840,833608,820478,159654,6660125,354304,38562,33905,42690,0.04,0.62,1.56,1.04,0.57,0.93,0.6,NIOZ,1,1,This study,"Kim et al., 2010"
T89-33,Eastern South Atlantic,11.62,-14.96,2027,23.2,15.7,0.37,0.08,0.06,0.01,0.46,0.02,0.53,0.26,0.21,6171209,1334753,1014364,108445,7698632,412127,88780,43119,35393,0.04,0.53,1.45,0.68,0.48,0.99,0.52,NIOZ,1,1,This study,"Kim et al., 2010"
T89-34,Eastern South Atlantic,11.97,-15.13,999,20.9,15.1,0.33,0.07,0.05,0.01,0.51,0.02,0.43,0.28,0.29,9489025,2057238,1555083,244325,14778992,714181,135058,88534,93550,0.03,0.55,1.51,0.87,0.49,1.09,0.53,NIOZ,1,1,This study,"Kim et al., 2010"
T89-35,Eastern South Atlantic,11.62,-17.29,802,16.6,12.8,0.33,0.06,0.04,0.01,0.54,0.02,0.51,0.28,0.22,14298873,2496232,1782207,356754,23299331,915383,330548,178948,140598,0.02,0.55,1.44,0.71,0.44,1.48,0.52,NIOZ,1,1,This study,"Kim et al., 2010"
T89-40,Eastern South Atlantic,6.78,-21.62,3060,20.1,16.5,0.35,0.08,0.07,0.01,0.47,0.03,,,,172970,40686,32662,3524,231345,13197,,,,0,0.55,,,,,0.55,NIOZ,2,1,This study,"Kim et al., 2010"
303600,Baltic Sea,19.33,56.92,170,8.6,4.6,0.41,0.02,0.01,0,0.56,0,0.89,0.09,0.02,13781204,572853,225807,83872,18439714,106634,1936861,195447,54092,0.01,0.42,1.22,0.14,-0.48,6.18,0.14,NIOZ,2,1,This study,"Sinninghe Damsté et al., 2022"
349190,Baltic Sea,22.97,59.43,94,7.3,2.7,0.47,0.02,0.01,0,0.5,0,0.9,0.07,0.02,17666926,614749,212400,99925,18997565,97365,3074764,253131,70107,0.03,0.4,1.22,0.12,-0.6,8.27,0.1,NIOZ,2,1,This study,"Sinninghe Damsté et al., 2022"
349200,Baltic Sea,26.58,59.78,82,7.3,2.7,0.48,0.02,0.01,0,0.49,0,0.91,0.07,0.02,10812807,405619,157447,59452,11083039,61865,1931778,152327,40938,0.02,0.41,1.21,0.11,-0.59,8.6,0.11,NIOZ,2,1,This study,"Sinninghe Damsté et al., 2022"
370520,Baltic Sea,20.57,58.89,182,8.1,4.4,0.48,0.02,0.01,0,0.49,0,0.85,0.12,0.03,15676864,633221,238261,90077,16059113,104658,2154038,304635,84063,0.01,0.41,1.22,0.19,-0.48,7.19,0.13,NIOZ,2,1,This study,"Sinninghe Damsté et al., 2022"
370531,Baltic Sea,20.26,57.39,232,8.4,5.2,0.43,0.02,0.01,0,0.53,0,0.82,0.14,0.04,13608556,705337,301424,86334,16571243,104695,1659407,289392,83840,0.01,0.41,1.22,0.22,-0.36,6.08,0.17,NIOZ,2,1,This study,"Sinninghe Damsté et al., 2022"
370540,Baltic Sea,20.12,57.28,243,8.4,5.2,0.46,0.02,0.01,0,0.5,0,0.79,0.16,0.05,34601238,1825860,669573,220270,37259603,253317,4285045,868467,243333,0.01,0.39,1.22,0.25,-0.38,6.73,0.16,NIOZ,2,1,This study,"Sinninghe Damsté et al., 2022"
372720,Baltic Sea,15.47,55.26,96,8.2,2.8,0.45,0.02,0.01,0,0.52,0,0.83,0.13,0.04,13745085,744030,274073,86801,15897820,102176,1672183,264397,71584,0.02,0.38,1.21,0.2,-0.38,6.11,0.16,NIOZ,2,1,This study,"Sinninghe Damsté et al., 2022"
372820,Baltic Sea,23.1,65.18,122,5,1,0.45,0.02,0.01,0,0.52,0,0.88,0.09,0.03,16403680,879252,251900,85732,19101300,119656,2489063,259554,71441,0.08,0.34,1.22,0.14,-0.49,7.11,0.12,NIOZ,2,1,This study,"Sinninghe Damsté et al., 2022"
377830,Baltic Sea,18.89,62.85,210,6.1,2.2,0.44,0.02,0.01,0,0.52,0,0.88,0.09,0.03,7078818,367866,106568,34240,8357451,51952,1093777,116286,31493,0.09,0.34,1.21,0.14,-0.5,7.2,0.12,NIOZ,2,1,This study,"Sinninghe Damsté et al., 2022"
377850,Baltic Sea,19.73,61.07,136,6,1.5,0.41,0.04,0.01,0,0.54,0,0.83,0.11,0.06,7412805,661951,197762,66423,9684441,51215,1381161,180557,95343,0.26,0.32,1.35,0.22,-0.4,8.4,0.13,NIOZ,2,1,This study,"Sinninghe Damsté et al., 2022"
377860,Baltic Sea,20.42,58.82,195,8.1,4.4,0.51,0.02,0.01,0,0.46,0,0.82,0.14,0.04,28910156,1366833,506743,166329,26121988,172900,3831195,641141,177353,0.01,0.38,1.22,0.21,-0.44,7.51,0.14,NIOZ,2,1,This study,"Sinninghe Damsté et al., 2022"
EMB046-10 ,North Sea,7.29,57.83,457,9.5,7.4,0.49,0.02,0.01,0,0.47,0,0.83,0.14,0.03,9600458,448194,124602,65907,9198834,45328,846181,138526,34644,0.06,0.34,1.2,0.2,-0.36,4.97,0.15,NIOZ,2,1,This study,"Sinninghe Damsté et al., 2022"
EMB046-20 ,North Sea,9.48,58.53,532,9.4,7.6,0.46,0.02,0.01,0,0.51,0,0.8,0.16,0.04,4080737,197261,51820,30911,4520858,26385,336560,66681,17192,0.09,0.36,1.2,0.24,-0.31,4.51,0.17,NIOZ,2,1,This study,"Sinninghe Damsté et al., 2022"
I Dougo 1,Iberian margin,-8.69,41.13,15,15.9,13.7,0.5,0.04,0.02,0.01,0.43,0,0.51,0.31,0.18,10403137,860996,381348,144397,8891138,61189,176055,106218,60010,,0.41,1.36,0.66,0.23,1.62,0.36,NIOZ,1,1,This study,"Kim et al., 2016"
I Dougo 2,Iberian margin,-8.87,41.15,51,15.9,13.7,0.47,0.04,0.02,0.01,0.46,0,0.5,0.34,0.17,10542956,853408,429231,140866,10277798,65879,299201,213421,104406,,0.43,1.33,0.67,0.16,2.69,0.36,NIOZ,1,1,This study,"Kim et al., 2016"
I Dougo 3,Iberian margin,-9.07,41.24,104,15.9,13.7,0.43,0.05,0.02,0.01,0.49,0.01,0.46,0.34,0.2,19445066,2098642,1078800,397278,22177571,275361,552442,408464,233394,,0.45,1.36,0.73,0.24,2.56,0.4,NIOZ,1,1,This study,"Kim et al., 2016"
I Dougo 4,Iberian margin,-9.08,41.13,110,15.9,13.7,0.4,0.05,0.02,0.01,0.51,0.01,0.46,0.35,0.2,28689129,3439856,1561918,703662,35857225,592974,1021038,774979,447459,0.03,0.45,1.37,0.74,0.22,3.07,0.39,NIOZ,1,1,This study,"Kim et al., 2016"
I Dougo 5,Iberian margin,-9.34,41.14,506,15.9,13.7,0.38,0.06,0.04,0.01,0.48,0.02,0.43,0.33,0.24,3111020,514808,331135,88035,3914999,134814,72066,56104,39494,0.02,0.52,1.41,0.81,0.39,2.03,0.49,NIOZ,1,1,This study,"Kim et al., 2016"
I Dougo 6,Iberian margin,-9.37,41.13,1007,15.9,13.7,0.34,0.07,0.06,0.01,0.51,0.02,0.41,0.35,0.24,4113334,795007,679849,119611,6162483,285974,90964,75987,52479,0.02,0.58,1.41,0.82,0.47,1.77,0.55,NIOZ,1,1,This study,"Kim et al., 2016"
I Dougo 7,Iberian margin,-9.61,41.14,1989,15.9,13.7,0.32,0.07,0.07,0.01,0.49,0.03,0.47,0.31,0.22,2117105,454952,483612,52337,3232911,198236,42404,28425,19831,0.01,0.62,1.41,0.75,0.54,1.37,0.6,NIOZ,1,1,This study,"Kim et al., 2016"
II Mondego 1,Iberian margin,-8.97,40.13,28,16.2,14,0.47,0.04,0.02,0.01,0.46,0.01,0.5,0.34,0.16,1599728,150649,54446,32363,1568387,18367,66994,45255,21288,0.05,0.41,1.32,0.66,0.1,3.75,0.33,NIOZ,1,1,This study,"Kim et al., 2016"
II Mondego 2,Iberian margin,-9.25,40.13,108,16.2,14,0.41,0.05,0.02,0.01,0.5,0.01,0.46,0.34,0.2,4988064,594382,253435,116442,6038505,89497,146822,108264,63187,0.02,0.44,1.37,0.74,0.23,2.57,0.38,NIOZ,1,1,This study,"Kim et al., 2016"
II Mondego 3,Iberian margin,-9.7,40.13,505,16.2,14,0.37,0.07,0.05,0.01,0.49,0.02,0.41,0.33,0.26,2306672,422114,293693,68218,3089435,115227,48914,39655,31114,0.02,0.53,1.44,0.85,0.42,1.87,0.5,NIOZ,1,1,This study,"Kim et al., 2016"
II Mondego 4,Iberian margin,-9.83,40.13,981,16.2,14,0.31,0.07,0.07,0.01,0.52,0.03,0.41,0.34,0.25,4005958,875896,878243,121821,6801065,379661,74462,61206,44374,0.01,0.61,1.42,0.83,0.54,1.36,0.59,NIOZ,1,1,This study,"Kim et al., 2016"
II Mondego 5,Iberian margin,-9.97,40.13,1808,16.2,14,0.31,0.07,0.07,0.01,0.51,0.03,0.46,0.32,0.22,8269623,1792882,1970619,212797,13729058,811044,160500,110423,75302,0.01,0.63,1.41,0.75,0.55,1.28,0.61,NIOZ,1,1,This study,"Kim et al., 2016"
III Estremadura 1,Iberian margin,-9.47,38.95,41,16.5,14.6,0.44,0.05,0.02,0.01,0.47,0.01,0.42,0.36,0.22,1081798,133748,54494,25607,1152099,16958,37019,31471,19166,0.03,0.42,1.38,0.8,0.19,3.43,0.36,NIOZ,1,1,This study,"Kim et al., 2016"
III Estremadura 2,Iberian margin,-9.48,38.93,48,16.5,14.6,0.42,0.05,0.02,0.01,0.48,0.01,0.44,0.35,0.21,1993578,242789,98877,51136,2275748,32741,79307,62839,38787,0.03,0.43,1.38,0.78,0.17,3.71,0.36,NIOZ,1,1,This study,"Kim et al., 2016"
III Estremadura 3,Iberian margin,-9.67,39.03,116,16.4,14.2,0.39,0.05,0.02,0.01,0.52,0.01,0.43,0.33,0.24,21661581,2813162,1258312,584697,28979981,431255,653746,509552,364704,0.01,0.45,1.42,0.81,0.24,2.67,0.4,NIOZ,1,1,This study,"Kim et al., 2016"
III Estremadura 4,Iberian margin,-9.64,38.97,119,16.5,14.6,0.39,0.05,0.02,0.01,0.52,0.01,0.43,0.35,0.22,16795861,2171845,994802,444735,22602523,388955,542038,437988,275084,0.02,0.46,1.39,0.79,0.24,2.81,0.4,NIOZ,1,1,This study,"Kim et al., 2016"
III Estremadura 5,Iberian margin,-10,39.01,259,17,14.6,0.38,0.06,0.04,0.01,0.5,0.01,0.4,0.35,0.25,6408781,1026260,594958,190461,8414082,232017,146220,125480,90159,0.01,0.5,1.42,0.85,0.36,2.1,0.46,NIOZ,1,1,This study,"Kim et al., 2016"
III Estremadura 6,Iberian margin,-10,39.26,308,17,14.6,0.36,0.06,0.04,0.01,0.51,0.02,0.39,0.34,0.27,3441386,607798,376468,110114,4824894,155162,75942,66392,51661,0.01,0.51,1.44,0.87,0.39,2,0.48,NIOZ,1,1,This study,"Kim et al., 2016"
III Estremadura 7,Iberian margin,-10.13,39.34,1100,17,14.6,0.3,0.07,0.07,0.01,0.53,0.03,0.4,0.34,0.26,2692205,620771,633747,87405,4800003,288642,47779,40467,30897,0.01,0.62,1.43,0.86,0.55,1.29,0.6,NIOZ,1,1,This study,"Kim et al., 2016"
III Estremadura 8,Iberian margin,-10.22,39.42,1980,17,14.6,0.31,0.07,0.08,0.01,0.51,0.03,0.47,0.31,0.22,3421433,766928,836860,80020,5595805,356999,67170,44692,31785,0.01,0.62,1.42,0.75,0.55,1.28,0.6,NIOZ,1,1,This study,"Kim et al., 2016"
IV Tagus 1,Iberian margin,-9.36,38.61,20,16.5,14.6,0.46,0.04,0.02,0.01,0.46,0.01,0.47,0.35,0.19,2020870,195292,82163,38563,2006737,25366,58246,42954,23135,0.17,0.43,1.35,0.72,0.19,2.77,0.37,NIOZ,1,1,This study,"Kim et al., 2016"
IV Tagus 2,Iberian margin,-9.36,38.58,48,16.5,14.6,0.44,0.04,0.02,0.01,0.49,0.01,0.46,0.35,0.18,24624425,2376499,964547,457179,27361210,326699,740920,563105,291595,0.07,0.42,1.34,0.72,0.18,2.77,0.36,NIOZ,1,1,This study,"Kim et al., 2016"
IV Tagus 3,Iberian margin,-9.47,38.65,81,16.5,14.6,0.4,0.05,0.02,0.01,0.51,0.01,0.44,0.35,0.21,25345340,2909552,1277202,590356,32146683,432065,839252,655110,394581,0.05,0.44,1.38,0.76,0.21,2.92,0.38,NIOZ,1,1,This study,"Kim et al., 2016"
IV Tagus 4,Iberian margin,-9.37,38.56,94,16.5,14.6,0.42,0.04,0.02,0.01,0.5,0.01,0.45,0.36,0.2,11355876,1195366,518406,237348,13772743,200633,338999,269900,148442,0.07,0.44,1.35,0.75,0.21,2.7,0.38,NIOZ,1,1,This study,"Kim et al., 2016"
IV Tagus 5,Iberian margin,-9.42,38.42,478,16.5,14.6,0.36,0.06,0.04,0.01,0.52,0.02,0.43,0.35,0.22,13430755,2063240,1333630,342041,19112540,567413,324393,263817,163254,0.02,0.52,1.38,0.79,0.38,2,0.48,NIOZ,1,1,This study,"Kim et al., 2016"
IV Tagus 6,Iberian margin,-9.43,38.39,1052,16.5,14.6,0.33,0.06,0.05,0.01,0.52,0.02,0.43,0.34,0.23,21784656,4135175,3564208,581225,34878107,1561501,477610,375458,256703,0.02,0.58,1.41,0.8,0.48,1.64,0.55,NIOZ,1,1,This study,"Kim et al., 2016"
IV Tagus 7,Iberian margin,-9.48,38.23,2432,16.5,14.6,0.31,0.06,0.07,0.01,0.52,0.03,0.48,0.32,0.2,10717954,2217402,2274094,262890,17943293,1027258,234424,156623,96458,0.02,0.62,1.38,0.72,0.53,1.4,0.59,NIOZ,1,1,This study,"Kim et al., 2016"
V Sado 1,Iberian margin,-8.99,38.45,48,16.5,14.6,0.39,0.05,0.02,0.01,0.53,0.01,0.43,0.34,0.23,8463443,983489,403671,194138,11438032,144163,244363,196281,129855,0.07,0.43,1.4,0.8,0.22,2.57,0.38,NIOZ,1,1,This study,"Kim et al., 2016"
V Sado 2,Iberian margin,-9.06,38.42,98,16.5,14.6,0.4,0.05,0.02,0.01,0.51,0.01,0.41,0.37,0.22,15679118,1940672,930288,394339,20055119,339999,526006,468053,279640,0.04,0.46,1.37,0.81,0.23,3.14,0.4,NIOZ,1,1,This study,"Kim et al., 2016"
V Sado 3,Iberian margin,-9.24,38.34,516,16.5,14.6,0.36,0.06,0.04,0.01,0.52,0.02,0.43,0.35,0.22,12476091,2003907,1338239,318643,17817657,572899,296471,245041,155021,0.02,0.53,1.39,0.8,0.39,1.98,0.49,NIOZ,1,1,This study,"Kim et al., 2016"
V Sado 4,Iberian margin,-9.26,38.33,979,16.5,14.6,0.33,0.06,0.06,0.01,0.52,0.02,0.42,0.34,0.24,17478783,3444803,3037688,474150,27867786,1333917,351514,281856,197791,0.02,0.58,1.41,0.82,0.49,1.53,0.56,NIOZ,1,1,This study,"Kim et al., 2016"
S5,Australia,150.85,-35.45,765,20,17.3,0.4,0.07,0.06,0.01,0.45,0.01,0.35,0.29,0.36,4257892,783812,636421,112314,4707378,73986,95160,78736,95728,,0.51,1.55,1,0.39,2.49,0.48,NIOZ,2,1,This study,"Smith et al., 2013"
S8,Australia,154.01,-28.09,586,23.6,21.4,0.41,0.07,0.06,0.01,0.44,0.01,,,,8361416,1488287,1294830,103334,8994789,214629,,,,,0.52,,,,,0.52,NIOZ,2,1,This study,"Smith et al., 2013"
S10,Australia,154.03,-39.66,954,17.2,15.1,0.39,0.07,0.04,0.01,0.48,0.01,0.45,0.32,0.23,10289133,1720648,1098486,229578,12622653,236452,232255,165550,120718,,0.48,1.42,0.78,0.35,1.94,0.44,NIOZ,2,1,This study,"Smith et al., 2013"
LOCO 2008 1-2,Mozambique Channel,43.1,-17.25,1027,26.4,23.1,0.18,0.06,0.1,0.02,0.58,0.05,0.28,0.24,0.48,3880040,1342318,2173693,375807,12216346,1094128,44428,38039,76481,0.02,0.73,1.67,1.2,0.7,0.75,0.72,NIOZ,2,1,This study,"Fallet et al., 2012"
LOCO 2008 2-1,Mozambique Channel,43.16,-17.27,455,26.4,23.1,0.13,0.05,0.08,0.02,0.66,0.05,0.17,0.24,0.58,1846606,728682,1121554,314311,9071137,723005,19661,27387,65875,0.03,0.75,1.71,1.41,0.71,0.81,0.74,NIOZ,2,1,This study,"Fallet et al., 2012"
LOCO 2008 2-2,Mozambique Channel,43.16,-17.27,455,26.4,23.1,0.14,0.06,0.08,0.02,0.63,0.06,0.17,0.23,0.59,3265580,1257214,1902005,531880,14272914,1303048,10224,13716,35073,0.04,0.75,1.72,1.42,0.74,0.26,0.75,NIOZ,2,1,This study,"Fallet et al., 2012"
LOCO 2008 3-1,Mozambique Channel,41.6,-16.92,2768,27.4,22.7,0.21,0.06,0.09,0.01,0.58,0.05,,,,536484,160798,235685,32309,1495611,132638,,,,0.2,0.71,,,,,0.71,NIOZ,2,1,This study,"Fallet et al., 2012"
LOCO 2008 3-2,Mozambique Channel,41.6,-16.92,2768,27.4,22.7,0.14,0.04,0.07,0.01,0.68,0.06,0.43,0.19,0.38,1306138,414263,681432,115050,6440778,578407,24783,11043,21762,0.3,0.77,1.66,0.95,0.73,0.6,0.76,NIOZ,2,1,This study,"Fallet et al., 2012"
LOCO 2008 4-1,Mozambique Channel,40.13,-16.56,1345,27.3,21.9,0.17,0.06,0.09,0.02,0.6,0.06,0.25,0.21,0.54,3826907,1313001,1992581,369762,13293709,1331914,13977,11565,29606,0.1,0.74,1.72,1.28,0.73,0.25,0.74,NIOZ,2,1,This study,"Fallet et al., 2012"
LOCO 2008 4-2,Mozambique Channel,40.13,-16.56,1345,27.3,21.9,0.1,0.04,0.07,0.01,0.72,0.06,0.25,0.23,0.53,796647,282677,505130,109974,5561344,437075,6169,5644,13182,0.22,0.79,1.7,1.28,0.77,0.32,0.78,NIOZ,2,1,This study,"Fallet et al., 2012"
LOCO 2008 5-1,Mozambique Channel,40.87,-16.73,2266,27.3,21.9,0.17,0.06,0.09,0.01,0.61,0.05,0.37,0.2,0.44,807333,271691,437065,59577,2864828,241192,6297,3368,7453,0.08,0.73,1.69,1.07,0.71,0.36,0.73,NIOZ,2,1,This study,"Fallet et al., 2012"
LOCO 2008 5-2,Mozambique Channel,40.87,-16.73,2266,27.3,21.9,0.11,0.04,0.08,0.01,0.68,0.07,0.37,0.19,0.45,3052334,1139471,2172037,379968,18584460,2001002,47070,23734,57120,0.12,0.8,1.71,1.08,0.77,0.47,0.79,NIOZ,2,1,This study,"Fallet et al., 2012"
LOCO 2008 6-1,Mozambique Channel,42.48,-17.1,2198,27.3,22.8,0.2,0.06,0.1,0.01,0.57,0.06,,,,653658,204252,311509,37735,1850754,180796,,,,0.07,0.72,,,,,0.72,NIOZ,2,1,This study,"Fallet et al., 2012"
LOCO 2008 6-2,Mozambique Channel,42.48,-17.1,2198,27.3,22.8,0.15,0.05,0.08,0.01,0.64,0.07,0.4,0.2,0.4,2149040,672670,1107139,162253,8879028,934390,13607,6655,13586,0.08,0.77,1.67,1,0.75,0.24,0.76,NIOZ,2,1,This study,"Fallet et al., 2012"
VA06-399VL,Mozambique Channel,35.75,-20.97,510,26,,0.22,0.07,0.08,0.02,0.58,0.04,0.2,0.28,0.52,9290464,2773483,3376290,717849,24248305,1757585,98430,138010,260240,0.06,0.68,1.65,1.33,0.63,1.16,0.67,NIOZ,2,1,This study,
VA02-340GR,Mozambique Channel,36.93,-19.33,450,26.3,,0.23,0.07,0.07,0.02,0.57,0.03,0.27,0.25,0.49,331274,95701,105198,25820,817243,46665,6778,6299,12479,0.1,0.65,1.66,1.22,0.57,1.77,0.63,NIOZ,2,1,This study,
VA02-408VL,Mozambique Channel,38.17,-19.19,1935,26.8,22,0.26,0.07,0.09,0.01,0.53,0.05,0.38,0.23,0.39,13347962,3475270,4660753,694152,27517892,2506226,224866,135924,227926,0.13,0.69,1.63,1.01,0.64,1.12,0.68,NIOZ,2,1,This study,
VA02-460KL,Mozambique Channel,38.14,-17.71,260,27,21.8,0.18,0.07,0.06,0.02,0.65,0.02,0.13,0.23,0.65,5442803,1948463,1802337,729637,19335947,699823,17387,31291,89289,0.2,0.62,1.74,1.52,0.6,0.46,0.62,NIOZ,2,1,This study,
VA02-556GR,Mozambique Channel,40.76,-15.12,207,27.4,22.8,0.2,0.07,0.06,0.03,0.61,0.03,0.18,0.23,0.59,263623,86811,82856,37215,811726,39336,3827,4868,12564,0.12,0.65,1.72,1.41,0.58,1.58,0.64,NIOZ,2,1,This study,
VA02-404VL,Mozambique Channel,37.41,-19.26,1475,26.8,21.6,0.23,0.07,0.09,0.01,0.56,0.05,0.3,0.26,0.44,5346033,1529421,1999505,329582,13124858,1059042,80911,70006,120936,0.12,0.69,1.63,1.15,0.64,1.15,0.68,NIOZ,2,1,This study,
VA02-474VL,Mozambique Channel,39.2,-17.1,298,27,21.8,0.16,0.07,0.07,0.03,0.66,0.03,0.11,0.19,0.7,13823035,5864526,5874441,2251886,57772902,2481904,152457,258821,948555,0.2,0.64,1.79,1.59,0.59,1.52,0.64,NIOZ,2,1,This study,
VA02-65VL,Mozambique Channel,36.67,-19.77,690,26.3,,0.22,0.07,0.08,0.02,0.58,0.04,0.18,0.3,0.52,8322646,2512680,3045190,661646,21842442,1581007,109946,183403,318810,0.11,0.68,1.63,1.34,0.62,1.59,0.67,NIOZ,2,1,This study,
VA02-439RKL,Mozambique Channel,37.85,-18.13,1210,26.3,19.3,0.22,0.07,0.08,0.02,0.58,0.04,0.22,0.27,0.52,1032780,328521,383656,75365,2768903,178432,13416,16441,31919,0.17,0.66,1.66,1.3,0.61,1.28,0.65,NIOZ,2,1,This study,
VA02-561RKL,Mozambique Channel,41.31,-16,2560,27.4,22.7,0.24,0.07,0.09,0.01,0.54,0.05,0.43,0.19,0.39,456627,122605,172345,27379,1016591,88773,11000,4858,9991,0.47,0.7,1.67,0.96,0.64,1.35,0.68,NIOZ,2,1,This study,
VA02-373GR,Mozambique Channel,37.23,-18.6,392,26.3,19.3,0.21,0.07,0.07,0.02,0.6,0.03,0.18,0.24,0.58,928059,290627,314966,75834,2625912,145226,10367,13986,33955,0.14,0.65,1.71,1.4,0.59,1.31,0.64,NIOZ,2,1,This study,
VA02-432GR,Mozambique Channel,37.53,-18.17,365,26.3,19.3,0.2,0.06,0.08,0.02,0.61,0.03,0.14,0.21,0.65,5561329,1756225,2092318,615113,16770549,906261,65417,96655,296721,0.2,0.67,1.75,1.5,0.61,1.63,0.66,NIOZ,2,1,This study,
VA02-41VL,Mozambique Channel,36.93,-19.62,1100,26.3,,0.21,0.06,0.08,0.02,0.59,0.04,0.23,0.28,0.49,3237611,949534,1269787,230140,8906477,630171,38436,46893,81866,0.09,0.69,1.64,1.26,0.64,1.09,0.68,NIOZ,2,1,This study,
VA02-515BGR,Mozambique Channel,40.28,-16.12,695,27.3,21.9,0.19,0.06,0.07,0.03,0.62,0.03,,,,95410,31624,32095,12819,305977,14850,,,,0.37,0.65,,,,,0.65,NIOZ,2,1,This study,
VA02-545GR,Mozambique Channel,40.63,-15.59,912,27.4,22.8,0.18,0.06,0.07,0.03,0.64,0.03,0.21,0.22,0.57,709616,237494,254362,106476,2461755,105729,12503,13157,33851,0.14,0.66,1.72,1.36,0.59,1.51,0.65,NIOZ,2,1,This study,
VA02-551RKL,Mozambique Channel,41.42,-15,2803,27.4,22.8,0.23,0.06,0.08,0.01,0.56,0.05,0.44,0.21,0.35,1282630,349330,446415,73369,3041247,265221,29653,14209,24104,0.43,0.69,1.63,0.92,0.63,1.23,0.67,NIOZ,2,1,This study,
VA02-555FGR,Mozambique Channel,40.7,-15.15,755,27.4,22.8,0.21,0.06,0.07,0.02,0.61,0.03,0.21,0.26,0.54,4262239,1273382,1396740,443043,12702094,703140,61780,76508,160992,0.2,0.67,1.68,1.33,0.6,1.42,0.66,NIOZ,2,1,This study,
VA02-546,Mozambique Channel,40.61,-15.6,650,27.4,22.8,0.19,0.06,0.07,0.03,0.62,0.03,0.21,0.24,0.55,11166286,3697697,3905859,1579768,37303403,2077375,180962,211130,488574,0.16,0.67,1.7,1.35,0.61,1.45,0.66,NIOZ,2,1,This study,
VA02-039,Mozambique Channel,36.72,-20,13,26.4,21,0.22,0.06,0.08,0.02,0.58,0.04,0.26,0.27,0.47,2574613,728397,907566,175134,6786255,471163,35715,36231,64575,0.08,0.68,1.64,1.21,0.63,1.16,0.67,NIOZ,2,1,This study,
VA02-040,Mozambique Channel,37.07,-20,29,26.5,22.2,0.25,0.06,0.08,0.01,0.55,0.04,0.36,0.27,0.38,4480529,1149330,1480251,212633,10135385,809360,93765,70079,100048,0.17,0.69,1.59,1.02,0.62,1.42,0.67,NIOZ,2,1,This study,
VA02-547,Mozambique Channel,40.59,-15.6,405,27.4,22.8,0.19,0.07,0.07,0.03,0.6,0.03,0.15,0.23,0.62,17932397,6238502,6910596,2548675,55940958,3215416,256807,378428,1039289,0.1,0.67,1.73,1.47,0.6,1.77,0.66,NIOZ,2,1,This study,
VA02-038,Mozambique Channel,36.58,-19.89,34,26.3,,0.22,0.07,0.08,0.02,0.57,0.04,0.2,0.29,0.52,5129099,1566307,1898721,396612,13319849,948882,76627,113458,202005,0.12,0.67,1.64,1.32,0.61,1.66,0.66,NIOZ,2,1,This study,
VA02-473,Mozambique Channel,39.14,-17.15,302,27,21.8,0.14,0.06,0.05,0.02,0.71,0.02,0.1,0.19,0.71,1025031,419735,386720,135288,5185927,129073,9644,17615,67066,0.2,0.61,1.79,1.61,0.55,1.28,0.6,NIOZ,2,1,This study,
VA02-105,Mozambique Channel,37.13,-18.95,250,26.3,19.3,0.19,0.07,0.07,0.02,0.63,0.03,0.14,0.22,0.64,2101305,757848,770019,224916,7093010,389843,21967,35049,102872,0.07,0.65,1.75,1.51,0.59,1.39,0.64,NIOZ,2,1,This study,
VA02-501,Mozambique Channel,39.78,-16.61,264,27.3,21.9,0.14,0.06,0.05,0.03,0.7,0.02,0.09,0.17,0.74,7823781,3420248,2984216,1427265,39003528,1033914,65035,126871,560544,0.24,0.61,1.82,1.66,0.56,1.33,0.61,NIOZ,2,1,This study,
VA02-441,Mozambique Channel,37.77,-17.9,360,27,21.8,0.18,0.07,0.06,0.02,0.64,0.03,0.14,0.22,0.64,16797705,6210542,5676026,2008993,60490253,3061887,200374,311040,927415,0.12,0.63,1.75,1.51,0.57,1.5,0.63,NIOZ,2,1,This study,
VA02-464,Mozambique Channel,38.64,-17.38,340,27,21.8,0.16,0.07,0.07,0.03,0.65,0.03,0.11,0.2,0.69,13800776,6076420,5717847,2201014,56010959,2355509,148464,271138,942664,0.14,0.63,1.78,1.58,0.57,1.56,0.62,NIOZ,2,1,This study,
VA02-515GR,Mozambique Channel,40.31,-16.11,470,27.3,21.9,0.2,0.06,0.07,0.02,0.61,0.04,0.17,0.24,0.59,11462794,3696619,3941471,1312704,34997678,2146472,147862,204043,497950,0.13,0.67,1.71,1.41,0.61,1.46,0.66,NIOZ,2,1,This study,
VA02-515AGR,Mozambique Channel,40.29,-16.11,578,27.3,21.9,0.16,0.06,0.07,0.02,0.65,0.03,0.17,0.21,0.63,2774215,1055183,1186202,423884,11339513,556664,45224,56234,170518,0.31,0.67,1.75,1.46,0.61,1.54,0.66,NIOZ,2,1,This study,
10,Pakistan Margin,64.3,24.86,784,26.8,22.1,0.11,0.04,0.07,0.02,0.7,0.07,0.11,0.24,0.65,7902097,3170877,4854168,1185257,51698361,4993130,58945,121614,334926,0.01,0.78,1.73,1.54,0.75,0.69,0.77,NIOZ,2,1,This study,
12,Pakistan Margin,64.3,24.86,789,26.8,22.1,0.11,0.04,0.06,0.01,0.72,0.06,,,,1950889,750663,1010801,268792,12961951,1019340,,,,0.01,0.75,,,,,0.75,NIOZ,2,1,This study,
18,Pakistan Margin,64.3,24.96,228,26.8,22.1,0.13,0.04,0.06,0.01,0.69,0.06,,,,1616850,561220,732321,182092,8780775,791151,,,,0.01,0.75,,,,,0.75,NIOZ,2,1,This study,
20,Pakistan Margin,64.3,24.85,,26.8,22.1,0.12,0.04,0.06,0.02,0.71,0.06,0.15,0.24,0.62,2665319,993081,1310822,352168,16117513,1255474,4698,7755,19925,0.01,0.75,1.72,1.47,0.74,0.14,0.75,NIOZ,2,1,This study,
23,Pakistan Margin,64.29,24.88,690,26.8,22.1,0.11,0.04,0.06,0.02,0.71,0.06,,,,1891766,741661,1081375,270922,12172545,1096220,,,,0.01,0.77,,,,,0.77,NIOZ,2,1,This study,
24,Pakistan Margin,64.31,24.78,1204,26.8,22.1,0.12,0.05,0.06,0.02,0.7,0.06,0.15,0.26,0.59,2620498,991318,1339724,373571,15278336,1376089,4442,7559,16926,0.01,0.76,1.69,1.43,0.75,0.13,0.76,NIOZ,2,1,This study,
28,Pakistan Margin,64.25,24.69,1017,26.8,22.1,0.1,0.04,0.06,0.01,0.72,0.07,,,,1286826,517572,759608,185033,9012923,822021,,,,0.01,0.77,,,,,0.77,NIOZ,2,1,This study,
29,Pakistan Margin,64.33,24.81,1492,26.8,22.1,0.15,0.05,0.06,0.01,0.68,0.05,0.24,0.22,0.54,4248003,1376343,1781041,433495,19859045,1538985,22373,21325,51302,0.02,0.73,1.71,1.3,0.71,0.32,0.73,NIOZ,2,1,This study,
34,Pakistan Margin,64.29,24.9,667,26.8,22.1,0.11,0.04,0.06,0.02,0.72,0.06,,,,368257,141495,200631,52479,2406100,192521,,,,0.02,0.76,,,,,0.76,NIOZ,2,1,This study,
39KG,Pakistan Margin,65.92,24.83,695,26.6,22.2,0.11,0.04,0.06,0.02,0.72,0.05,,,,598734,249688,323814,94811,4116555,296573,,,,0.01,0.74,,,,,0.74,NIOZ,2,1,This study,
42,Pakistan Margin,65.98,24.61,313,26.6,22.2,0.12,0.05,0.07,0.02,0.69,0.05,0.11,0.22,0.67,5639849,2254793,2995494,859746,31702710,2295361,4209,8330,24961,0.01,0.73,1.75,1.55,0.73,0.08,0.73,NIOZ,2,1,This study,
44,Pakistan Margin,66.02,24.62,258,26.2,,0.13,0.05,0.06,0.02,0.69,0.04,0.12,0.26,0.62,3181365,1238136,1525637,468059,16931500,1085242,4468,9616,22954,0.01,0.71,1.7,1.5,0.71,0.15,0.71,NIOZ,2,1,This study,
46,Pakistan Margin,65.7,24.55,1657,26.6,22.2,0.14,0.05,0.06,0.02,0.68,0.05,0.26,0.24,0.51,8585747,2989937,3721955,903055,40304759,3074098,9682,8992,19255,0.01,0.72,1.68,1.25,0.72,0.06,0.72,NIOZ,2,1,This study,
53,Pakistan Margin,65.92,24.81,825,26.6,22.2,0.12,0.05,0.06,0.02,0.71,0.05,0.12,0.25,0.63,4381829,1703242,2210367,600692,25956841,1760819,35333,71696,183408,0.01,0.73,1.72,1.51,0.69,0.79,0.72,NIOZ,2,1,This study,
54,Pakistan Margin,65.47,24.53,2462,26.6,22.2,0.15,0.05,0.06,0.02,0.68,0.05,0.24,0.25,0.52,5116341,1683713,2172901,553149,23655186,1773412,80923,83589,174813,0.01,0.73,1.68,1.28,0.68,0.96,0.72,NIOZ,2,1,This study,
58,Pakistan Margin,65.82,24.78,876,26.6,22.2,0.11,0.04,0.05,0.02,0.72,0.05,0.17,0.23,0.59,2890848,1091488,1372770,403290,18319377,1268541,3973,5370,13592,0.01,0.74,1.72,1.42,0.73,0.09,0.74,NIOZ,2,1,This study,
66,Pakistan Margin,66.16,24.64,120,26.2,,0.14,0.05,0.06,0.02,0.69,0.03,0.12,0.22,0.66,2537483,940131,997353,327384,12230481,612790,4888,8668,26195,0.02,0.67,1.75,1.54,0.66,0.22,0.67,NIOZ,2,1,This study,
69,Pakistan Margin,66.07,24.89,134,26.2,,0.15,0.05,0.05,0.02,0.7,0.03,,,,1384500,495621,506401,179140,6640656,296315,,,,0.02,0.66,,,,,0.66,NIOZ,2,1,This study,
72,Pakistan Margin,65.76,24.65,1403,26.6,22.2,0.13,0.05,0.06,0.02,0.7,0.05,0.19,0.25,0.57,2136346,765760,955642,272798,11816945,832564,3255,4364,9963,0.01,0.73,1.7,1.38,0.72,0.1,0.73,NIOZ,2,1,This study,
76,Pakistan Margin,65.69,24.68,1168,26.6,22.2,0.12,0.04,0.05,0.01,0.72,0.05,0.14,0.26,0.6,3582474,1280506,1582322,445049,21433037,1447027,32002,59885,138412,0.01,0.73,1.7,1.46,0.69,0.77,0.73,NIOZ,2,1,This study,
87,Pakistan Margin,64.22,23.59,1782,27.1,22.4,0.18,0.04,0.06,0.01,0.65,0.05,0.35,0.26,0.4,948419,232446,293792,68753,3360210,271775,18720,13808,21530,0.03,0.73,1.61,1.05,0.67,1.03,0.72,NIOZ,2,1,This study,
95,Pakistan Margin,65.65,22.49,2111,27.2,22.5,0.17,0.04,0.06,0.01,0.66,0.06,,,,1327956,338479,432258,105515,5185205,451183,,,,0.02,0.75,,,,,0.75,NIOZ,2,1,This study,
97,Pakistan Margin,66.47,23.17,485,26.8,20.1,0.09,0.04,0.06,0.02,0.73,0.06,,,,355973,150940,207422,62682,2739458,231049,,,,0.01,0.77,,,,,0.77,NIOZ,2,1,This study,
99,Pakistan Margin,66.35,22.93,1506,27.1,22.5,0.12,0.04,0.06,0.02,0.7,0.06,0.25,0.24,0.51,4399243,1542130,2138575,559049,25808255,2265446,5532,5409,11344,0.01,0.76,1.68,1.26,0.76,0.06,0.76,NIOZ,2,1,This study,
107,Pakistan Margin,66.51,23.06,992,26.8,20.1,0.1,0.04,0.06,0.02,0.73,0.06,,,,683388,280867,385777,110976,4949442,409343,,,,0.01,0.76,,,,,0.76,NIOZ,2,1,This study,
112,Pakistan Margin,66.5,23.12,572,26.8,20.1,0.1,0.04,0.05,0.02,0.74,0.06,,,,549005,223330,308036,96242,4228918,338091,,,,0.01,0.77,,,,,0.77,NIOZ,2,1,This study,
113,Pakistan Margin,66.61,23.19,287,26.8,20.1,0.11,0.05,0.06,0.02,0.72,0.05,,,,777338,308242,396353,124491,4906866,330544,,,,0.02,0.73,,,,,0.73,NIOZ,2,1,This study,
115,Pakistan Margin,66.19,22.73,1796,27.1,22.5,0.14,0.04,0.06,0.01,0.68,0.06,0.36,0.2,0.45,2971202,912980,1241642,308030,14334608,1266007,5914,3278,7452,0.02,0.76,1.69,1.09,0.75,0.08,0.75,NIOZ,2,1,This study,
120,Pakistan Margin,66.89,23.47,96,26.8,20.1,0.14,0.05,0.05,0.02,0.71,0.03,0.12,0.23,0.65,2107410,808637,836400,305035,11068214,426071,21216,39684,115269,0.02,0.66,1.74,1.53,0.61,1.12,0.65,NIOZ,2,1,This study,
124,Pakistan Margin,66.71,23.28,136,26.8,20.1,0.13,0.05,0.06,0.02,0.71,0.04,0.12,0.22,0.66,2981435,1144394,1302028,411370,15985783,814103,24653,45921,137257,0.02,0.69,1.75,1.54,0.65,0.91,0.68,NIOZ,2,1,This study,
129,Pakistan Margin,66.67,23.24,185,26.8,20.1,0.14,0.05,0.06,0.02,0.7,0.04,0.13,0.25,0.62,7284318,2602442,2943932,974689,36620475,2109300,10025,18437,45984,0.02,0.7,1.71,1.48,0.69,0.14,0.7,NIOZ,2,1,This study,
135,Pakistan Margin,66.49,23.18,402,26.8,20.1,0.11,0.04,0.05,0.02,0.73,0.05,,,,2545916,1001168,1280398,399694,17223813,1305246,,,,0.01,0.75,,,,,0.75,NIOZ,2,1,This study,
142,Pakistan Margin,65.83,24.78,865,26.6,22.2,0.11,0.04,0.06,0.02,0.71,0.06,,,,1026458,409248,563977,154522,6490041,558335,,,,0.01,0.76,,,,,0.76,NIOZ,2,1,This study,
143,Pakistan Margin,65.74,24.75,1281,26.6,22.2,0.12,0.05,0.06,0.02,0.71,0.05,,,,589053,217626,274852,79436,3353233,237056,,,,0.01,0.73,,,,,0.73,NIOZ,2,1,This study,
144,Pakistan Margin,65.59,24.61,1943,26.6,22.2,0.14,0.05,0.06,0.02,0.68,0.05,,,,139739,52183,63277,17749,704009,53466,,,,0.01,0.72,,,,,0.72,NIOZ,2,1,This study,
153,Pakistan Margin,65.91,24.83,832,26.6,22.2,0.13,0.05,0.06,0.02,0.7,0.05,,,,244312,95681,105932,34968,1339516,88205,,,,0.01,0.71,,,,,0.71,NIOZ,2,1,This study,
155,Pakistan Margin,65.23,25.04,671,26.6,22.2,0.12,0.05,0.06,0.02,0.7,0.05,0.11,0.23,0.66,5479851,2181071,2970205,797271,32617111,2352984,37591,78034,223495,0.01,0.74,1.74,1.55,0.7,0.73,0.73,NIOZ,2,1,This study,
158,Pakistan Margin,66.15,24.93,97,26.2,,0.16,0.05,0.05,0.02,0.69,0.03,0.12,0.23,0.65,4619507,1618808,1554801,544276,20444367,780078,41468,76198,215063,0.02,0.64,1.74,1.52,0.59,1.11,0.63,NIOZ,2,1,This study,
163,Pakistan Margin,66.64,23.22,239,26.8,20.1,0.14,0.05,0.06,0.02,0.68,0.05,0.13,0.23,0.64,7679022,2814712,3315942,1020299,36659270,2478113,62709,111313,313606,0.03,0.71,1.74,1.51,0.67,0.9,0.7,NIOZ,2,1,This study,
164,Pakistan Margin,67.06,22.79,643,26.7,22.3,0.1,0.04,0.06,0.02,0.72,0.06,,,,2145278,906309,1234017,381874,15323580,1324707,,,,0.01,0.76,,,,,0.76,NIOZ,2,1,This study,
168,Pakistan Margin,66.82,22.64,1283,27.1,22.5,0.1,0.04,0.06,0.01,0.72,0.06,0.17,0.22,0.61,4224368,1607104,2271066,604731,29481247,2645832,31349,42253,116053,0.01,0.77,1.73,1.45,0.75,0.46,0.77,NIOZ,2,1,This study,
173,Pakistan Margin,66.88,23.04,1192,26.8,20.1,0.12,0.05,0.06,0.02,0.7,0.05,0.16,0.23,0.61,2489211,950879,1131938,320554,14097976,1055460,24087,35261,91272,0.03,0.73,1.72,1.45,0.69,0.75,0.72,NIOZ,2,1,This study,
183,Pakistan Margin,66.71,22.66,1534,27.1,22.5,0.14,0.05,0.06,0.01,0.68,0.06,0.26,0.23,0.52,7255464,2374988,3075188,746428,35209292,3131817,88621,78376,178757,0.01,0.75,1.7,1.26,0.71,0.66,0.74,NIOZ,2,1,This study,
1,Pakistan Margin,65.61,25.41,,26.6,22.2,0.22,0.06,0.05,0.02,0.63,0.02,,,,149096,40207,30840,11376,420703,12928,,,,0.32,0.58,,,,,0.58,NIOZ,2,1,This study,
2,Pakistan Margin,66,25.23,,26.2,,0.19,0.05,0.03,0.02,0.7,0.01,0.16,0.25,0.59,2110124,584312,376236,168073,7798849,123266,3122,4878,11367,0.06,0.53,1.7,1.43,0.52,0.17,0.53,NIOZ,2,1,This study,
3,Pakistan Margin,66,25.1,,26.2,,0.17,0.05,0.04,0.02,0.7,0.02,0.17,0.28,0.55,1889013,589402,467734,188181,7607470,202855,3796,6277,12313,0.03,0.59,1.66,1.38,0.58,0.2,0.59,NIOZ,2,1,This study,
8,Pakistan Margin,66,24.17,,26.2,,0.14,0.05,0.06,0.02,0.69,0.03,0.13,0.22,0.65,7419210,2784885,2845837,1042233,35398064,1765552,76420,126681,377111,0.02,0.67,1.75,1.52,0.62,1.12,0.66,NIOZ,2,1,This study,
12,Pakistan Margin,66.68,24.76,,26.2,,0.17,0.06,0.04,0.02,0.7,0.01,,,,220299,74767,57551,25407,935672,18878,,,,0.07,0.58,,,,,0.58,NIOZ,2,1,This study,
16,Pakistan Margin,67,24.57,,26.2,,0.19,0.06,0.05,0.02,0.66,0.01,,,,93347,30287,23833,9155,323384,7180,,,,0.16,0.57,,,,,0.57,NIOZ,2,1,This study,
20,Pakistan Margin,67.02,24.21,,26.2,,0.18,0.05,0.04,0.02,0.69,0.01,0.14,0.24,0.63,636157,194642,153064,57496,2453761,45124,7712,13065,34816,0.22,0.57,1.73,1.49,0.49,1.55,0.56,NIOZ,2,1,This study,
28,Pakistan Margin,66.92,23.26,,26.8,20.1,0.14,0.05,0.05,0.02,0.7,0.03,0.19,0.21,0.6,3383720,1267838,1286156,477945,16658947,734759,5982,6674,19161,0.04,0.66,1.74,1.41,0.66,0.13,0.66,NIOZ,2,1,This study,
29,Pakistan Margin,66.9,22.92,,27.1,22.5,0.12,0.04,0.05,0.02,0.71,0.05,0.14,0.23,0.63,5794393,2172209,2607548,859915,34753864,2569148,64631,101157,282518,0.02,0.74,1.74,1.49,0.69,0.91,0.73,NIOZ,2,1,This study,
30,Pakistan Margin,67.01,22.92,,26.7,22.3,0.13,0.05,0.06,0.02,0.69,0.04,,,,179826,69211,77357,28070,936869,59851,,,,0.04,0.7,,,,,0.7,NIOZ,2,1,This study,
33,Pakistan Margin,67.63,23.23,,26.2,,0.22,0.06,0.04,0.01,0.66,0.01,,,,659395,186532,124658,45220,2014438,35444,,,,0.11,0.52,,,,,0.52,NIOZ,2,1,This study,
MC1,Pakistan Margin,65.77,24.75,1256,26.6,22.2,0.12,0.05,0.05,0.02,0.71,0.05,0.15,0.26,0.58,4180899,1523055,1830379,537636,24050804,1658451,11366,19214,42846,0.01,0.73,1.69,1.43,0.71,0.22,0.72,NIOZ,2,1,This study,
MC2,Pakistan Margin,66.08,24.63,196,26.2,,0.14,0.05,0.06,0.02,0.69,0.03,0.13,0.26,0.62,7664502,2826374,3065210,1067945,37391204,1853681,6342,12894,30781,0.02,0.68,1.7,1.49,0.67,0.09,0.68,NIOZ,2,1,This study,
MC3,Pakistan Margin,66.08,24.63,247,26.2,,0.12,0.05,0.06,0.02,0.71,0.04,,,,727423,290707,356661,114459,4196461,253587,,,,0.01,0.71,,,,,0.71,NIOZ,2,1,This study,
MC4,Pakistan Margin,66.07,24.64,285,26.2,,0.12,0.05,0.06,0.02,0.7,0.05,0.11,0.23,0.65,6291999,2493379,3123054,960017,35672786,2349445,17253,36252,100858,0.01,0.72,1.74,1.54,0.71,0.3,0.72,NIOZ,2,1,This study,
MC5,Pakistan Margin,66.05,24.64,386,26.2,,0.12,0.06,0.06,0.02,0.7,0.05,,,,25858,11789,12071,4631,148968,10558,,,,0,0.7,,,,,0.7,NIOZ,2,1,This study,
MC6,Pakistan Margin,66.02,24.65,543,26.2,,0.11,0.04,0.05,0.02,0.73,0.04,0.15,0.27,0.59,1776160,678297,851507,264374,11387317,695497,4487,7998,17656,0.01,0.73,1.69,1.44,0.72,0.19,0.73,NIOZ,2,1,This study,
1C,Berau delta,117.68,2.18,2,28.7,23.4,0.59,0.08,0.09,0.02,0.21,0.01,,,,343501,43826,51504,10736,124553,8130,,,,0.93,0.62,,,,,0.62,NIOZ,2,1,This study,"Sinninghe Damsté et al., 2016"
2A,Berau delta,117.91,2.15,4,28.7,23.4,0.19,0.06,0.07,0.03,0.65,0.01,,,,238099,69469,81940,35257,792788,11337,,,,0.63,0.65,,,,,0.65,NIOZ,2,1,This study,"Sinninghe Damsté et al., 2016"
2B,Berau delta,117.86,2.2,2,28.7,23.4,0.21,0.06,0.08,0.03,0.61,0.01,0.09,0.12,0.79,1151708,306661,419434,163776,3289803,44584,4818,6538,43213,0.52,0.67,1.87,1.7,0.63,1,0.67,NIOZ,2,1,This study,"Sinninghe Damsté et al., 2016"
3A,Berau delta,117.9,2.08,4,28.7,23.4,0.22,0.06,0.07,0.03,0.61,0.01,,,,527540,134461,158063,67583,1440889,21575,,,,0.66,0.65,,,,,0.65,NIOZ,2,1,This study,"Sinninghe Damsté et al., 2016"
4B,Berau delta,118.04,2.2,5,28.7,23.4,0.14,0.05,0.06,0.03,0.7,0.01,,,,68642,25611,30605,13973,333560,7021,,,,0.39,0.67,,,,,0.67,NIOZ,2,1,This study,"Sinninghe Damsté et al., 2016"
8A,Berau delta,117.97,2.17,1,28.7,23.4,0.17,0.05,0.06,0.03,0.67,0.01,0.08,0.12,0.8,893263,284669,305467,151689,3504382,53571,4837,6948,48538,0.57,0.64,1.87,1.72,0.59,1.15,0.64,NIOZ,2,1,This study,"Sinninghe Damsté et al., 2016"
8B,Berau delta,117.81,2.12,5,28.7,23.4,0.32,0.09,0.08,0.03,0.47,0.01,,,,487145,138333,122544,46788,724327,20100,,,,0.77,0.58,,,,,0.58,NIOZ,2,1,This study,"Sinninghe Damsté et al., 2016"
10A,Berau delta,118.05,2.1,13,28.7,23.4,0.16,0.05,0.05,0.02,0.7,0.01,0.09,0.14,0.77,703445,231601,220145,96489,3018277,47352,4311,6600,37520,0.47,0.61,1.85,1.69,0.56,1.11,0.61,NIOZ,2,1,This study,"Sinninghe Damsté et al., 2016"
11A,Berau delta,118.03,2.03,4,28.7,23.4,0.2,0.06,0.06,0.02,0.65,0.01,,,,286561,82243,91187,35185,924976,12638,,,,0.6,0.63,,,,,0.63,NIOZ,2,1,This study,"Sinninghe Damsté et al., 2016"
11B,Berau delta,118.13,1.97,30,28.7,23.4,0.12,0.05,0.04,0.02,0.75,0.01,0.08,0.16,0.76,817832,336471,261996,121360,4975449,87877,6094,12357,57782,0.19,0.58,1.82,1.68,0.53,1.14,0.58,NIOZ,2,1,This study,"Sinninghe Damsté et al., 2016"
12A,Berau delta,118.04,1.94,20,28.7,23.4,0.15,0.05,0.05,0.02,0.73,0.01,0.08,0.15,0.77,843523,306668,269287,115650,4207906,51495,5606,9991,51585,0.35,0.59,1.84,1.68,0.53,1.15,0.58,NIOZ,2,1,This study,"Sinninghe Damsté et al., 2016"
12B,Berau delta,118.12,1.84,25,28.7,23.4,0.12,0.05,0.04,0.02,0.75,0.01,0.07,0.18,0.75,1009463,408722,338924,144404,6157060,100720,7857,19213,81168,0.16,0.59,1.81,1.68,0.52,1.31,0.58,NIOZ,2,1,This study,"Sinninghe Damsté et al., 2016"
13B,Berau delta,118,1.89,4,28.7,23.4,0.16,0.06,0.06,0.02,0.68,0.01,0.08,0.14,0.78,561985,218612,220408,85044,2325879,25386,3037,5158,29546,0.33,0.6,1.85,1.7,0.56,1.09,0.6,NIOZ,2,1,This study,"Sinninghe Damsté et al., 2016"
15B,Berau delta,117.84,2.02,6,28.7,23.4,0.15,0.05,0.06,0.03,0.71,0.01,0.08,0.11,0.81,952461,339918,368141,166991,4492613,49244,5353,7181,54410,0.45,0.63,1.88,1.73,0.58,1.04,0.63,NIOZ,2,1,This study,"Sinninghe Damsté et al., 2016"
18A,Berau delta,118.05,1.94,7,28.7,23.4,0.15,0.06,0.05,0.02,0.71,0.01,0.09,0.14,0.77,6076547,2313885,2062449,885990,29280831,408421,45986,72449,387216,0.38,0.59,1.84,1.67,0.54,1.22,0.59,NIOZ,2,1,This study,"Sinninghe Damsté et al., 2016"
20A,Berau delta,118.17,1.97,35,28.7,23.4,0.12,0.06,0.05,0.02,0.72,0.02,0.09,0.18,0.74,14424782,7024739,5953704,2829517,83906491,2731743,134352,271245,1131674,0.07,0.62,1.81,1.65,0.57,1.3,0.62,NIOZ,2,1,This study,"Sinninghe Damsté et al., 2016"
21A,Berau delta,118.22,1.98,50,28.7,23.4,0.12,0.06,0.05,0.02,0.72,0.02,0.1,0.17,0.73,9801416,4901992,4313955,2034502,60612214,1948907,89876,159262,686100,0.05,0.63,1.81,1.64,0.58,1.11,0.62,NIOZ,2,1,This study,"Sinninghe Damsté et al., 2016"
21B,Berau delta,118.22,1.98,50,28.7,23.4,0.12,0.06,0.05,0.02,0.73,0.02,0.1,0.18,0.73,8914938,4404382,3854588,1843728,55706910,1767000,84742,153607,631927,0.05,0.63,1.8,1.63,0.58,1.12,0.62,NIOZ,2,1,This study,"Sinninghe Damsté et al., 2016"
22A,Berau delta,118.27,2,47,28.7,23.4,0.11,0.06,0.06,0.03,0.72,0.03,0.09,0.17,0.74,8802427,4638301,4473682,2212129,57817189,2060251,83670,157556,675429,0.04,0.65,1.81,1.65,0.61,1.13,0.65,NIOZ,2,1,This study,"Sinninghe Damsté et al., 2016"
23B,Berau delta,118.31,2.01,67,28.7,23.4,0.1,0.06,0.05,0.03,0.73,0.03,0.09,0.17,0.74,5009088,2700688,2681696,1496092,35698159,1304896,50652,90502,399401,0.04,0.67,1.82,1.65,0.62,1.09,0.67,NIOZ,2,1,This study,"Sinninghe Damsté et al., 2016"
23C,Berau delta,118.32,2.01,67,28.7,23.4,0.1,0.06,0.06,0.03,0.73,0.03,0.09,0.16,0.75,4861303,2640642,2662910,1538108,34928182,1331310,51815,94987,431678,0.03,0.68,1.82,1.66,0.63,1.19,0.67,NIOZ,2,1,This study,"Sinninghe Damsté et al., 2016"
24A,Berau delta,118.38,2.03,67,28.7,23.4,0.09,0.05,0.06,0.04,0.72,0.03,,,,203258,117007,119211,87788,1559068,65187,,,,0.04,0.7,,,,,0.7,NIOZ,2,1,This study,"Sinninghe Damsté et al., 2016"
25B,Berau delta,118.44,2.05,38,28.7,23.4,0.1,0.05,0.06,0.03,0.72,0.03,0.1,0.16,0.73,418159,226014,258475,136381,3032907,131429,4887,7798,34872,0.04,0.7,1.82,1.63,0.65,1.12,0.7,NIOZ,2,1,This study,"Sinninghe Damsté et al., 2016"
26B,Berau delta,118.49,2.07,195,28.7,23.4,0.16,0.07,0.08,0.02,0.63,0.04,0.18,0.23,0.59,308835,124289,145264,45657,1208058,71177,3930,5051,12901,0.05,0.68,1.72,1.41,0.63,1.14,0.67,NIOZ,2,1,This study,"Sinninghe Damsté et al., 2016"
27A,Berau delta,118.47,2.06,91,28.7,23.4,0.11,0.06,0.06,0.04,0.7,0.04,0.12,0.16,0.72,326810,179652,190399,108352,2144762,108083,3792,4932,22265,0.04,0.69,1.82,1.6,0.65,1,0.69,NIOZ,2,1,This study,"Sinninghe Damsté et al., 2016"
28A,Berau delta,118.45,2.05,58,28.7,23.4,0.1,0.06,0.06,0.03,0.72,0.03,0.1,0.16,0.74,443876,245594,272012,152695,3156555,135874,4930,7935,36464,0.03,0.7,1.82,1.64,0.65,1.11,0.69,NIOZ,2,1,This study,"Sinninghe Damsté et al., 2016"
29C,Berau delta,118.45,2.05,50,28.7,23.4,0.1,0.06,0.06,0.03,0.71,0.03,0.13,0.16,0.71,295174,165170,187360,100067,2065732,91150,4303,5400,24125,0.03,0.7,1.82,1.59,0.65,1.15,0.69,NIOZ,2,1,This study,"Sinninghe Damsté et al., 2016"
32A,Berau delta,118.2,1.63,6,28.7,23.4,0.13,0.06,0.04,0.02,0.73,0.02,0.09,0.17,0.74,11628853,4980164,3939648,1635116,65224019,1375397,106860,201293,869746,0.09,0.58,1.81,1.65,0.52,1.31,0.58,NIOZ,2,1,This study,"Sinninghe Damsté et al., 2016"
33A,Berau delta,118.23,1.66,26,28.7,23.4,0.13,0.06,0.05,0.02,0.73,0.02,0.09,0.17,0.75,10978464,4903592,3902878,1864395,63179183,1878339,107270,208872,939677,0.05,0.61,1.82,1.66,0.55,1.43,0.6,NIOZ,2,1,This study,"Sinninghe Damsté et al., 2016"
34A,Berau delta,118.26,1.68,29,28.7,23.4,0.12,0.06,0.05,0.02,0.72,0.02,0.08,0.16,0.76,12598090,6109901,4999479,2357004,73411880,2263765,116164,221513,1065179,0.04,0.61,1.83,1.68,0.55,1.36,0.61,NIOZ,2,1,This study,"Sinninghe Damsté et al., 2016"
36B,Berau delta,118.35,1.73,52,28.7,23.4,0.11,0.06,0.05,0.03,0.74,0.02,0.09,0.16,0.75,5393689,2769447,2418967,1294870,36737740,1202728,52657,93450,443731,0.03,0.64,1.83,1.66,0.59,1.17,0.64,NIOZ,2,1,This study,"Sinninghe Damsté et al., 2016"
37C,Berau delta,118.37,1.75,51,28.7,23.4,0.11,0.06,0.05,0.03,0.73,0.02,0.09,0.16,0.76,3609584,1829105,1682450,866455,24064825,804339,35050,61877,299249,0.03,0.65,1.83,1.67,0.59,1.19,0.64,NIOZ,2,1,This study,"Sinninghe Damsté et al., 2016"
38A,Berau delta,118.4,1.77,56,28.7,23.4,0.11,0.06,0.05,0.03,0.73,0.03,0.09,0.16,0.75,5369770,2767655,2468634,1347203,35581126,1270310,54042,94412,445644,0.03,0.65,1.83,1.66,0.6,1.2,0.64,NIOZ,2,1,This study,"Sinninghe Damsté et al., 2016"
39B,Berau delta,118.43,1.79,45,28.7,23.4,0.11,0.05,0.05,0.03,0.74,0.03,0.09,0.16,0.75,3058172,1568013,1444368,773700,21356962,781916,33520,55565,266094,0.03,0.66,1.83,1.65,0.6,1.21,0.65,NIOZ,2,1,This study,"Sinninghe Damsté et al., 2016"
40A,Berau delta,118.46,1.81,55,28.7,23.4,0.11,0.06,0.05,0.03,0.73,0.03,0.09,0.15,0.76,3172030,1623431,1512897,844109,21142098,765614,32371,56433,281369,0.04,0.66,1.83,1.67,0.6,1.26,0.65,NIOZ,2,1,This study,"Sinninghe Damsté et al., 2016"
41A,Berau delta,118.49,1.83,58,28.7,23.4,0.11,0.06,0.05,0.03,0.73,0.03,0.09,0.15,0.75,2767173,1405339,1276177,722960,18402225,670674,28207,47180,231755,0.05,0.66,1.83,1.66,0.6,1.2,0.65,NIOZ,2,1,This study,"Sinninghe Damsté et al., 2016"
42A,Berau delta,118.52,1.85,53,28.7,23.4,0.1,0.05,0.05,0.03,0.73,0.03,,,,64050,33275,34787,19318,462828,20245,,,,0.06,0.69,,,,,0.69,NIOZ,2,1,This study,"Sinninghe Damsté et al., 2016"
43C,Berau delta,118.54,1.86,71,28.7,23.4,0.12,0.06,0.06,0.03,0.7,0.03,0.11,0.18,0.72,1424555,677270,726294,340317,8212020,338336,14813,24223,99242,0.07,0.67,1.8,1.61,0.63,1.17,0.67,NIOZ,2,1,This study,"Sinninghe Damsté et al., 2016"
44A,Berau delta,118.55,1.87,109,28.7,23.4,0.13,0.06,0.06,0.03,0.69,0.03,0.12,0.2,0.67,548802,244379,244245,120116,2849660,131071,6320,10186,34208,0.14,0.67,1.77,1.55,0.62,1.21,0.66,NIOZ,2,1,This study,"Sinninghe Damsté et al., 2016"
55-14-2,Okhotsk Sea,153.68,56.07,,3.3,0.8,0.53,0.02,0,0,0.45,0,0.92,0.07,0.01,52283365,1666686,462130,179961,44394734,289797,4743436,360745,56330,0.03,0.36,1.14,0.09,-0.49,4.94,0.13,NIOZ,2,1,This study,"Lo et al., 2018"
55-17-2,Okhotsk Sea,146.84,56.31,,5,-0.1,0.54,0.02,0,0,0.44,0,0.93,0.06,0.01,20448886,574832,165459,89254,16537901,75734,2257570,137317,23688,0.03,0.37,1.15,0.08,-0.58,6,0.1,NIOZ,2,1,This study,"Lo et al., 2018"
55-18-2,Okhotsk Sea,145.31,56.34,,6.2,0.3,0.51,0.02,0.01,0,0.45,0,0.89,0.08,0.03,51028099,2269878,735954,350360,45571362,273873,8080952,741416,237808,0.04,0.37,1.24,0.13,-0.53,8.29,0.12,NIOZ,2,1,This study,"Lo et al., 2018"
55-23-2,Okhotsk Sea,146.51,53.01,,9.1,0.6,0.49,0.05,0.03,0,0.42,0.01,0.86,0.09,0.05,6167715,588582,338169,28035,5288812,102763,482022,51084,25699,0.15,0.44,1.33,0.18,-0.01,4.27,0.3,NIOZ,2,1,This study,"Lo et al., 2018"
55-25-2,Okhotsk Sea,146.51,52.56,,8.1,0.7,0.48,0.05,0.03,0,0.44,0.01,0.87,0.09,0.04,31699060,3339629,1711524,178387,29181372,505563,2747899,281567,120150,0.08,0.42,1.3,0.17,-0.04,4.51,0.28,NIOZ,2,1,This study,"Lo et al., 2018"
55-27-2,Okhotsk Sea,144.56,52,,5.3,0.3,0.5,0.02,0.01,0,0.47,0,0.93,0.06,0.01,11465981,357209,119766,67490,10690654,44937,2520965,162403,30144,0.05,0.39,1.16,0.08,-0.69,10.66,0.07,NIOZ,2,1,This study,"Lo et al., 2018"
55-30-2,Okhotsk Sea,144.94,52,,5.6,0.4,0.49,0.03,0.01,0,0.46,0,0.91,0.07,0.01,77482390,4815553,1663898,528509,72608169,619895,12744260,1039533,205653,0.04,0.37,1.17,0.1,-0.46,8.15,0.14,NIOZ,2,1,This study,"Lo et al., 2018"
55-34-2,Okhotsk Sea,147.87,48.81,,7.1,1.5,0.48,0.05,0.02,0,0.44,0.01,0.89,0.08,0.03,41473737,4011058,1959745,242591,37947539,563834,3947095,367222,137450,0.04,0.41,1.27,0.14,-0.11,4.91,0.26,NIOZ,2,1,This study,"Lo et al., 2018"
55-36-2,Okhotsk Sea,146.36,48.58,,6.6,0.7,0.47,0.04,0.02,0,0.46,0.01,0.89,0.08,0.03,65398822,6260777,2868871,415041,64029027,899869,7513325,694921,212118,0.04,0.4,1.23,0.13,-0.18,5.68,0.23,NIOZ,2,1,This study,"Lo et al., 2018"
55-44-2,Okhotsk Sea,145.16,47.52,,5.5,0.5,0.5,0.02,0.01,0,0.47,0,0.93,0.06,0.01,27088942,929367,302719,143241,25183444,117714,5296084,335562,59481,0.15,0.38,1.15,0.08,-0.66,9.57,0.08,NIOZ,2,1,This study,"Lo et al., 2018"
55-46-2,Okhotsk Sea,144.54,45.51,,6.6,1.1,0.49,0.03,0.01,0,0.47,0,0.93,0.06,0.02,35530289,1872696,730017,170672,33631527,249076,4654652,290183,77628,0.06,0.38,1.21,0.09,-0.44,6.51,0.15,NIOZ,2,1,This study,"Lo et al., 2018"
55-47-2,Okhotsk Sea,144.47,45.52,,6.6,1.1,0.52,0.03,0.01,0,0.44,0,0.93,0.06,0.02,66389030,3619308,1172386,310876,56647718,412572,8365159,530267,137574,0.07,0.34,1.21,0.09,-0.44,6.57,0.14,NIOZ,2,1,This study,"Lo et al., 2018"
HCC_1_0-1A,Tropical Atlantic,-30.56,15.02,5500,24.9,19.7,0.28,0.07,0.08,0.01,0.52,0.04,0.69,0.18,0.13,3336025,832339,959278,60588,6151495,522249,68609,18117,12531,0,0.65,1.41,0.44,0.6,0.83,0.63,NIOZ,2,1,This study,
HCC_1_0-1B,Tropical Atlantic,-30.56,15.02,5500,24.9,19.7,0.29,0.07,0.08,0.01,0.51,0.04,0.7,0.19,0.12,2248725,563240,618201,40275,4026441,343067,49736,13327,8276,0.03,0.64,1.38,0.42,0.58,0.9,0.62,NIOZ,2,1,This study,
HCC_1_0-1C,Tropical Atlantic,-30.56,15.02,5500,24.9,19.7,0.28,0.07,0.08,0.01,0.52,0.04,0.7,0.18,0.12,4421791,1103235,1253227,82666,8029412,665001,91961,23290,15891,0.03,0.64,1.41,0.42,0.59,0.84,0.63,NIOZ,2,1,This study,
HCC_3_0-1A,Tropical Atlantic,-36.21,13.16,5190,26,20,0.29,0.08,0.08,0.01,0.51,0.04,0.68,0.2,0.13,2807670,731184,753330,53364,4928840,393757,55650,16200,10563,0.03,0.62,1.39,0.45,0.57,0.85,0.6,NIOZ,2,1,This study,
HCC_3_0-1B,Tropical Atlantic,-36.21,13.16,5190,26,20,0.29,0.08,0.08,0.01,0.51,0.04,0.68,0.19,0.13,2766691,726229,762158,49813,4849707,375150,53188,14543,10411,0.03,0.62,1.42,0.45,0.57,0.81,0.6,NIOZ,2,1,This study,
HCC_3_0-1C,Tropical Atlantic,-36.21,13.16,5190,26,20,0.29,0.07,0.08,0.01,0.51,0.04,0.71,0.17,0.12,4386723,1102287,1150874,80571,7682942,586897,90382,21950,15288,0.03,0.62,1.41,0.41,0.57,0.84,0.6,NIOZ,2,1,This study,
HCC_5_0-1A,Tropical Atlantic,-40.47,10.83,4620,26.9,19.2,0.29,0.08,0.07,0.01,0.51,0.04,0.67,0.17,0.15,5812197,1494433,1486861,114067,10176438,765510,106155,27228,24220,0.02,0.61,1.47,0.48,0.56,0.79,0.6,NIOZ,2,1,This study,
HCC_5_0-1B,Tropical Atlantic,-40.47,10.83,4620,26.9,19.2,0.29,0.08,0.08,0.01,0.51,0.04,0.68,0.18,0.14,5022274,1313304,1344680,103372,8959477,684999,92929,24821,19762,0.02,0.62,1.44,0.47,0.57,0.78,0.6,NIOZ,2,1,This study,
HCC_5_0-1C,Tropical Atlantic,-40.47,10.83,4620,26.9,19.2,0.3,0.07,0.07,0.01,0.51,0.04,0.66,0.19,0.15,6080087,1455653,1457292,117138,10191192,727608,121210,34100,27429,0.03,0.61,1.45,0.49,0.55,0.9,0.59,NIOZ,2,1,This study,
HCC_7_0-1A,Tropical Atlantic,-44.28,7.52,4650,27.6,20,0.28,0.08,0.08,0.01,0.52,0.04,0.62,0.18,0.2,5876533,1640544,1626302,152162,10986421,770118,99916,28992,31633,0.03,0.61,1.52,0.57,0.56,0.76,0.59,NIOZ,2,1,This study,
HCC_7_0-1B,Tropical Atlantic,-44.28,7.52,4650,27.6,20,0.29,0.08,0.08,0.01,0.52,0.04,0.62,0.17,0.21,7329264,1979223,1957112,179552,13268906,905871,119149,32888,39740,0.03,0.61,1.55,0.59,0.56,0.74,0.59,NIOZ,2,1,This study,
HCC_7_0-1C,Tropical Atlantic,-44.28,7.52,4650,27.6,20,0.28,0.08,0.08,0.01,0.53,0.04,0.63,0.18,0.19,10193955,2838259,2808634,259070,19293207,1323111,174862,50255,52278,0.03,0.61,1.51,0.56,0.56,0.75,0.59,NIOZ,2,1,This study,
HCC_8_0-1A,Tropical Atlantic,-45.45,6.49,4250,27.7,20.7,0.28,0.07,0.08,0.01,0.52,0.04,0.6,0.18,0.22,4819257,1263182,1281141,133432,8952069,623483,81514,23753,30448,0.03,0.62,1.56,0.62,0.57,0.79,0.6,NIOZ,2,1,This study,
HCC_8_0-1B,Tropical Atlantic,-45.45,6.49,4250,27.7,20.7,0.28,0.08,0.08,0.01,0.53,0.04,0.6,0.18,0.22,6042332,1646012,1679867,171824,11487733,787567,99376,30280,37358,0.03,0.62,1.55,0.63,0.57,0.76,0.6,NIOZ,2,1,This study,
HCC_8_0-1C,Tropical Atlantic,-45.45,6.49,4250,27.7,20.7,0.27,0.08,0.08,0.01,0.53,0.04,0.59,0.18,0.23,7856908,2192450,2245341,234036,15450006,1052443,125645,38392,49669,0.03,0.62,1.56,0.64,0.57,0.73,0.6,NIOZ,2,1,This study,
HCC_9_0-1A,Tropical Atlantic,-46.4,5.6,3770,27.5,22.1,0.27,0.07,0.08,0.01,0.54,0.04,0.55,0.2,0.25,6175701,1709654,1766288,204025,12309260,820165,95856,34649,43905,0.04,0.62,1.56,0.7,0.58,0.75,0.61,NIOZ,2,1,This study,
HCC_9_0-1B,Tropical Atlantic,-46.4,5.6,3770,27.5,22.1,0.28,0.07,0.07,0.01,0.53,0.04,0.55,0.2,0.25,5163605,1367930,1397429,172046,9940545,657541,83508,30230,38200,0.05,0.62,1.56,0.7,0.57,0.81,0.61,NIOZ,2,1,This study,
HCC_9_0-1C,Tropical Atlantic,-46.4,5.6,3770,27.5,22.1,0.27,0.07,0.08,0.01,0.54,0.04,0.53,0.21,0.27,4617326,1259837,1327860,163898,9289688,616411,71183,27864,36525,0.06,0.63,1.57,0.74,0.58,0.78,0.61,NIOZ,2,1,This study,
HCC_10_0-1A,Tropical Atlantic,-47.49,6.68,4080,27.6,21.7,0.26,0.07,0.08,0.01,0.54,0.04,0.5,0.2,0.3,4235624,1193544,1299116,167243,8961696,629387,69828,27470,41731,0.14,0.64,1.6,0.8,0.59,0.84,0.62,NIOZ,2,1,This study,
HCC_10_0-1B,Tropical Atlantic,-47.49,6.68,4080,27.6,21.7,0.26,0.08,0.08,0.01,0.53,0.04,0.52,0.2,0.28,2042322,586221,635316,80570,4164606,300585,32862,12560,17845,0.1,0.63,1.59,0.76,0.59,0.8,0.62,NIOZ,2,1,This study,
HCC_10_0-1C,Tropical Atlantic,-47.49,6.68,4080,27.6,21.7,0.26,0.07,0.08,0.01,0.54,0.04,0.52,0.19,0.29,4600951,1330646,1425573,177001,9586090,661794,64462,23757,36607,0.07,0.63,1.61,0.78,0.59,0.7,0.62,NIOZ,2,1,This study,
HCC_11_0-1C,Tropical Atlantic,-51.49,5.53,80,27.7,,0.12,0.06,0.06,0.03,0.72,0.02,0.1,0.17,0.73,697971,335895,322305,165357,4148461,126037,6197,10355,44913,0.05,0.65,1.81,1.63,0.6,1.05,0.64,NIOZ,2,1,This study,
HCC_12_0-1A,Tropical Atlantic,-52.46,6.07,70,27.6,,0.14,0.06,0.05,0.02,0.7,0.02,0.1,0.21,0.69,3256455,1429593,1242173,540106,16384753,443665,29903,63774,205164,0.03,0.61,1.76,1.59,0.56,1.27,0.6,NIOZ,2,1,This study,
HCC_12_0-1B,Tropical Atlantic,-52.46,6.07,70,27.6,,0.14,0.06,0.05,0.02,0.71,0.02,0.09,0.21,0.7,5646298,2478170,2186272,958405,29550087,758873,43799,103027,350489,0.03,0.61,1.77,1.62,0.56,1.18,0.61,NIOZ,2,1,This study,
HCC_12_0-1C,Tropical Atlantic,-52.46,6.07,70,27.6,,0.13,0.06,0.05,0.02,0.71,0.02,0.09,0.2,0.71,3703735,1624449,1466560,651315,19691130,528877,31189,71598,246583,0.04,0.62,1.77,1.62,0.57,1.25,0.62,NIOZ,2,1,This study,
HCC_13_0-1A,Tropical Atlantic,-53.02,7.6,1000,27.7,20.4,0.2,0.06,0.07,0.02,0.61,0.04,0.26,0.28,0.46,5570191,1689896,1968873,453851,16587063,989086,67221,73227,120797,0.04,0.67,1.62,1.21,0.62,0.95,0.66,NIOZ,2,1,This study,
HCC_13_0-1B,Tropical Atlantic,-53.02,7.6,1000,27.7,20.4,0.21,0.06,0.07,0.02,0.6,0.04,0.27,0.29,0.44,7576718,2258786,2635419,599702,21731376,1317781,92567,100788,154997,0.03,0.67,1.61,1.18,0.62,0.96,0.66,NIOZ,2,1,This study,
HCC_13_0-1C,Tropical Atlantic,-53.02,7.6,1000,27.7,20.4,0.21,0.06,0.07,0.02,0.61,0.04,0.26,0.29,0.45,10391345,3089931,3587412,873806,30662800,1804545,145887,161261,250949,0.05,0.67,1.61,1.19,0.62,1.09,0.66,NIOZ,2,1,This study,
HCC_14_0-1A,Tropical Atlantic,-51.32,9.53,4840,27.5,21.7,0.24,0.07,0.07,0.01,0.57,0.04,0.48,0.19,0.33,6255910,1769871,1924480,301533,14814006,994208,94133,38431,65070,0.03,0.65,1.63,0.85,0.6,0.75,0.63,NIOZ,2,1,This study,
HCC_14_0-1B,Tropical Atlantic,-51.32,9.53,4840,27.5,21.7,0.23,0.07,0.08,0.01,0.57,0.04,0.47,0.19,0.34,8791623,2609126,2869389,420313,21393938,1421555,129675,51972,91605,0.03,0.64,1.64,0.86,0.6,0.72,0.63,NIOZ,2,1,This study,
HCC_14_0-1C,Tropical Atlantic,-51.32,9.53,4840,27.5,21.7,0.24,0.07,0.08,0.01,0.57,0.04,0.47,0.21,0.32,4091307,1180263,1299563,192122,9755219,652730,61877,28123,42966,0.04,0.64,1.6,0.86,0.6,0.77,0.63,NIOZ,2,1,This study,
HCC_16_0-1A,Tropical Atlantic,-51.88,10.22,4940,27.5,21.8,0.24,0.07,0.08,0.01,0.56,0.04,0.5,0.2,0.3,6988791,2055959,2294650,309780,16426543,1174737,109337,43311,65643,0.03,0.65,1.6,0.8,0.61,0.74,0.64,NIOZ,2,1,This study,
HCC_16_0-1B,Tropical Atlantic,-51.88,10.22,4940,27.5,21.8,0.24,0.07,0.08,0.01,0.56,0.04,0.52,0.18,0.3,14304509,4318827,4873804,595860,33685881,2405455,205922,71763,120993,0.02,0.65,1.63,0.79,0.61,0.66,0.64,NIOZ,2,1,This study,
HCC_16_0-1C,Tropical Atlantic,-51.88,10.22,4940,27.5,21.8,0.24,0.07,0.08,0.01,0.56,0.04,0.53,0.19,0.28,6999141,1966949,2182424,301421,16175286,1147388,122875,45368,65065,0.03,0.65,1.59,0.75,0.6,0.8,0.63,NIOZ,2,1,This study,
HCC_17_0-1A,Tropical Atlantic,-53.27,9.9,4750,27.7,22.5,0.24,0.07,0.08,0.01,0.57,0.04,0.46,0.21,0.33,6911879,2045547,2292799,329391,16591981,1155320,104521,47960,75850,0.03,0.65,1.61,0.87,0.61,0.77,0.64,NIOZ,2,1,This study,
HCC_17_0-1B,Tropical Atlantic,-53.27,9.9,4750,27.7,22.5,0.24,0.07,0.08,0.01,0.57,0.04,0.47,0.2,0.33,5960615,1759682,1937500,286230,14256939,1002938,93803,40802,65292,0.03,0.65,1.62,0.86,0.6,0.79,0.64,NIOZ,2,1,This study,
HCC_20_0-1A,Tropical Atlantic,-54.15,11.27,4790,27.5,22.8,0.24,0.07,0.08,0.01,0.55,0.04,0.53,0.19,0.28,4251314,1248049,1439310,161107,9719302,742370,65660,23524,35310,0.02,0.65,1.6,0.76,0.61,0.7,0.64,NIOZ,2,1,This study,
HCC_20_0-1B,Tropical Atlantic,-54.15,11.27,4790,27.5,22.8,0.24,0.07,0.08,0.01,0.56,0.04,0.54,0.19,0.27,8377679,2493438,2847074,316852,19517418,1459370,129295,46899,65277,0.02,0.65,1.58,0.73,0.61,0.68,0.64,NIOZ,2,1,This study,
HCC_20_0-1C,Tropical Atlantic,-54.15,11.27,4790,27.5,22.8,0.24,0.07,0.08,0.01,0.56,0.04,0.54,0.19,0.28,9850351,2977226,3422635,379814,23226559,1801396,150846,52483,77952,0.02,0.65,1.6,0.74,0.62,0.67,0.64,NIOZ,2,1,This study,
HCC_21_0-1A,Tropical Atlantic,-54.67,13.02,5040,27.4,23.8,0.25,0.07,0.08,0.01,0.55,0.04,0.63,0.2,0.17,6458390,1780738,2085223,184202,13938592,1127251,127881,40459,35480,0.03,0.66,1.47,0.55,0.61,0.79,0.64,NIOZ,2,1,This study,
HCC_21_0-1B,Tropical Atlantic,-54.67,13.02,5040,27.4,23.8,0.26,0.07,0.08,0.01,0.54,0.04,0.63,0.19,0.17,3815472,1024914,1148933,98991,7890672,632594,83163,25100,22706,0.04,0.65,1.47,0.54,0.59,0.89,0.63,NIOZ,2,1,This study,
HCC_21_0-1C,Tropical Atlantic,-54.67,13.02,5040,27.4,23.8,0.25,0.07,0.08,0.01,0.54,0.04,0.64,0.2,0.16,6061867,1691529,1956502,165472,12937361,1053129,122145,38323,31119,0.03,0.65,1.45,0.52,0.6,0.8,0.64,NIOZ,2,1,This study,
HCC_22_0-1A,Tropical Atlantic,-55.18,14.8,5500,27.2,24.2,0.27,0.07,0.08,0.01,0.53,0.05,0.68,0.19,0.13,1833641,471698,526023,45078,3536500,303489,48361,13403,9552,0.05,0.65,1.42,0.46,0.58,1.05,0.63,NIOZ,2,1,This study,
HCC_22_0-1B,Tropical Atlantic,-55.18,14.8,5500,27.2,24.2,0.26,0.07,0.08,0.01,0.54,0.04,0.68,0.19,0.13,5274296,1436054,1650101,138347,10908982,881992,127275,36443,24264,0.04,0.65,1.4,0.45,0.59,0.92,0.63,NIOZ,2,1,This study,
HCC_22_0-1C,Tropical Atlantic,-55.18,14.8,5500,27.2,24.2,0.27,0.07,0.08,0.01,0.53,0.04,0.67,0.18,0.14,2303437,625660,703993,64055,4590141,386710,59156,16192,12332,0.05,0.65,1.43,0.47,0.59,1,0.63,NIOZ,2,1,This study,
HCC_23_0-1A,Tropical Atlantic,-57.05,15.79,5320,27.3,24.6,0.28,0.07,0.08,0.01,0.53,0.04,0.66,0.19,0.15,5813774,1449876,1669213,133425,11054255,773271,116400,32937,26583,,0.64,1.45,0.49,0.59,0.83,0.62,NIOZ,2,1,This study,
HCC_23_0-1B,Tropical Atlantic,-57.05,15.79,5320,27.3,24.6,0.28,0.07,0.08,0.01,0.52,0.04,,,,6947106,1713728,1957536,151364,12918044,936630,,,,,0.64,,,,,0.64,NIOZ,2,1,This study,
HCC_23_0-1C,Tropical Atlantic,-57.05,15.79,5320,27.3,24.6,0.27,0.07,0.08,0.01,0.53,0.04,0.66,0.19,0.14,9699696,2569840,3075428,247122,19465011,1495714,197504,57777,43050,,0.65,1.43,0.48,0.6,0.81,0.64,NIOZ,2,1,This study,
MUC@M1 surface,Tropical Atlantic,-23,12,5056,26,16.5,0.31,0.07,0.07,0.01,0.5,0.04,0.7,0.17,0.13,1149938,266709,270554,20084,1881980,137523,31979,7712,6055,0.03,0.62,1.44,0.43,0.53,1.21,0.59,NIOZ,2,1,This study,
MUC@M2 surface,Tropical Atlantic,-37.82,13.81,4726,26.3,20.6,0.26,0.07,0.09,0.01,0.53,0.05,,,,352462,96547,114490,7469,703752,63535,,,,0.02,0.66,,,,,0.66,NIOZ,2,1,This study,
MUC@M3 surface,Tropical Atlantic,-38.63,12.39,4628,26.4,19.8,0.28,0.07,0.08,0,0.52,0.04,0.71,0.15,0.14,566835,142673,154036,9054,1040956,83939,15152,3180,3086,0.02,0.63,1.49,0.44,0.56,1.06,0.61,NIOZ,2,1,This study,
MUC@M4 surface,Tropical Atlantic,-49.19,12.06,4197,26.8,22.5,0.27,0.07,0.07,0.01,0.54,0.04,0.63,0.19,0.18,343475,89201,94177,7920,690014,54442,10424,3064,3034,0.1,0.64,1.5,0.55,0.56,1.28,0.61,NIOZ,2,1,This study,
MUC@M5 surface,Tropical Atlantic,-57.04,12.02,4446,27.6,23.8,0.23,0.07,0.08,0.01,0.56,0.05,0.56,0.22,0.22,252992,72518,89988,9898,606208,55768,7870,3037,3047,0.06,0.68,1.5,0.65,0.61,1.27,0.66,NIOZ,2,1,This study,
13M0-1 surface,Tropical Atlantic,-21.92,13.53,4700,25.1,16.2,0.31,0.07,0.07,0.01,0.5,0.04,0.68,0.17,0.15,3140554,715555,739766,59140,4977268,355212,90748,22517,20495,0.03,0.62,1.48,0.47,0.53,1.32,0.59,NIOZ,2,1,This study,
13M1a-2 surface,Tropical Atlantic,-31.71,13.73,5879,25.8,18.3,0.28,0.07,0.08,0.01,0.52,0.04,0.71,0.18,0.11,2979388,774991,832453,57521,5598189,434440,76089,19787,11669,0.04,0.63,1.37,0.4,0.57,1,0.61,NIOZ,2,1,This study,
1 MC4 0-5,Equatorial Pacific,-86.18,1.8,,25.8,16.8,0.33,0.07,0.07,0.01,0.49,0.03,0.59,0.2,0.21,4628201,990723,983493,101644,6999639,450769,85026,28635,29413,0.03,0.61,1.51,0.61,0.54,1,0.59,NIOZ,2,1,This study,
2 MC7 0-5,Equatorial Pacific,-92.95,-4.23,,24,16.6,0.34,0.07,0.07,0.01,0.48,0.03,0.62,0.19,0.19,3311865,713722,653011,61136,4622413,289105,61511,18832,18383,0.03,0.58,1.49,0.56,0.52,1.01,0.56,NIOZ,2,1,This study,
3A MC1 0-5,Equatorial Pacific,-105.42,-0.04,,24.4,16.6,0.32,0.07,0.06,0.01,0.51,0.04,0.64,0.17,0.18,3932493,821505,802135,73153,6309094,484051,85815,23292,24314,0.01,0.62,1.51,0.54,0.55,1.06,0.6,NIOZ,2,1,This study,
4 MC6 0-5,Equatorial Pacific,-112.6,0.12,,24,16.8,0.34,0.06,0.07,0,0.49,0.03,0.65,0.17,0.18,5693568,1053479,1084146,79980,8216492,549936,117080,30550,32460,,0.62,1.52,0.53,0.54,1.07,0.59,NIOZ,2,1,This study,
5 MC3 0-5,Equatorial Pacific,-123.02,0.07,,24.6,18,0.32,0.07,0.07,0.01,0.5,0.04,,,,2151982,441215,479624,37869,3383025,239315,,,,,0.63,,,,,0.63,NIOZ,2,1,This study,
6 MC2 0-5,Equatorial Pacific,-130.88,0.04,,25.1,18.5,0.29,0.06,0.07,0.01,0.52,0.05,0.6,0.18,0.22,2514014,552390,590207,63029,4475198,395268,67193,19679,24304,0.01,0.65,1.55,0.61,0.57,1.28,0.63,NIOZ,2,1,This study,
7 MC7 0-5,Equatorial Pacific,-139.32,0,,26,20.5,0.28,0.06,0.07,0.01,0.53,0.05,0.59,0.16,0.25,2102350,477351,522001,63291,4063559,374858,51678,14117,21923,0,0.67,1.61,0.66,0.6,1.14,0.64,NIOZ,2,1,This study,
8 MC1 0-5,Equatorial Pacific,-147.78,0.01,,26.4,21.4,0.28,0.06,0.07,0.01,0.53,0.05,0.6,0.16,0.24,4997164,1108883,1227444,147312,9530698,859073,113075,29572,45419,0.01,0.67,1.61,0.64,0.6,1.04,0.65,NIOZ,2,1,This study,
9 G3 S1 0-5,North Pacific,-149.48,15.12,,25.6,21.2,0.38,0.06,0.07,0.01,0.45,0.03,,,,2551862,423889,466290,35119,3052879,191277,,,,,0.62,,,,,0.62,NIOZ,2,1,This study,
10 G2 S1 0-5,North Pacific,-143.35,20.68,,23.7,21.3,0.34,0.07,0.08,0.01,0.48,0.03,,,,2282216,464872,530541,34100,3211458,201200,,,,,0.62,,,,,0.62,NIOZ,2,1,This study,
11 MC4 0-5,North Pacific,-157.87,30.35,,21.8,17.7,0.44,0.06,0.05,0.01,0.41,0.02,0.68,0.17,0.15,1598408,226574,197156,20488,1463009,86887,15722,3941,3603,0.25,0.57,1.48,0.48,0.52,0.64,0.56,NIOZ,2,1,This study,
418_2_ufs,Black Sea,29.96,43.16,,14.5,4.3,0.35,0.03,0.01,0,0.59,0.01,0.8,0.12,0.08,3444677,279109,140043,33352,5770155,53591,363329,54463,36741,0.03,0.45,1.4,0.28,-0.14,4.47,0.26,NIOZ,2,1,This study,
418_2_0-1L,Black Sea,29.96,43.16,,14.5,4.3,0.34,0.03,0.02,0,0.6,0.01,0.78,0.13,0.09,10129954,1031246,501381,117824,17709284,164720,620717,104775,68013,0.04,0.43,1.39,0.3,0.06,2.61,0.32,NIOZ,2,1,This study,
418_2_0-1K,Black Sea,29.96,43.16,,14.5,4.3,0.35,0.03,0.02,0,0.59,0,0.8,0.12,0.08,11893807,1174884,516152,146413,20120340,150372,787478,120342,75032,0.04,0.41,1.38,0.28,0.01,2.81,0.29,NIOZ,2,1,This study,
418_12/3_0-1G,Black Sea,30.03,42.94,,14.8,9.1,0.35,0.04,0.02,0.01,0.58,0.01,0.74,0.15,0.11,20520838,2507357,1200021,299524,33610440,299964,1153300,241523,167592,0.04,0.42,1.41,0.37,0.11,2.6,0.33,NIOZ,2,1,This study,
418_12/3_0-1F,Black Sea,30.03,42.94,,14.8,9.1,0.36,0.04,0.02,0,0.57,0.01,0.74,0.15,0.11,23707502,2810327,1305079,329786,37589926,340754,1310737,275255,192250,0.04,0.41,1.41,0.37,0.1,2.62,0.32,NIOZ,2,1,This study,
418_4_0-1H,Black Sea,29.35,42.78,,14.7,9.1,0.35,0.04,0.02,0,0.59,0,0.78,0.13,0.09,12782768,1339061,563985,168160,21336245,165536,715246,124221,82852,0.05,0.4,1.4,0.31,0.06,2.47,0.3,NIOZ,2,1,This study,
418_4_0-1I,Black Sea,29.35,42.78,,14.7,9.1,0.36,0.04,0.02,0,0.58,0,0.77,0.14,0.09,9307001,989138,472973,118124,15144378,115293,537657,97409,65417,0.05,0.42,1.4,0.33,0.07,2.61,0.32,NIOZ,2,1,This study,
408_2.2 0-1cm,Black Sea,30.52,42.9,,14.8,9.1,0.35,0.04,0.02,0.01,0.58,0.01,0.74,0.15,0.11,21710580,2402540,1217980,315219,35315941,356077,1182945,245984,172775,0.03,0.44,1.41,0.37,0.12,2.55,0.35,NIOZ,2,1,This study,
NiCycle III S.1 slice 1,North Sea,3.15,55.17,,10.2,2.7,0.52,0.03,0.01,0,0.43,0,0.65,0.29,0.06,494378,29599,5468,3083,410388,1676,33194,14863,3058,0.16,0.26,1.17,0.41,-0.25,5.13,0.14,NIOZ,2,1,This study,"Bale et al., 2013"
NiCycle III S.2 slice 1,North Sea,3.68,54.72,,10.4,1.9,0.53,0.03,0.01,0,0.43,0,0.7,0.24,0.05,2968790,157317,34293,19084,2450782,14104,233654,81620,18012,0.12,0.3,1.18,0.35,-0.3,5.58,0.15,NIOZ,2,1,This study,"Bale et al., 2013"
NiCycle III S.3 slice 1,North Sea,4.35,54.4,,10.6,2,0.51,0.03,0.01,0,0.45,0,0.7,0.24,0.06,2846243,160176,35996,19278,2479858,11128,221693,75455,18967,0.1,0.29,1.2,0.36,-0.29,5.39,0.15,NIOZ,2,1,This study,"Bale et al., 2013"
NiCycle III S.4 slice 1,North Sea,4.33,54.13,,10.6,2,0.49,0.04,0.01,0,0.46,0,0.63,0.27,0.09,1804165,128821,30630,16759,1690240,8440,112836,49000,16900,0.14,0.3,1.26,0.46,-0.16,4.63,0.19,NIOZ,2,1,This study,"Bale et al., 2013"
NiCycle III S.5 slice 1,North Sea,4.6,53.92,,10.7,3,0.47,0.04,0.01,0,0.47,0,0.57,0.31,0.11,1591332,124214,32822,16342,1584077,7595,76639,41877,15194,0.12,0.31,1.27,0.54,-0.06,3.83,0.22,NIOZ,2,1,This study,"Bale et al., 2013"
NiCycle III S.6 slice 1,North Sea,4.77,53.77,,10.7,3,0.47,0.04,0.01,0.01,0.48,0,0.55,0.32,0.13,4949189,373792,105888,52655,5019608,18974,222411,131612,52307,0.11,0.32,1.28,0.58,-0.05,3.72,0.23,NIOZ,2,1,This study,"Bale et al., 2013"
64PE409-53 BC,Irish Sea,-4.08,53.6,38,10.5,3.3,0.48,0.04,0.01,0.01,0.47,0,0.57,0.31,0.12,1952874,150826,41245,20609,1924752,8553,95998,52227,19306,0.11,0.32,1.27,0.54,-0.07,3.93,0.22,NIOZ,2,1,This study,
64PE409-41 BC,Irish Sea,-4.08,53.6,37,10.5,3.3,0.47,0.03,0.01,0,0.48,0,0.6,0.29,0.11,4418227,317811,90159,43190,4556284,17612,212386,104317,38953,0.09,0.32,1.27,0.51,-0.07,3.63,0.22,NIOZ,2,1,This study,
NF2012-046 BC,East coast USA,-73.84,38.12,730,15.3,,0.4,0.04,0.02,0.01,0.52,0.01,0.69,0.23,0.08,5962249,586650,276141,81088,7730823,136486,339906,111449,41254,0.04,0.46,1.27,0.39,0.1,3.23,0.35,NIOZ,2,1,This study,
NF2012-65 BC,East coast USA,-73.87,38.06,170,15.3,,0.43,0.04,0.02,0.01,0.5,0.01,0.65,0.25,0.1,3851559,363368,154000,56727,4537040,64219,231982,89933,35643,0.05,0.43,1.28,0.45,0.04,3.81,0.32,NIOZ,2,1,This study,
NF2012-69 BC,East coast USA,-73.8,38.04,515,15.3,,0.42,0.04,0.02,0.01,0.51,0.01,0.63,0.26,0.11,1834957,189457,79712,28689,2218651,35949,98632,40428,17150,0.04,0.43,1.3,0.48,0.09,3.44,0.33,NIOZ,2,1,This study,
NF2012-84 BC,East coast USA,-73.75,38.01,991,15.3,,0.42,0.04,0.02,0.01,0.5,0.01,0.69,0.22,0.08,7110845,750960,387383,86057,8572849,194258,347868,112153,41213,0.06,0.47,1.27,0.39,0.17,2.85,0.38,NIOZ,2,1,This study,
NF2012-182 BC,East coast USA,-74.65,37.02,188,15.7,,0.41,0.03,0.01,0.01,0.54,0.01,0.68,0.23,0.08,4691239,369950,144364,61282,6191695,72777,306295,104411,36524,0.05,0.43,1.26,0.4,-0.03,3.73,0.29,NIOZ,2,1,This study,
NF2012-182 BC,East coast USA,-74.65,37.02,188,15.7,,0.41,0.03,0.01,0.01,0.53,0.01,0.68,0.24,0.09,5321960,448883,176171,70007,6878694,82349,339684,118698,44405,0.06,0.42,1.27,0.41,-0.01,3.73,0.29,NIOZ,2,1,This study,
NF2012-191 BC,East coast USA,-74.63,37.04,810,15.7,,0.41,0.03,0.01,0.01,0.53,0.01,0.7,0.22,0.08,2109446,174238,74879,27648,2779981,39459,147789,46113,17654,0.04,0.45,1.28,0.38,-0.01,3.91,0.31,NIOZ,2,1,This study,
NF2012-193 BC,East coast USA,-74.58,37.04,1135,15.7,,0.4,0.04,0.02,0.01,0.54,0.01,0.71,0.22,0.08,2446685,225886,102527,31982,3311381,54434,167839,51740,18273,0.04,0.46,1.26,0.37,0.03,3.71,0.32,NIOZ,2,1,This study,
M2005-14 BC,Gulf of Cadiz,-6.8,35.31,546,18.7,,0.29,0.07,0.06,0.01,0.54,0.03,0.38,0.32,0.3,8845586,2005108,1904843,286439,16645514,938570,142388,120775,111807,0.02,0.61,1.48,0.92,0.54,1.21,0.59,NIOZ,2,1,This study,
M2004-11 BC,Gulf of Cadiz,-6.76,35.28,443,18.7,,0.3,0.07,0.06,0.01,0.52,0.03,0.37,0.32,0.3,3180679,732683,632104,122216,5476505,303397,64866,55745,52482,0.03,0.59,1.48,0.93,0.51,1.63,0.57,NIOZ,2,1,This study,
M2003-18 BC,North Atlantic,-15.82,55.62,554,11.4,,0.45,0.07,0.03,0.01,0.44,0.01,0.58,0.27,0.15,1186018,171825,68249,26258,1144839,24746,46525,21882,11857,0.01,0.41,1.35,0.57,0.2,2.97,0.35,NIOZ,2,1,This study,
M2001-15 BC,North Atlantic,-13.92,53.77,645,12,,0.24,0.06,0.06,0.01,0.6,0.03,0.26,0.36,0.38,2915093,743671,681591,136610,7411519,387797,38553,54631,57772,0.05,0.62,1.51,1.13,0.56,1.21,0.61,NIOZ,2,1,This study,
TRACOS2010-36 BC,East coast USA,-75.86,34.21,470.45,24.7,,0.27,0.06,0.06,0.01,0.57,0.03,0.32,0.35,0.33,1754626,402933,363819,87120,3779720,211197,34768,37982,36316,0.04,0.62,1.49,1.01,0.53,1.63,0.6,NIOZ,2,1,This study,
TRACOS2010-36 BC,East coast USA,-75.86,34.21,470.45,24.7,,0.28,0.06,0.05,0.01,0.57,0.03,0.3,0.36,0.34,2603321,571485,504103,119862,5327633,289078,53717,64682,61086,0.04,0.62,1.49,1.04,0.52,1.87,0.59,NIOZ,2,1,This study,
TRACOS2010-75 BC,East coast USA,-75.87,34.21,450,24.7,,0.28,0.06,0.06,0.01,0.56,0.03,0.27,0.36,0.36,1467418,323471,295298,77687,2978011,167642,26424,35049,34768,0.03,0.63,1.5,1.09,0.54,1.78,0.61,NIOZ,2,1,This study,
SJ62 BC,Gulf of Mexico,-88.01,29.17,468,24.5,,0.47,0.06,0.03,0.01,0.42,0.01,0.55,0.29,0.16,3782610,513508,242400,71183,3433327,89101,63218,33419,17956,0.01,0.44,1.35,0.61,0.33,1.39,0.41,NIOZ,2,1,This study,
64PE275-30-2,North Atlantic,-26.55,57.37,,9.6,8.6,0.48,0.06,0.03,0,0.42,0.01,0.76,0.16,0.08,6422973,773647,381183,53586,5614793,130073,282495,59058,28505,0.01,0.42,1.33,0.31,0.17,2.69,0.35,NIOZ,2,1,This study,
64PE275-3-10,North Atlantic,-27.91,57.45,,9.4,8.4,0.48,0.06,0.03,0,0.43,0.01,0.78,0.16,0.07,71780668,8491359,4152243,577416,64404033,1337393,3535254,704545,297241,0,0.42,1.3,0.29,0.13,2.92,0.34,NIOZ,2,1,This study,
64PE275-6-1,North Atlantic,-38.86,59.35,,6.2,5,0.48,0.05,0.02,0,0.45,0.01,0.84,0.12,0.04,7960131,780505,307115,48968,7517282,118101,528770,76401,25671,0.01,0.38,1.25,0.2,-0.03,3.63,0.27,NIOZ,2,1,This study,
64PE275-9-1,North Atlantic,-39.66,59.25,,6.1,4.9,0.48,0.05,0.02,0,0.44,0.01,0.84,0.12,0.04,5782613,579530,237573,37198,5390251,89396,391077,56268,18988,0.02,0.39,1.25,0.2,-0.02,3.71,0.27,NIOZ,2,1,This study,
64PE275-9,North Atlantic,-39.66,59.25,,6.1,4.9,0.47,0.04,0.02,0,0.46,0.01,0.84,0.12,0.04,16129459,1472558,598244,97348,16100923,234959,1110347,153067,51200,0.01,0.39,1.25,0.19,-0.05,3.66,0.26,NIOZ,2,1,This study,
64PE275-30-2,North Atlantic,-26.55,57.37,,9.6,8.6,0.48,0.06,0.03,0,0.43,0.01,0.77,0.16,0.07,11141605,1328349,640301,98492,9978525,217793,514208,110239,47242,0.01,0.42,1.3,0.3,0.15,2.79,0.34,NIOZ,2,1,This study,
SO161-5 106,Chilean margin,-74.08,-38.28,69,13.7,10.9,0.45,0.03,0.01,0.01,0.5,0.01,0.72,0.21,0.07,4152585,281217,120750,51506,4596088,53184,208990,59571,20434,0.07,0.44,1.26,0.35,0.02,3.03,0.32,NIOZ,2,1,This study,
SO161-5 107,Chilean margin,-74.08,-38.33,52,13.7,10.9,0.5,0.04,0.01,0.01,0.44,0.01,0.7,0.22,0.08,1011756,77125,30417,12685,884907,12129,29159,9217,3520,0.09,0.42,1.28,0.39,0.15,2.02,0.34,NIOZ,2,1,This study,
SO161-5 109,Chilean margin,-74.04,-38.35,55,13.7,10.9,0.51,0.04,0.01,0.01,0.43,0,0.7,0.22,0.08,1250319,88351,33797,13125,1047062,11642,33326,10432,4021,0.06,0.4,1.28,0.39,0.13,1.92,0.32,NIOZ,2,1,This study,
SO161-5 120,Chilean margin,-73.03,-36,352,13,9.8,0.39,0.04,0.03,0.01,0.52,0.01,0.67,0.25,0.09,16105522,1741456,1058735,217485,21401294,462284,653091,242375,83427,0.03,0.5,1.26,0.42,0.24,2.33,0.42,NIOZ,2,1,This study,
SO161-5 122,Chilean margin,-72.98,-36,283,13,9.8,0.3,0.03,0.02,0,0.64,0.01,0.66,0.24,0.1,15334088,1446916,859978,244108,33324097,604726,752312,277366,116479,0.04,0.54,1.3,0.45,0.22,2.16,0.44,NIOZ,2,1,This study,
SO161-5 77,Chilean margin,-74.03,-39.85,286,13.6,11,0.45,0.04,0.02,0,0.48,0.01,0.72,0.21,0.07,15536428,1308048,661179,171238,16727248,249040,758038,216200,71678,0.04,0.45,1.25,0.34,0.09,2.93,0.34,NIOZ,2,1,This study,
SO161-5 78,Chilean margin,-74,-39.85,180,13.6,11,0.44,0.03,0.02,0,0.5,0.01,0.72,0.21,0.07,14421206,1088700,529241,162263,16156419,213827,808070,233144,75247,0.04,0.45,1.24,0.34,0.03,3.31,0.32,NIOZ,2,1,This study,
SO161-5 83,Chilean margin,-73.9,-39.85,127,12.7,7.4,0.46,0.03,0.01,0,0.48,0.01,0.72,0.21,0.07,27117679,1978275,874629,280600,27769593,307430,1588219,455039,150633,0.03,0.43,1.25,0.34,-0.02,3.62,0.29,NIOZ,2,1,This study,
SO161-5 84,Chilean margin,-73.82,-39.66,86,12.7,7.4,0.46,0.03,0.01,0,0.49,0,0.74,0.19,0.07,9779018,634817,273141,101980,10464980,105287,497864,131065,45267,0.04,0.43,1.26,0.33,-0.01,3.06,0.3,NIOZ,2,1,This study,
SO161-5 86,Chilean margin,-73.62,-39.66,67,12.7,7.4,0.51,0.03,0.01,0,0.44,0,0.77,0.18,0.05,15658894,906026,357677,137345,13574700,112514,526222,120156,35968,0.05,0.4,1.23,0.28,0.04,2.17,0.3,NIOZ,2,1,This study,
SO161-5 42,Chilean margin,-73.94,-38.74,210,13.7,10.9,0.42,0.04,0.02,0,0.51,0.01,0.71,0.22,0.08,17652946,1503087,768023,206863,21508136,320441,904334,280197,96640,0.04,0.46,1.26,0.37,0.1,2.96,0.35,NIOZ,2,1,This study,
SO161-5 43,Chilean margin,-73.9,-38.75,184,13.7,10.9,0.36,0.03,0.02,0,0.58,0.01,0.69,0.23,0.09,6473924,526098,270808,88493,10529413,158448,366965,120046,45602,0.04,0.5,1.28,0.4,0.1,2.87,0.37,NIOZ,2,1,This study,
SO161-5 1,Chilean margin,-73.73,-36.95,512,13,9.8,0.44,0.04,0.02,0,0.49,0.01,0.7,0.23,0.08,25710390,2486888,1340072,278027,28676809,469706,830945,273756,90275,0.02,0.46,1.25,0.38,0.22,1.99,0.39,NIOZ,2,1,This study,
SO161-5 14,Chilean margin,-73.22,-36.21,168,13,9.8,0.31,0.03,0.01,0,0.63,0.01,0.67,0.24,0.09,24706270,2100043,1161223,343438,49918980,714112,1188316,418408,157887,0.03,0.51,1.27,0.42,0.17,2.19,0.4,NIOZ,2,1,This study,
SO161-5 8,Chilean margin,-77.84,-36.12,2466,15.7,12.4,0.43,0.07,0.04,0,0.45,0.01,0.7,0.22,0.08,53140043,8340337,4583162,572137,56057734,1603849,1272436,390909,150507,0.01,0.45,1.28,0.38,0.32,1.44,0.41,NIOZ,2,1,This study,
,South Pacific,-164.8,-68.73,,-0.2,-0.5,0.55,0.05,0.02,0,0.37,0.01,0.86,0.11,0.03,0.55,0.05,0.02,0,0.37,0.01,,,,,0.39,1.21,0.17,,7.8,,UAB Barcelona,12,6,"Huguet et al., 2013",
,South Pacific,-91.17,-65.4,,0.5,-0.2,0.53,0.07,0.02,0,0.37,0.01,0.9,0.09,0.01,0.53,0.07,0.02,0,0.37,0.01,,,,,0.3,1.13,0.12,,8.9,,UAB Barcelona,12,6,"Huguet et al., 2013",
,South Pacific,-143.8,-64.97,,-0.9,-1,0.59,0.07,0.02,0,0.32,0.01,,,,0.59,0.07,0.02,0,0.32,0.01,,,,,0.29,,,,3.8,,UAB Barcelona,12,6,"Huguet et al., 2013",
,South Pacific,-89.49,-63,,2.3,1.7,0.45,0.08,0.03,0,0.42,0.01,0.8,0.15,0.05,0.45,0.08,0.03,0,0.42,0.01,,,,,0.38,1.25,0.25,,13.9,,UAB Barcelona,12,6,"Huguet et al., 2013",
,South Pacific,23,-61.5,,0.1,-0.2,0.58,0.05,0.02,0,0.34,0.01,0.85,0.12,0.03,0.58,0.05,0.02,0,0.34,0.01,,,,,0.34,1.18,0.18,,9.3,,UAB Barcelona,12,6,"Huguet et al., 2013",
,South Pacific,-159.59,-61.05,,0.9,0.2,0.55,0.06,0.03,0,0.36,0.01,0.81,0.14,0.06,0.55,0.06,0.03,0,0.36,0.01,,,,,0.39,1.29,0.25,,5.7,,UAB Barcelona,12,6,"Huguet et al., 2013",
,South Pacific,-115.98,-60.77,,2.3,2,0.52,0.07,0.03,0,0.37,0.01,0.81,0.13,0.05,0.52,0.07,0.03,0,0.37,0.01,,,,,0.4,1.29,0.24,,5.5,,UAB Barcelona,12,6,"Huguet et al., 2013",
,South Pacific,-171.36,-59.7,,3.5,2.8,0.53,0.07,0.03,0,0.35,0.01,0.82,0.13,0.06,0.53,0.07,0.03,0,0.35,0.01,,,,,0.42,1.3,0.24,,6.1,,UAB Barcelona,12,6,"Huguet et al., 2013",
,South Pacific,-53.99,-57.15,,2.1,1.3,0.56,0.05,0.02,0,0.35,0.01,0.81,0.19,0,0.56,0.05,0.02,0,0.35,0.01,,,,,0.37,1,0.19,,12.5,,UAB Barcelona,12,6,"Huguet et al., 2013",
,South Pacific,23.01,-56.51,,0,-0.2,0.58,0.05,0.02,0,0.34,0.01,0.83,0.13,0.04,0.58,0.05,0.02,0,0.34,0.01,,,,,0.34,1.22,0.21,,9.3,,UAB Barcelona,12,6,"Huguet et al., 2013",
,South Pacific,-89.55,-53.29,,7,6.2,0.55,0.05,0.03,0,0.35,0.01,0.83,0.12,0.06,0.55,0.05,0.03,0,0.35,0.01,,,,,0.4,1.33,0.23,,6.9,,UAB Barcelona,12,6,"Huguet et al., 2013",
,South Pacific,-85.69,-50.75,,7.7,6.5,0.5,0.07,0.04,0,0.38,0.01,0.75,0.13,0.11,0.5,0.07,0.04,0,0.38,0.01,,,,,0.43,1.46,0.36,,5,,UAB Barcelona,12,6,"Huguet et al., 2013",
,New Zealand,177.15,-45.76,,11,8.7,0.5,0.07,0.04,0,0.38,0.01,0.72,0.2,0.08,0.5,0.07,0.04,0,0.38,0.01,,,,,0.45,1.29,0.36,,3.9,,UAB Barcelona,12,6,"Huguet et al., 2013",
,Central South Atlantic,8.97,-42.87,,10.3,9.4,0.45,0.07,0.04,0,0.42,0.02,0.72,0.19,0.08,0.45,0.07,0.04,0,0.42,0.02,,,,,0.48,1.31,0.36,,13.6,,UAB Barcelona,12,6,"Huguet et al., 2013",
,Chilean margin,-73.65,-32.59,,15.7,12.2,0.42,0.08,0.06,0,0.42,0.02,0.8,0.13,0.07,0.42,0.08,0.06,0,0.42,0.02,,,,,0.49,1.33,0.27,,2.7,,UAB Barcelona,12,6,"Huguet et al., 2013",
,Rio Grande Rise,-35.66,-29.92,,21.9,18.8,0.28,0.06,0.07,0,0.57,0.02,0.84,0.12,0.04,0.28,0.06,0.07,0,0.57,0.02,,,,,0.62,1.27,0.21,,2.9,,UAB Barcelona,12,6,"Huguet et al., 2013",
,Equatorial Atlantic,-10.75,-5.78,,25.9,18.4,0.3,0.07,0.07,0,0.5,0.05,0.66,0.21,0.13,0.3,0.07,0.07,0,0.5,0.05,,,,,0.64,1.39,0.48,,1.7,,UAB Barcelona,12,6,"Huguet et al., 2013",
,Eastern South Atlantic,10.44,-5.18,,25.8,17.4,0.35,0.08,0.08,0.01,0.44,0.03,0.56,0.2,0.24,0.35,0.08,0.08,0.01,0.44,0.03,,,,,0.62,1.55,0.68,,2.6,,UAB Barcelona,12,6,"Huguet et al., 2013",
,Equatorial Atlantic,-37.72,-3.67,,27.3,22.7,0.36,0.08,0.08,0.01,0.45,0.03,0.58,0.22,0.19,0.36,0.08,0.08,0.01,0.45,0.03,,,,,0.6,1.47,0.61,,2.6,,UAB Barcelona,12,6,"Huguet et al., 2013",
,Equatorial Atlantic,-11.88,-1.2,,25.8,17.6,0.35,0.08,0.09,0.02,0.44,0.03,0.38,0.26,0.36,0.35,0.08,0.09,0.02,0.44,0.03,,,,,0.63,1.58,0.97,,1.5,,UAB Barcelona,12,6,"Huguet et al., 2013",
,Equatorial Pacific,-133.6,1.3,,26.5,19.7,0.2,0.07,0.12,0.02,0.53,0.05,0.19,0.29,0.52,0.2,0.07,0.12,0.02,0.53,0.05,,,,,0.74,1.64,1.32,,1.4,,UAB Barcelona,12,6,"Huguet et al., 2013",
,Indian Ocean,73.28,4.93,,28.8,22,0.27,0.07,0.11,0.01,0.48,0.06,0.55,0.23,0.21,0.27,0.07,0.11,0.01,0.48,0.06,,,,,0.73,1.48,0.66,,2.2,,UAB Barcelona,12,6,"Huguet et al., 2013",
,Indian Ocean,90.35,5.38,,28.6,22.2,0.21,0.07,0.11,0.02,0.54,0.05,0.51,0.17,0.32,0.21,0.07,0.11,0.02,0.54,0.05,,,,,0.73,1.65,0.8,,2.4,,UAB Barcelona,12,6,"Huguet et al., 2013",
,South China Sea,112.21,6.16,,28.6,21.9,0.34,0.08,0.09,0.01,0.45,0.04,0.59,0.21,0.2,0.34,0.08,0.09,0.01,0.45,0.04,,,,,0.61,1.49,0.61,,2.7,,UAB Barcelona,12,6,"Huguet et al., 2013",
,Tropical Atlantic,-21.03,18.08,,22.7,17.7,0.15,0.06,0.13,0.02,0.55,0.08,0.41,0.21,0.38,0.15,0.06,0.13,0.02,0.55,0.08,,,,,0.8,1.65,0.97,,0.9,,UAB Barcelona,12,6,"Huguet et al., 2013",
,Red Sea,34.68,27.71,,25.7,23,0.35,0.07,0.07,0.01,0.47,0.03,0.56,0.27,0.17,0.35,0.07,0.07,0.01,0.47,0.03,,,,,0.6,1.38,0.61,,4.3,,UAB Barcelona,12,6,"Huguet et al., 2013",
,Sargasso Sea,-75.42,31.67,,24.3,21.5,0.42,0.09,0.06,0.01,0.4,0.02,0.64,0.26,0.1,0.42,0.09,0.06,0.01,0.4,0.02,,,,,0.51,1.29,0.46,,3.1,,UAB Barcelona,12,6,"Huguet et al., 2013",
,North Pacific,-119.98,32.83,,15.9,11.1,0.3,0.07,0.08,0.02,0.5,0.03,0.45,0.28,0.27,0.3,0.07,0.08,0.02,0.5,0.03,,,,,0.65,1.49,0.82,,2.8,,UAB Barcelona,12,6,"Huguet et al., 2013",
,Mediterranean,2.2,40.13,,18.4,14.1,0.33,0.08,0.09,0.01,0.47,0.02,0.48,0.3,0.22,0.33,0.08,0.09,0.01,0.47,0.02,,,,,0.59,1.42,0.74,,1.5,,UAB Barcelona,12,6,"Huguet et al., 2013",
,Mediterranean,3.54,40.58,,18.5,14.3,0.34,0.07,0.09,0.01,0.46,0.03,0.63,0.16,0.21,0.34,0.07,0.09,0.01,0.46,0.03,,,,,0.64,1.56,0.57,,1.7,,UAB Barcelona,12,6,"Huguet et al., 2013",
,Mediterranean,2.08,40.91,,18.4,14.1,0.41,0.07,0.04,0.01,0.46,0.01,0.51,0.32,0.18,0.41,0.07,0.04,0.01,0.46,0.01,,,,,0.48,1.36,0.67,,1.9,,UAB Barcelona,12,6,"Huguet et al., 2013",
,Arctic,-5,78.8,,-1.1,-0.9,0.61,0.03,0.01,0,0.33,0.01,0.92,0.07,0.02,0.61,0.03,0.01,0,0.33,0.01,,,,,0.44,1.21,0.1,,8.4,,UAB Barcelona,11,6,"Huguet et al., 2013",
,Arctic,-5.6,78.8,,-1.1,-0.9,0.62,0.03,0.01,0,0.32,0.02,0.93,0.06,0.02,0.62,0.03,0.01,0,0.32,0.02,,,,,0.52,1.23,0.09,,9.9,,UAB Barcelona,11,6,"Huguet et al., 2013",
,Arctic,4.6,79.1,,1.8,2.5,0.57,0.03,0.01,0,0.37,0.02,0.9,0.09,0.02,0.57,0.03,0.01,0,0.37,0.02,,,,,0.49,1.16,0.12,,7.6,,UAB Barcelona,11,6,"Huguet et al., 2013",
,Arctic,5.9,80.5,,0.6,2.6,0.58,0.03,0.01,0,0.36,0.02,0.91,0.08,0.02,0.58,0.03,0.01,0,0.36,0.02,,,,,0.56,1.17,0.11,,7.9,,UAB Barcelona,11,6,"Huguet et al., 2013",
,Arctic,152.1,86.53,,-1.6,-0.9,0.57,0.05,0.02,0,0.33,0.01,0.84,0.09,0.06,0.57,0.05,0.02,0,0.33,0.01,,,,,0.42,1.41,0.22,,7.9,,UAB Barcelona,12,6,"Huguet et al., 2013",
,Arctic,-145.71,87.01,,0,-1.1,0.55,0.06,0.02,0,0.35,0.02,0.83,0.09,0.09,0.55,0.06,0.02,0,0.35,0.02,,,,,0.37,1.5,0.26,,7.8,,UAB Barcelona,12,6,"Huguet et al., 2013",
,Arctic,104.66,87.07,,-1.8,-1,0.53,0.04,0.02,0.01,0.39,0.02,0.92,0.06,0.02,0.53,0.04,0.02,0.01,0.39,0.02,,,,,0.48,1.19,0.09,,9.7,,UAB Barcelona,12,6,"Huguet et al., 2013",
ZSQD130,South China Sea,116.46,17.43,3965,27.2,20.5,0.28,0.07,0.09,0.01,0.51,0.05,0.52,0.19,0.29,0.28,0.07,0.09,0.01,0.51,0.05,,,,,0.67,1.61,0.77,,,,BGEG Wuhan,13,2,"Yang et al., 2018",
HS175,South China Sea,115.53,19.17,2595,26.6,20.5,0.27,0.07,0.09,0.01,0.51,0.05,0.43,0.23,0.34,0.27,0.07,0.09,0.01,0.51,0.05,,,,,0.66,1.59,0.91,,,,BGEG Wuhan,13,2,"Yang et al., 2018",
HD146,South China Sea,118.84,22.11,1047,26.1,,0.25,0.08,0.09,0.02,0.52,0.04,0.3,0.28,0.42,0.25,0.08,0.09,0.02,0.52,0.04,,,,,0.66,1.6,1.13,,,,BGEG Wuhan,13,2,"Yang et al., 2018",
STD328,South China Sea,118.28,23.29,41,22.7,,0.22,0.07,0.05,0.02,0.62,0.01,0.18,0.27,0.55,0.22,0.07,0.05,0.02,0.62,0.01,,,,,0.54,1.67,1.38,,,,BGEG Wuhan,13,2,"Yang et al., 2018",
GX126,South China Sea,120.44,20.09,3845,27.3,22.5,0.27,0.07,0.09,0.01,0.51,0.05,0.47,0.19,0.34,0.27,0.07,0.09,0.01,0.51,0.05,,,,,0.67,1.64,0.87,,,,BGEG Wuhan,13,2,"Yang et al., 2018",
STD27,South China Sea,114.31,21.45,71,25.1,,0.23,0.07,0.05,0.02,0.62,0.01,0.16,0.31,0.53,0.23,0.07,0.05,0.02,0.62,0.01,,,,,0.55,1.63,1.37,,,,BGEG Wuhan,13,2,"Yang et al., 2018",
ZJ13,South China Sea,113.86,12.15,4387,28.1,21.2,0.32,0.08,0.08,0.01,0.47,0.03,0.38,0.31,0.31,0.32,0.08,0.08,0.01,0.47,0.03,,,,,0.62,1.5,0.94,,,,BGEG Wuhan,13,2,"Yang et al., 2018",
STD330,South China Sea,118.54,22.82,39,26.1,,0.18,0.07,0.06,0.03,0.64,0.01,0.12,0.24,0.64,0.18,0.07,0.06,0.03,0.64,0.01,,,,,0.58,1.72,1.52,,,,BGEG Wuhan,13,2,"Yang et al., 2018",
ZSQD164,South China Sea,117.02,16.35,4090,27.7,20.9,0.27,0.07,0.09,0.01,0.51,0.05,0.55,0.2,0.25,0.27,0.07,0.09,0.01,0.51,0.05,,,,,0.67,1.55,0.7,,,,BGEG Wuhan,13,2,"Yang et al., 2018",
HYD26,South China Sea,114.48,12.13,4399,28.1,21.4,0.31,0.08,0.08,0.01,0.48,0.03,0.33,0.33,0.34,0.31,0.08,0.08,0.01,0.48,0.03,,,,,0.6,1.5,1.01,,,,BGEG Wuhan,13,2,"Yang et al., 2018",
HYD145,South China Sea,116.7,12.43,3936,28.3,21.8,0.3,0.07,0.09,0.01,0.48,0.05,0.63,0.17,0.19,0.3,0.07,0.09,0.01,0.48,0.05,,,,,0.69,1.53,0.56,,,,BGEG Wuhan,13,2,"Yang et al., 2018",
HS13,South China Sea,115.14,19.96,971,26.6,20.5,0.24,0.07,0.09,0.01,0.55,0.05,0.29,0.34,0.38,0.24,0.07,0.09,0.01,0.55,0.05,,,,,0.69,1.53,1.09,,,,BGEG Wuhan,13,2,"Yang et al., 2018",
HYD114  ,South China Sea,116.15,12.95,4349,28.3,21.8,0.28,0.07,0.09,0.01,0.52,0.03,0.36,0.31,0.33,0.28,0.07,0.09,0.01,0.52,0.03,,,,,0.64,1.52,0.97,,,,BGEG Wuhan,13,2,"Yang et al., 2018",
ZJ81  ,South China Sea,112.78,12.14,4320,28,21,0.29,0.07,0.07,0.01,0.52,0.03,0.32,0.34,0.34,0.29,0.07,0.07,0.01,0.52,0.03,,,,,0.61,1.51,1.02,,,,BGEG Wuhan,13,2,"Yang et al., 2018",
ZSQD97 ,South China Sea,115.89,18.25,3784,26.9,20.4,0.27,0.08,0.09,0.01,0.51,0.05,0.43,0.24,0.33,0.27,0.08,0.09,0.01,0.51,0.05,,,,,0.65,1.59,0.9,,,,BGEG Wuhan,13,2,"Yang et al., 2018",
STD332 ,South China Sea,118.7,22.49,79,26.1,,0.22,0.08,0.06,0.02,0.6,0.02,0.13,0.25,0.61,0.22,0.08,0.06,0.02,0.6,0.02,,,,,0.58,1.71,1.48,,,,BGEG Wuhan,13,2,"Yang et al., 2018",
ZSQD113,South China Sea,116.17,17.98,3890,27.2,20.5,0.26,0.08,0.09,0.01,0.52,0.05,0.43,0.27,0.3,0.26,0.08,0.09,0.01,0.52,0.05,,,,,0.66,1.52,0.87,,,,BGEG Wuhan,13,2,"Yang et al., 2018",
ZSQD180,South China Sea,117.31,16.09,3960,27.7,20.9,0.3,0.07,0.09,0.01,0.48,0.05,0.62,0.16,0.22,0.3,0.07,0.09,0.01,0.48,0.05,,,,,0.66,1.57,0.59,,,,BGEG Wuhan,13,2,"Yang et al., 2018",
STD29,South China Sea,114.47,21.12,83,25.1,,0.26,0.07,0.05,0.02,0.58,0.02,0.18,0.32,0.5,0.26,0.07,0.05,0.02,0.58,0.02,,,,,0.54,1.61,1.33,,,,BGEG Wuhan,13,2,"Yang et al., 2018",
HYD161 ,South China Sea,116.96,12.15,3061,28.3,21.8,0.24,0.07,0.1,0.01,0.53,0.05,0.51,0.2,0.29,0.24,0.07,0.1,0.01,0.53,0.05,,,,,0.7,1.59,0.78,,,,BGEG Wuhan,13,2,"Yang et al., 2018",
HYD41 ,South China Sea,114.76,12.15,4405,28.1,21.4,0.32,0.08,0.09,0.01,0.47,0.03,0.32,0.34,0.35,0.32,0.08,0.09,0.01,0.47,0.03,,,,,0.62,1.51,1.03,,,,BGEG Wuhan,13,2,"Yang et al., 2018",
HS169 ,South China Sea,115.4,19.38,2370,26.6,20.5,0.28,0.08,0.09,0.01,0.5,0.05,0.44,0.22,0.34,0.28,0.08,0.09,0.01,0.5,0.05,,,,,0.66,1.61,0.9,,,,BGEG Wuhan,13,2,"Yang et al., 2018",
STD31,South China Sea,114.66,20.78,102,25.8,15.4,0.23,0.08,0.06,0.02,0.59,0.02,0.16,0.28,0.56,0.23,0.08,0.06,0.02,0.59,0.02,,,,,0.58,1.67,1.4,,,,BGEG Wuhan,13,2,"Yang et al., 2018",
HI-A,Rhone delta,3.65,42.57,334,16.7,13.8,0.38,0.06,0.03,0.01,0.51,0.01,0.44,0.34,0.22,9415906,1515267,832502,234610,12648368,346861,229427,176072,114990,0.02,0.48,1.4,0.78,0.34,2.04,0.45,NIOZ,2,1,This study,"Kim et al., 2010"
HI-B,Rhone delta,3.85,42.44,1022,16.8,13.8,0.34,0.06,0.05,0.01,0.52,0.02,0.48,0.33,0.2,35270200,6201545,5001488,829745,53499655,2312920,728267,501784,302910,0.01,0.57,1.38,0.72,0.47,1.46,0.54,NIOZ,2,1,This study,"Kim et al., 2010"
HI-D,Rhone delta,3.4,42.57,434,16.7,13.8,0.41,0.06,0.03,0.01,0.49,0.01,0.47,0.33,0.19,10981583,1475804,679529,223865,12912985,249144,240906,169687,97267,0.02,0.44,1.36,0.72,0.29,1.88,0.4,NIOZ,2,1,This study,"Kim et al., 2010"
HI-E,Mediterranean,3.53,42.44,990,16.8,13.8,0.36,0.06,0.04,0.01,0.5,0.02,0.53,0.35,0.12,661496,111348,77230,17878,909742,37425,16484,10959,3648,0.03,0.54,1.25,0.59,0.42,1.68,0.51,NIOZ,2,1,This study,"Kim et al., 2010"
HI-F,Rhone delta,3.82,42.37,1497,16.8,13.8,0.27,0.05,0.05,0.01,0.59,0.03,0.46,0.33,0.22,1853045,355620,308777,55254,4066678,198664,64083,45914,30354,0.02,0.61,1.4,0.76,0.47,2.01,0.57,NIOZ,2,1,This study,"Kim et al., 2010"
HI-L,Rhone delta,4.67,42.08,2330,17,13.8,0.32,0.07,0.07,0.01,0.5,0.03,0.49,0.32,0.19,1216534,252518,265215,30411,1889833,128331,23941,15861,9103,0.02,0.63,1.36,0.7,0.55,1.28,0.61,NIOZ,2,1,This study,"Kim et al., 2010"
HI-M,Rhone delta,3.58,42.15,398,16.9,13.8,0.38,0.06,0.03,0.01,0.51,0.01,0.45,0.34,0.21,25515844,3789059,2185491,588624,34493110,893490,679858,502223,313357,0.03,0.49,1.38,0.75,0.33,2.17,0.45,NIOZ,2,1,This study,"Kim et al., 2010"
HII-C',Rhone delta,4.2,42.36,1530,16.8,13.8,0.31,0.06,0.07,0.01,0.52,0.03,0.47,0.33,0.2,7777246,1598309,1631842,181044,12822415,723891,123474,85152,51368,0.01,0.61,1.38,0.72,0.55,1.04,0.6,NIOZ,2,1,This study,"Kim et al., 2010"
HII-G',Rhone delta,3.61,42.31,950,16.8,13.8,0.34,0.06,0.05,0.01,0.52,0.02,0.47,0.33,0.2,26971554,4805744,3570230,649458,41010463,1602885,525510,364303,223404,0.01,0.55,1.38,0.73,0.45,1.4,0.52,NIOZ,2,1,This study,"Kim et al., 2010"
HII-H',Rhone delta,3.82,42.22,1500,16.8,13.8,0.34,0.06,0.05,0.01,0.52,0.02,0.46,0.33,0.21,14723191,2561631,2029705,343303,22144661,898539,274936,199460,124340,0.01,0.56,1.38,0.75,0.47,1.38,0.54,NIOZ,2,1,This study,"Kim et al., 2010"
HII-I',Rhone delta,4.27,42.22,1880,16.9,13.8,0.32,0.06,0.06,0.01,0.52,0.03,0.49,0.32,0.19,5364042,1051943,969246,133113,8657905,448948,105123,69336,42247,0.01,0.6,1.38,0.71,0.51,1.29,0.57,NIOZ,2,1,This study,"Kim et al., 2010"
HII-L',Rhone delta,4.67,42.08,2300,17,13.8,0.3,0.06,0.07,0.01,0.53,0.03,0.48,0.32,0.19,28977152,6013696,6754495,644344,50941929,3178062,564299,378028,221656,0.01,0.64,1.37,0.71,0.56,1.19,0.62,NIOZ,2,1,This study,"Kim et al., 2010"
HII-N',Rhone delta,3.78,42.13,1000,16.9,13.8,0.38,0.06,0.04,0.01,0.5,0.01,0.46,0.34,0.2,24066419,3620554,2240262,506775,31580219,885861,521266,381556,224144,0.02,0.5,1.37,0.74,0.37,1.76,0.47,NIOZ,2,1,This study,"Kim et al., 2010"
HII-O',Rhone delta,4.04,42.12,1880,16.9,13.8,0.28,0.06,0.06,0.01,0.56,0.03,0.45,0.34,0.21,2399318,482641,494025,61043,4767381,267578,49551,37267,23347,0.02,0.63,1.39,0.76,0.55,1.28,0.61,NIOZ,2,1,This study,"Kim et al., 2010"
HII-PLA,Rhone delta,5.2,43.02,1095,17.2,13.8,0.34,0.06,0.05,0.01,0.52,0.02,0.47,0.33,0.21,25518350,4570717,3698581,589296,38372825,1654441,482619,336012,212635,0.01,0.57,1.39,0.74,0.47,1.37,0.54,NIOZ,2,1,This study,"Kim et al., 2010"
HII-MIN,Rhone delta,4.03,40.49,2370,18.8,14.5,0.31,0.06,0.07,0.01,0.52,0.03,0.48,0.32,0.2,27852827,5705999,5795625,644921,45821493,2618065,489162,327933,199396,0.01,0.61,1.38,0.71,0.54,1.14,0.59,NIOZ,2,1,This study,"Kim et al., 2010"
MT34bis,Rhone delta,3.33,42.69,91,16.7,13.8,0.42,0.06,0.02,0.01,0.48,0.01,0.44,0.36,0.2,743473,99594,42572,17096,853334,15425,24478,20205,11481,0.05,0.43,1.36,0.77,0.22,3.07,0.38,NIOZ,2,1,This study,"Kim et al., 2010"
MT37bis,Rhone delta,3.21,42.58,81,16.7,13.8,0.42,0.05,0.02,0.01,0.5,0.01,0.44,0.36,0.2,32802606,3628938,1322771,606788,39014614,419957,910609,738127,416640,0.06,0.39,1.36,0.76,0.18,2.59,0.34,NIOZ,2,1,This study,"Kim et al., 2010"
MT353,Rhone delta,3.15,42.71,51,16.6,13.8,0.48,0.04,0.02,0.01,0.45,0,0.5,0.34,0.17,584881,54656,18519,9637,552758,6053,17925,12193,6016,0.11,0.38,1.33,0.67,0.13,2.86,0.32,NIOZ,2,1,This study,"Kim et al., 2010"
MT10,Rhone delta,4.42,43.35,28,16.7,13.8,0.45,0.04,0.02,0.01,0.48,0,0.47,0.32,0.21,187728,18517,7082,3434,201062,0,7588,5184,3353,0.34,0.36,1.39,0.74,0.06,3.72,0.29,NIOZ,2,1,This study,"Kim et al., 2010"
MT11,Rhone delta,4.33,43.16,86,16.7,13.8,0.43,0.06,0.02,0.01,0.48,0.01,,,,174826,23216,9179,3666,194233,3054,,,,0.02,0.41,,,,,0.41,NIOZ,2,1,This study,"Kim et al., 2010"
MT14,Rhone delta,4.2,43.38,43,16.6,13.8,0.44,0.04,0.02,0.01,0.48,0.01,0.46,0.35,0.19,339236,34072,12568,5556,372161,4076,13239,10225,5550,0.16,0.39,1.35,0.73,0.11,3.64,0.32,NIOZ,2,1,This study,"Kim et al., 2010"
MT16,Rhone delta,4.09,43.22,92,16.6,13.8,0.38,0.05,0.02,0.01,0.52,0.01,0.43,0.34,0.24,260580,36188,15422,5913,357057,5896,12351,9815,6840,0.08,0.43,1.41,0.81,0.16,4.09,0.36,NIOZ,2,1,This study,"Kim et al., 2010"
MT17,Rhone delta,4.21,43.03,93,16.7,13.8,0.4,0.05,0.02,0.01,0.51,0.01,0.43,0.34,0.23,3746568,504230,206876,85887,4865448,71288,119679,94076,64939,0.06,0.42,1.41,0.8,0.21,2.86,0.37,NIOZ,2,1,This study,"Kim et al., 2010"
MT20,Rhone delta,3.41,43.27,29,16.5,13.8,0.47,0.04,0.02,0.01,0.46,0,0.48,0.34,0.18,1304718,120436,42589,21532,1282621,12625,39831,28082,14807,0.19,0.39,1.35,0.7,0.13,2.89,0.32,NIOZ,2,1,This study,"Kim et al., 2010"
MT24,Rhone delta,3.67,43.17,81,16.6,13.8,0.42,0.05,0.02,0.01,0.5,0.01,0.44,0.35,0.21,10022561,1221371,464211,198263,11918839,145897,313987,244881,146759,0.05,0.4,1.37,0.76,0.18,2.86,0.34,NIOZ,2,1,This study,"Kim et al., 2010"
MT25,Rhone delta,3.85,43.05,100,16.6,13.8,0.54,0.06,0.02,0.01,0.37,0.01,0.47,0.34,0.2,26771678,2838598,1097202,483533,18427335,338730,837744,599894,352433,0.12,0.4,1.37,0.73,0.17,3.46,0.34,NIOZ,2,1,This study,"Kim et al., 2010"
MT29bis,Rhone delta,3.45,42.91,93,16.6,13.8,0.44,0.06,0.03,0.01,0.46,0.01,0.45,0.35,0.21,214209,28781,12362,4445,225065,3824,6596,5109,3097,0.02,0.42,1.38,0.76,0.22,2.94,0.37,NIOZ,2,1,This study,"Kim et al., 2010"
MT31,Rhone delta,3.73,42.82,124,16.7,13.8,0.4,0.06,0.03,0.01,0.5,0.01,0.43,0.34,0.23,4154168,610076,268810,97364,5257807,95500,110314,87382,59822,0.03,0.43,1.41,0.8,0.26,2.4,0.39,NIOZ,2,1,This study,"Kim et al., 2010"
MT33,Rhone delta,3.15,43.03,33,16.5,13.8,0.45,0.04,0.01,0.01,0.48,0,0.45,0.36,0.19,2232384,209241,72043,36373,2423108,24407,86514,70634,36931,0.16,0.39,1.34,0.74,0.09,3.74,0.31,NIOZ,2,1,This study,"Kim et al., 2010"
T1,Rhone delta,3.07,42.72,26,16.6,13.8,0.47,0.04,0.02,0.01,0.45,0.01,0.44,0.34,0.21,301457,27928,10800,4755,287441,4291,7964,6193,3835,0.27,0.42,1.38,0.77,0.18,2.75,0.36,NIOZ,2,1,This study,"Kim et al., 2010"
T3,Rhone delta,3.09,42.7,34,16.6,13.8,0.47,0.04,0.01,0.01,0.46,0,0.49,0.33,0.19,205350,18555,6394,3491,202868,0,8174,5476,3147,0.23,0.35,1.36,0.7,0.04,3.7,0.27,NIOZ,2,1,This study,"Kim et al., 2010"
T4,Rhone delta,3.13,42.69,48,16.6,13.8,0.49,0.04,0.01,0.01,0.45,0,0.5,0.34,0.16,799931,65894,20374,11679,742311,7632,24665,16660,8158,0.14,0.38,1.33,0.67,0.1,2.92,0.3,NIOZ,2,1,This study,"Kim et al., 2010"
T5,Rhone delta,3.18,42.69,59,16.6,13.8,0.45,0.04,0.01,0.01,0.48,0.01,0.46,0.36,0.18,1121861,102808,36031,19940,1197763,13125,47957,37056,19285,0.24,0.4,1.34,0.73,0.08,4.02,0.31,NIOZ,2,1,This study,"Kim et al., 2010"
T6,Rhone delta,3.13,42.66,48,16.7,13.8,0.49,0.04,0.01,0.01,0.44,0,0.5,0.34,0.16,1763214,156397,52124,27759,1605369,16364,52200,35909,16851,0.1,0.38,1.32,0.66,0.12,2.82,0.32,NIOZ,2,1,This study,"Kim et al., 2010"
BT-A,Rhone delta,5.02,42.47,1987,16.8,13.8,0.32,0.07,0.06,0.01,0.52,0.03,0.49,0.32,0.2,3375776,685878,651481,85279,5430367,311813,66331,43365,26773,0.01,0.6,1.38,0.71,0.53,1.28,0.58,NIOZ,2,1,This study,"Kim et al., 2010"
BT-B,Rhone delta,4.93,42.66,1488,16.8,13.8,0.31,0.06,0.06,0.01,0.52,0.03,0.47,0.31,0.22,1348589,280784,270905,39892,2262291,134316,29694,19750,13722,0.03,0.61,1.41,0.75,0.53,1.44,0.59,NIOZ,2,1,This study,"Kim et al., 2010"
BT-C,Rhone delta,4.78,42.72,980,16.9,13.8,0.33,0.06,0.06,0.01,0.52,0.03,0.46,0.32,0.21,2830515,542489,475115,69164,4457270,218534,55251,38698,25458,0.02,0.58,1.4,0.75,0.5,1.37,0.56,NIOZ,2,1,This study,"Kim et al., 2010"
BT-D,Rhone delta,4.74,42.79,745,16.9,13.8,0.34,0.07,0.05,0.01,0.51,0.02,0.48,0.32,0.21,2254046,429322,339083,54043,3368501,158961,45997,30713,19789,0.02,0.56,1.39,0.73,0.47,1.44,0.54,NIOZ,2,1,This study,"Kim et al., 2010"
BT-E,Rhone delta,4.72,42.82,552,16.9,13.8,0.35,0.06,0.04,0.01,0.52,0.02,0.47,0.32,0.21,4913648,868030,619353,128943,7287414,299619,109438,74235,49101,0.02,0.55,1.4,0.74,0.44,1.62,0.52,NIOZ,2,1,This study,"Kim et al., 2010"
BT-F,Rhone delta,4.73,42.88,343,16.9,13.8,0.37,0.06,0.03,0.01,0.52,0.01,0.45,0.33,0.22,8440117,1323413,754355,201399,11806510,337782,184732,132970,88891,0.02,0.49,1.4,0.76,0.37,1.75,0.46,NIOZ,2,1,This study,"Kim et al., 2010"
BT-G,Rhone delta,4.71,42.9,148,16.9,13.8,0.39,0.06,0.03,0.01,0.49,0.01,0.42,0.35,0.23,579433,93721,44058,15463,718383,17346,17346,14760,9503,0.03,0.45,1.39,0.81,0.28,2.76,0.41,NIOZ,2,1,This study,"Kim et al., 2010"
Riomar A',Rhone delta,4.85,43.32,8,16.9,13.8,0.6,0.04,0.02,0.01,0.33,0,0.51,0.28,0.21,2049511,124810,58882,24776,1116096,15761,37430,20611,15500,0.74,0.44,1.43,0.7,0.21,2.12,0.38,NIOZ,2,1,This study,"Kim et al., 2010"
Riomar B,Rhone delta,4.84,43.3,57,16.9,13.8,0.56,0.04,0.02,0.01,0.36,0.01,0.47,0.32,0.22,938275,73443,34401,15082,604124,12679,20411,13807,9383,0.6,0.46,1.4,0.75,0.23,2.53,0.4,NIOZ,2,1,This study,"Kim et al., 2010"
Riomar C,Rhone delta,4.78,43.27,76,16.9,13.8,0.45,0.05,0.02,0.01,0.46,0.01,,,,174752,18163,8134,3583,179866,3043,,,,0.27,0.45,,,,,0.45,NIOZ,2,1,This study,"Kim et al., 2010"
Riomar D,Rhone delta,4.73,43.25,73,16.9,13.8,0.45,0.04,0.02,0.01,0.47,0.01,0.46,0.36,0.19,725226,69214,26775,11736,760490,10113,23184,18149,9430,0.17,0.41,1.34,0.73,0.15,3.07,0.34,NIOZ,2,1,This study,"Kim et al., 2010"
Riomar E,Rhone delta,4.7,43.22,75,16.8,13.8,0.44,0.05,0.02,0.01,0.48,0.01,0.45,0.34,0.2,591299,62504,24820,10826,644437,9986,19053,14331,8555,0.13,0.42,1.37,0.75,0.18,3.03,0.36,NIOZ,2,1,This study,"Kim et al., 2010"
Riomar F,Rhone delta,4.65,43.17,78,16.8,13.8,0.43,0.05,0.02,0.01,0.49,0.01,,,,180415,19819,8363,3089,206121,3033,,,,0.1,0.42,,,,,0.42,NIOZ,2,1,This study,"Kim et al., 2010"
Riomar G,Rhone delta,4.79,43.31,48,16.9,13.8,0.51,0.04,0.02,0.01,0.42,0.01,0.45,0.33,0.22,683111,58818,24282,11903,561791,7342,16300,12161,7991,0.43,0.43,1.4,0.77,0.2,2.63,0.37,NIOZ,2,1,This study,"Kim et al., 2010"
Riomar H,Rhone delta,4.82,43.27,86,17,13.8,0.43,0.04,0.02,0.01,0.49,0.01,0.45,0.34,0.21,3911518,377444,159786,72853,4432503,57208,131961,99887,62023,0.24,0.43,1.38,0.76,0.16,3.16,0.36,NIOZ,2,1,This study,"Kim et al., 2010"
Riomar I,Rhone delta,4.88,43.27,89,17.1,13.8,0.44,0.04,0.02,0.01,0.49,0.01,0.45,0.34,0.21,12234172,1250227,489686,225277,13743824,175535,341997,256732,154637,0.15,0.42,1.38,0.75,0.19,2.61,0.36,NIOZ,2,1,This study,"Kim et al., 2010"
Riomar J,Rhone delta,4.89,43.27,86,17.1,13.8,0.42,0.05,0.02,0.01,0.49,0.01,,,,181077,22259,8251,3207,211783,3201,,,,0.12,0.4,,,,,0.4,NIOZ,2,1,This study,"Kim et al., 2010"
Riomar K',Rhone delta,4.86,43.3,62,16.9,13.8,0.52,0.04,0.02,0.01,0.4,0.01,0.45,0.33,0.22,6115006,502064,241339,107564,4683483,77885,145008,105723,71918,0.54,0.46,1.4,0.77,0.23,2.68,0.4,NIOZ,2,1,This study,"Kim et al., 2010"
Riomar M,Rhone delta,4.73,43.17,91,16.9,13.8,0.41,0.06,0.02,0.01,0.49,0.01,0.46,0.33,0.22,1585106,218647,90924,39013,1880614,30502,56489,40447,27129,0.06,0.42,1.4,0.76,0.21,3.13,0.37,NIOZ,2,1,This study,"Kim et al., 2010"
Riomar N,Rhone delta,4.8,43.3,65,16.9,13.8,0.48,0.04,0.02,0.01,0.44,0.01,0.46,0.33,0.21,2349642,211834,90476,42772,2161409,28654,59909,43589,27038,,0.43,1.38,0.75,0.2,2.6,0.37,NIOZ,2,1,This study,"Kim et al., 2010"
Riomar O,Rhone delta,4.84,43.28,79,17,13.8,0.47,0.05,0.02,0.01,0.45,0.01,0.42,0.34,0.24,304125,31282,12953,5851,292485,5001,6896,5477,3861,0.33,0.43,1.41,0.81,0.24,2.43,0.38,NIOZ,2,1,This study,"Kim et al., 2010"
Riomar T,Rhone delta,4.87,43.32,14,16.9,13.8,0.66,0.04,0.02,0.01,0.27,0.01,0.46,0.27,0.27,1948226,107619,56582,22480,802692,19912,32301,19037,18610,0.89,0.48,1.49,0.8,0.24,2.31,0.41,NIOZ,2,1,This study,"Kim et al., 2010"
Riomar R2,Rhone delta,4.88,43.24,98,17.1,13.8,0.39,0.05,0.02,0.01,0.53,0.01,0.42,0.34,0.24,3329753,384589,155500,71342,4427171,62605,110587,90806,62284,0.16,0.43,1.41,0.82,0.19,3.03,0.37,NIOZ,2,1,This study,"Kim et al., 2010"
KNR BC 3,Amazon shelf,-48.61,4.46,1711,27.5,23.4,0.27,0.07,0.07,0.01,0.55,0.03,0.5,0.24,0.26,29243725,7406376,7984898,1228267,59838292,3770963,197097,95588,101941,0.06,0.64,1.52,0.76,0.62,0.36,0.63,NIOZ,5,1,This study,"Zell et al., 2014"
KNR BC 14,Amazon shelf,-48.35,4.04,1088,27.5,23.4,0.27,0.07,0.07,0.01,0.55,0.03,0.48,0.28,0.24,21217689,5562219,5925880,845704,43706099,2736901,78772,46744,40099,0.07,0.63,1.46,0.77,0.62,0.21,0.63,NIOZ,5,1,This study,"Zell et al., 2014"
KNR BC17,Amazon shelf,-48.54,3.96,738,27.4,21.3,0.26,0.07,0.08,0.01,0.54,0.03,0.45,0.28,0.27,33592808,9335703,10232306,1460012,68703371,4435189,101654,63028,59549,0.05,0.63,1.49,0.81,0.62,0.18,0.63,NIOZ,5,1,This study,"Zell et al., 2014"
KNR BC 24,Amazon shelf,-48.61,3.95,64,27.4,21.3,0.28,0.08,0.08,0.01,0.52,0.03,0.43,0.3,0.27,51480605,14034524,14585209,2293581,98034221,6435873,238989,164019,148217,0.07,0.62,1.47,0.84,0.61,0.29,0.62,NIOZ,5,1,This study,"Zell et al., 2014"
KNR MC 28,Amazon shelf,-49.06,3.68,107,27.3,,0.29,0.07,0.07,0.01,0.52,0.03,0.61,0.2,0.19,23340593,5831724,5901236,699431,41972688,2397461,216276,70170,65316,0.05,0.61,1.48,0.57,0.58,0.44,0.6,NIOZ,5,1,This study,"Zell et al., 2014"
KNR MC 39,Amazon shelf,-49.86,3.19,32,27.5,,0.15,0.04,0.06,0.03,0.69,0.03,0.14,0.12,0.74,8828359,2633377,3392648,1997405,40847763,1514208,40718,35866,216518,0.52,0.72,1.86,1.6,0.7,0.49,0.72,NIOZ,5,1,This study,"Zell et al., 2014"
KNR BC 44,Amazon shelf,-48.17,3.78,1014,27.4,21.3,0.26,0.07,0.08,0.01,0.54,0.03,0.44,0.29,0.28,17164372,4584839,5047014,656653,35331209,2204918,128588,84258,82441,0.05,0.63,1.49,0.84,0.61,0.45,0.63,NIOZ,5,1,This study,"Zell et al., 2014"
KNR BC 50,Amazon shelf,-47.64,3.07,1028,27.3,23.1,0.27,0.07,0.08,0.01,0.54,0.04,0.5,0.23,0.27,55175333,14978375,16662380,2178644,111225225,7399921,526719,242737,285796,0.05,0.64,1.54,0.77,0.61,0.51,0.63,NIOZ,5,1,This study,"Zell et al., 2014"
KNR BC 55,Amazon shelf,-47.64,3.07,2079,27.4,23.1,0.27,0.07,0.07,0.01,0.55,0.03,0.44,0.29,0.27,21915966,5468604,5749481,841542,44184415,2629216,208042,135403,126216,0.09,0.63,1.48,0.83,0.59,0.58,0.62,NIOZ,5,1,This study,"Zell et al., 2014"
KNR BC 61,Amazon shelf,-47.74,2.85,609,27.3,,0.28,0.06,0.06,0.01,0.55,0.03,0.42,0.32,0.27,6582049,1504905,1497232,319441,12762148,700629,67609,51081,43040,0.35,0.63,1.46,0.85,0.59,0.69,0.62,NIOZ,5,1,This study,"Zell et al., 2014"
KNR BC 66,Amazon shelf,-47.85,2.57,110,27.3,,0.12,0.06,0.06,0.05,0.68,0.03,0.12,0.16,0.72,718911,400233,388239,284509,4280393,177682,3917,4949,22691,0.02,0.68,1.82,1.59,0.66,0.5,0.68,NIOZ,5,1,This study,"Zell et al., 2014"
KNR BC 69,Amazon shelf,-48.05,2.09,65,27.8,,0.08,0.05,0.05,0.05,0.75,0.02,0.14,0.2,0.66,875320,555875,504508,548141,8305944,217756,3822,5464,17712,0.06,0.7,1.76,1.51,0.68,0.24,0.69,NIOZ,5,1,This study,"Zell et al., 2014"
KNR BC 71,Amazon shelf,-46.25,3.39,3375,27.4,23.2,0.26,0.07,0.07,0.01,0.56,0.04,0.53,0.2,0.27,5746355,1534805,1576743,197093,12461230,789862,103435,39276,53205,0.08,0.63,1.58,0.74,0.57,0.87,0.61,NIOZ,5,1,This study,"Zell et al., 2014"
KNR BC 80,Amazon shelf,-44.35,0.66,2372,27.4,22.4,0.35,0.06,0.05,0.01,0.5,0.03,0.6,0.26,0.14,2146734,376829,334462,51984,3108522,157336,34563,14717,8091,0.79,0.59,1.35,0.54,0.52,0.92,0.57,NIOZ,5,1,This study,"Zell et al., 2014"
KNR BC 90,Amazon shelf,-42.74,-1.03,3113,27.2,22.7,0.29,0.07,0.07,0.01,0.53,0.03,0.6,0.2,0.2,27683179,7018565,7104698,845677,51258902,2959467,294441,96871,99748,0.06,0.61,1.51,0.6,0.58,0.5,0.6,NIOZ,5,1,This study,"Zell et al., 2014"
Y9 SSB,Siberian coast,80.27,73.15,,0.7,-0.1,0.49,0.02,0,0,0.48,0,0.91,0.07,0.02,5584680,199416,56329,38380,5480736,27210,681708,54845,13537,0.77,0.38,1.2,0.11,-0.52,6.18,0.12,NIOZ,5,1,This study,
Y10 SS,Siberian coast,79.98,73.08,15,1.1,-0.2,0.41,0.01,0,0,0.57,0,0.91,0.07,0.02,3527121,118533,32848,27167,4937450,22828,494078,39092,9253,0.78,0.41,1.19,0.11,-0.55,5.89,0.12,NIOZ,5,1,This study,
Y11 SS,Siberian coast,80.14,72.65,17,0.7,-0.1,0.51,0.02,0.01,0,0.45,0,0.88,0.09,0.02,6509273,258008,73655,44649,5759416,32334,727982,75083,20058,0.83,0.37,1.21,0.14,-0.47,6.1,0.13,NIOZ,5,1,This study,
Y12 SS,Siberian coast,75.81,71.78,10.5,2.4,0,0.5,0.02,0.01,0,0.46,0,0.88,0.09,0.03,26599734,1233295,348209,173305,24404997,122801,2631879,278421,83857,0.76,0.34,1.23,0.15,-0.41,5.36,0.14,NIOZ,5,1,This study,
Y13 SS,Siberian coast,75.98,71.78,6.5,2.4,0,0.48,0.03,0.01,0,0.48,0,0.84,0.12,0.04,9799239,507846,139290,69242,9665387,50608,973564,142226,42817,0.79,0.34,1.23,0.2,-0.37,5.42,0.15,NIOZ,5,1,This study,
Y14 SS,Siberian coast,77.38,71.18,2,1.2,0,0.71,0.05,0.02,0.01,0.21,0,0.74,0.17,0.09,1912753,129917,61958,24765,557589,9478,56183,12987,6596,0.99,0.43,1.34,0.35,0.13,2.73,0.34,NIOZ,5,1,This study,
Y15  SS,Siberian coast,77.46,71.19,4,1.2,0,0.67,0.05,0.02,0.01,0.25,0,0.66,0.2,0.14,312661,24671,10828,4150,116596,0,15799,4803,3352,0.99,0.38,1.41,0.48,-0.01,4.86,0.27,NIOZ,5,1,This study,
Y16 SS ,Siberian coast,77.57,71.22,7.1,1.2,0,0.57,0.05,0.02,0.01,0.34,0,0.7,0.2,0.1,1507895,137088,65805,28104,908678,11093,68963,19477,9711,0.98,0.43,1.33,0.4,0.11,3.56,0.34,NIOZ,5,1,This study,
Y17 SS,Siberian coast,77.69,71.24,4.5,1.2,0,0.65,0.05,0.02,0.01,0.27,0,0.71,0.2,0.09,2705811,198681,78070,31310,1138540,12553,88187,24801,11385,0.98,0.38,1.31,0.38,0.08,2.9,0.3,NIOZ,5,1,This study,
Y18 SS,Siberian coast,77.05,72.45,4.1,1.2,0,0.51,0.02,0,0,0.46,0,0.88,0.09,0.03,22430335,896212,213904,119323,20100168,94479,2089297,225135,60082,0.7,0.32,1.21,0.15,-0.45,5.14,0.13,NIOZ,5,1,This study,
Y19 SS,Siberian coast,77.52,72.62,5.8,1.2,0,0.53,0.03,0.01,0,0.42,0,0.81,0.15,0.04,1286233,71515,17070,7445,1022238,6706,107373,19462,5604,0.7,0.3,1.22,0.23,-0.32,5.21,0.15,NIOZ,5,1,This study,
Y21 SS,Siberian coast,79.3,72.56,13.5,1.1,-0.2,0.46,0.02,0,0,0.52,0,0.88,0.09,0.02,9084929,343461,94347,66347,10317274,49569,1475849,153080,39771,0.84,0.38,1.21,0.14,-0.57,7.72,0.1,NIOZ,5,1,This study,
Y23 SSB,Siberian coast,82.78,71.84,23.5,0.7,-0.1,0.63,0.05,0.02,0.01,0.29,0,0.75,0.15,0.1,931788,75422,33323,13108,425107,6299,45053,8971,5817,0.98,0.41,1.39,0.34,0.04,3.87,0.3,NIOZ,5,1,This study,
Y24 SS,Siberian coast,82.75,71.81,8.5,0.7,-0.1,0.71,0.06,0.03,0.01,0.19,0,0.68,0.16,0.16,966595,79293,35156,12012,263538,5607,31091,7516,7215,0.99,0.4,1.49,0.48,0.12,3.25,0.32,NIOZ,5,1,This study,
KS SS1,Kara Sea,78.09,77.22,126,0.6,-0.8,0.45,0.01,0,0,0.53,0,0.96,0.03,0.01,5412635,140737,31359,31270,6462170,26153,600159,21743,4056,0.38,0.39,1.16,0.05,-0.6,4.92,0.11,NIOZ,5,1,This study,
KS SS2,Kara Sea,68.91,75.84,320,1.7,-1.1,0.52,0.01,0,0,0.46,0,0.94,0.05,0.01,25229345,694316,166187,137348,22349327,84270,3713626,206718,40942,0.57,0.36,1.17,0.07,-0.66,7.53,0.08,NIOZ,5,1,This study,
KS SS4,Kara Sea,72.8,78.48,476,-0.6,-0.3,0.51,0.01,0,0,0.46,0,0.94,0.05,0.01,14291593,379484,88975,78398,12914482,47281,1572616,86775,15589,0.49,0.36,1.15,0.07,-0.6,5.68,0.1,NIOZ,5,1,This study,
KS SS5,Kara Sea,78.62,74.29,28,2.2,-0.1,0.49,0.01,0,0,0.49,0,0.94,0.05,0.01,18572220,488586,111469,96782,18691975,66921,2595457,141617,23670,0.39,0.36,1.14,0.07,-0.66,6.77,0.08,NIOZ,5,1,This study,
KS SS6,Kara Sea,83.2,75.68,52,1.9,-0.1,0.49,0.01,0,0,0.49,0,0.94,0.05,0.01,8204382,244378,49724,48327,8117895,31870,865573,49839,8222,0.43,0.35,1.14,0.07,-0.57,5.24,0.1,NIOZ,5,1,This study,
KS SS7,Kara Sea,84.86,76.09,51,-0.2,-0.4,0.52,0.02,0,0,0.46,0,0.94,0.05,0.01,21950878,633813,126669,121262,19175833,71727,3429343,181019,29202,0.36,0.34,1.14,0.07,-0.68,7.96,0.07,NIOZ,5,1,This study,
KS SS8,Kara Sea,73.3,73.56,25,1.7,0,0.54,0.02,0,0,0.43,0,0.95,0.04,0.01,13256413,406239,76785,71445,10550892,39467,1812164,77981,11880,0.4,0.32,1.13,0.05,-0.65,7.23,0.08,NIOZ,5,1,This study,
KS SS9,Kara Sea,75.09,73.84,22,1.6,0,0.51,0.01,0,0,0.47,0,0.97,0.03,0,66400584,1597915,343318,285919,60375633,194089,10055279,299930,45536,0.06,0.34,1.13,0.04,-0.72,7.45,0.07,NIOZ,5,1,This study,
PS75/105-1,South Pacific,174.63,-44.41,669,11.4,9.5,0.51,0.05,0.02,0.01,0.4,0.01,0.69,0.22,0.09,0.51,0.05,0.02,0.01,0.4,0.01,,,,,0.45,1.3,0.41,0,5.63,0.31,AWI,7,5,"Fietz et al., 2016","Ho et al., 2014"
PS75/104-2,South Pacific,174.53,-44.77,835,11.4,9.5,0.51,0.06,0.03,0.01,0.39,0.01,0.72,0.21,0.07,0.51,0.06,0.03,0.01,0.39,0.01,,,,,0.44,1.25,0.36,0.02,5.56,0.31,AWI,7,5,"Fietz et al., 2016","Ho et al., 2014"
PS75/101-2,South Pacific,175.88,-45.81,1773,11,8.7,0.5,0.07,0.03,0,0.38,0.01,0.73,0.19,0.08,0.5,0.07,0.03,0,0.38,0.01,,,,,0.42,1.29,0.36,0.1,4.33,0.33,AWI,7,5,"Fietz et al., 2016","Ho et al., 2014"
PS75/099-1 ,South Pacific,177.27,-48.26,1270,9.1,7.9,0.51,0.06,0.03,0,0.37,0.01,0.76,0.15,0.08,0.51,0.06,0.03,0,0.37,0.01,,,,,0.46,1.35,0.32,0.06,5.33,0.33,AWI,7,5,"Fietz et al., 2016","Ho et al., 2014"
PS75/051-2,South Pacific,-107.81,-52.81,3977,6.8,6.6,0.47,0.06,0.03,0,0.41,0.02,0.81,0.13,0.07,0.47,0.06,0.03,0,0.41,0.02,,,,,0.45,1.35,0.26,0.08,4.7,0.34,AWI,7,5,"Fietz et al., 2016","Ho et al., 2014"
PS75/098-6,South Pacific,-179.01,-52.97,5187,8.1,7.3,0.51,0.07,0.03,0,0.37,0.02,0.8,0.13,0.07,0.51,0.07,0.03,0,0.37,0.02,,,,,0.44,1.34,0.27,0.07,4.99,0.33,AWI,7,5,"Fietz et al., 2016","Ho et al., 2014"
PS75/034-1,South Pacific,-80.09,-54.37,4450,6.7,5.9,0.49,0.07,0.04,0,0.4,0.01,0.8,0.14,0.06,0.49,0.07,0.04,0,0.4,0.01,,,,,0.39,1.32,0.26,0.04,4.58,0.29,AWI,7,5,"Fietz et al., 2016","Ho et al., 2014"
PS75/076-1 ,South Pacific,-156.14,-55.53,3745,4.4,3.7,0.5,0.07,0.03,0,0.38,0.01,0.81,0.14,0.05,0.5,0.07,0.03,0,0.38,0.01,,,,,0.4,1.26,0.24,-0.03,6.16,0.28,AWI,7,5,"Fietz et al., 2016","Ho et al., 2014"
PS75/074-1,South Pacific,-152.66,-56.25,3318,2.2,1.6,0.53,0.07,0.03,0,0.35,0.02,0.78,0.16,0.06,0.53,0.07,0.03,0,0.35,0.02,,,,,0.41,1.26,0.28,-0.03,6.53,0.28,AWI,7,5,"Fietz et al., 2016","Ho et al., 2014"
PS75/095-6,South Pacific,-174.43,-57.02,4857,5,4.8,0.52,0.07,0.03,0,0.37,0.01,0.81,0.14,0.05,0.52,0.07,0.03,0,0.37,0.01,,,,,0.4,1.28,0.25,-0.01,5.59,0.28,AWI,7,5,"Fietz et al., 2016","Ho et al., 2014"
PS75/095-6,South Pacific,-151.22,-57.56,3096,0.8,0.4,0.56,0.07,0.03,0,0.33,0.01,0.82,0.14,0.05,0.56,0.07,0.03,0,0.33,0.01,,,,,0.37,1.25,0.23,-0.07,5.85,0.25,AWI,7,5,"Fietz et al., 2016","Ho et al., 2014"
PS75/080-2,South Pacific,-157.64,-58.18,3870,1.5,1.2,0.54,0.06,0.03,0,0.35,0.01,0.82,0.13,0.05,0.54,0.06,0.03,0,0.35,0.01,,,,,0.37,1.28,0.24,-0.04,5.14,0.26,AWI,7,5,"Fietz et al., 2016","Ho et al., 2014"
PS75/062-1,South Pacific,-135.63,-58.28,4147,2.5,1.5,0.55,0.07,0.03,0,0.34,0.01,0.7,0.24,0.06,0.55,0.07,0.03,0,0.34,0.01,,,,,0.36,1.21,0.37,-0.13,9.04,0.23,AWI,7,5,"Fietz et al., 2016","Ho et al., 2014"
PS75/070-1,South Pacific,-150.07,-58.58,2839,0.4,0.1,0.55,0.06,0.02,0,0.35,0.01,0.78,0.16,0.06,0.55,0.06,0.02,0,0.35,0.01,,,,,0.36,1.27,0.28,-0.09,5.86,0.24,AWI,7,5,"Fietz et al., 2016","Ho et al., 2014"
PS75/063-2,South Pacific,-135.62,-58.9,3790,2.5,1.5,0.55,0.06,0.02,0,0.35,0.01,0.82,0.13,0.05,0.55,0.06,0.02,0,0.35,0.01,,,,,0.41,1.28,0.23,-0.03,5.24,0.28,AWI,7,5,"Fietz et al., 2016","Ho et al., 2014"
PS75/082-2,South Pacific,-158.36,-59.04,4004,1.8,1.4,0.54,0.07,0.03,0,0.35,0.01,0.81,0.13,0.06,0.54,0.07,0.03,0,0.35,0.01,,,,,0.37,1.33,0.26,-0.01,5.17,0.27,AWI,7,5,"Fietz et al., 2016","Ho et al., 2014"
PS75/092-1,South Pacific,-169.5,-60.67,3833,2.2,1.6,0.51,0.08,0.03,0,0.36,0.01,0.8,0.14,0.06,0.51,0.08,0.03,0,0.36,0.01,,,,,0.39,1.28,0.26,0.01,5.75,0.28,AWI,7,5,"Fietz et al., 2016","Ho et al., 2014"
PS75/094-3,South Pacific,-169.74,-61.82,3274,0.7,0.6,0.54,0.07,0.03,0,0.35,0.01,0.8,0.14,0.05,0.54,0.07,0.03,0,0.35,0.01,,,,,0.38,1.27,0.25,-0.05,5.63,0.26,AWI,7,5,"Fietz et al., 2016","Ho et al., 2014"
PS75/085-2,South Pacific,-160.12,-61.94,3724,0.5,0.3,0.54,0.06,0.03,0,0.36,0.01,0.8,0.15,0.05,0.54,0.06,0.03,0,0.36,0.01,,,,,0.38,1.26,0.25,-0.07,5.96,0.25,AWI,7,5,"Fietz et al., 2016","Ho et al., 2014"
PS75/069-2,South Pacific,-145.62,-62.21,4328,0.3,-0.5,0.58,0.06,0.02,0,0.32,0.01,0.84,0.13,0.03,0.58,0.06,0.02,0,0.32,0.01,,,,,0.34,1.21,0.2,-0.14,6.31,0.22,AWI,7,5,"Fietz et al., 2016","Ho et al., 2014"
PS75/091-6,South Pacific,-169.08,-63.69,2944,-0.3,0.1,0.57,0.07,0.02,0,0.32,0.01,0.81,0.14,0.05,0.57,0.07,0.02,0,0.32,0.01,,,,,0.36,1.25,0.24,-0.02,4.88,0.26,AWI,7,5,"Fietz et al., 2016","Ho et al., 2014"
PS75/086-1,South Pacific,-161.9,-64.74,4064,-1.3,-0.6,0.59,0.05,0.02,0,0.33,0.01,0.84,0.12,0.04,0.59,0.05,0.02,0,0.33,0.01,,,,,0.34,1.24,0.2,-0.23,7.23,0.19,AWI,7,5,"Fietz et al., 2016","Ho et al., 2014"
PS75/068-1,South Pacific,-144.12,-64.93,3727,-0.7,-0.8,0.57,0.05,0.02,0,0.36,0.01,0.82,0.14,0.04,0.57,0.05,0.02,0,0.36,0.01,,,,,0.38,1.21,0.22,-0.19,6.25,0.22,AWI,7,5,"Fietz et al., 2016","Ho et al., 2014"
PS75/090-6,South Pacific,-166.16,-65.41,3480,-0.7,-0.4,0.56,0.06,0.02,0,0.35,0.01,0.86,0.11,0.04,0.56,0.06,0.02,0,0.35,0.01,,,,,0.35,1.26,0.18,-0.22,7.51,0.2,AWI,7,5,"Fietz et al., 2016","Ho et al., 2014"
PS75/087-2,South Pacific,-163.33,-66.79,4411,-1.3,-0.6,0.58,0.05,0.02,0,0.34,0.01,0.86,0.11,0.03,0.58,0.05,0.02,0,0.34,0.01,,,,,0.37,1.2,0.17,-0.33,9.21,0.17,AWI,7,5,"Fietz et al., 2016","Ho et al., 2014"
PS75/089-6,South Pacific,-165.54,-67.08,4121,-0.6,-0.5,0.56,0.06,0.02,0,0.35,0.01,0.84,0.12,0.04,0.56,0.06,0.02,0,0.35,0.01,,,,,0.36,1.22,0.2,-0.19,7.02,0.21,AWI,7,5,"Fietz et al., 2016","Ho et al., 2014"
PS69/255-3,Antarctic,-104.36,-71.8,640,-1.7,-1.7,0.46,0.03,0.01,0,0.5,0.01,0.87,0.11,0.03,247709,16285,4912,1440,268769,3244,33704,4129,1098,,0.37,1.21,0.16,-0.37,6.7,0.16,AWI,8,4,"Lamping et al., 2021",
PS69/269-1,Antarctic,-115.58,-73.22,822,-1.5,-1.6,0.52,0.01,0,0,0.45,0,0.94,0.05,0.01,3020248,81820,22997,11124,2622773,13202,655918,36988,4559,,0.37,1.11,0.07,-0.74,10.78,0.06,AWI,8,4,"Lamping et al., 2021",
PS69/272-3,Antarctic,-118.48,-73.89,1529,-1.6,-1.6,0.49,0.01,0,0,0.48,0,0.97,0.02,0,625325,17080,4753,2066,612575,4330,182701,4581,548,,0.39,1.11,0.03,-0.79,12.92,0.05,AWI,8,4,"Lamping et al., 2021",
PS69/275-2,Antarctic,-117.55,-73.89,1472,-1.5,-1.6,0.49,0.01,0,0,0.49,0,0.96,0.03,0,2334111,55600,17355,7995,2338345,9778,653860,22077,2797,,0.39,1.11,0.04,-0.8,12.47,0.05,AWI,8,4,"Lamping et al., 2021",
PS69/283-5,Antarctic,-115.38,-72.76,588,-1.5,-1.5,0.54,0.02,0,0,0.43,0,0.95,0.05,0.01,784775,26296,6461,3609,616312,4106,169191,8146,1357,,0.35,1.14,0.06,-0.71,11.03,0.07,AWI,8,4,"Lamping et al., 2021",
PS69/284-2,Antarctic,-115.4,-73.02,736,-1.5,-1.6,0.53,0.02,0.01,0,0.44,0,0.92,0.07,0.01,1433738,47322,14543,6447,1200181,5655,330940,25882,4858,,0.36,1.16,0.1,-0.7,11.78,0.07,AWI,8,4,"Lamping et al., 2021",
PS69/288-3,Antarctic,-102.99,-74.42,742,-1.7,-1.4,0.51,0.01,0,0,0.47,0,0.95,0.05,0.01,3660954,99067,30929,14206,3399500,18831,747110,36342,6365,,0.39,1.15,0.06,-0.72,9.86,0.07,AWI,8,4,"Lamping et al., 2021",
PS69/297-1,Antarctic,-103.67,-74.08,460,-1.7,-1.4,0.55,0.02,0,0,0.42,0,0.92,0.07,0.01,3360881,99080,25902,12446,2592418,19286,682628,50812,6742,,0.37,1.12,0.09,-0.7,10.81,0.07,AWI,8,4,"Lamping et al., 2021",
PS69/299-1,Antarctic,-103.65,-73.44,685,-1.4,-0.1,0.54,0.02,0.01,0,0.43,0,0.88,0.1,0.02,2021198,91894,26515,8895,1600690,8313,362341,41099,8453,,0.32,1.17,0.14,-0.58,9.88,0.09,AWI,8,4,"Lamping et al., 2021",
PS69/302-3,Antarctic,-105.65,-71.13,544,-1.7,-1.7,0.52,0.03,0.01,0,0.44,0.01,0.91,0.08,0.01,187769,10742,2789,1015,157982,1827,23865,2068,243,,0.34,1.11,0.1,-0.43,6.74,0.14,AWI,8,4,"Lamping et al., 2021",
PS104_14-2,Antarctic,-102.59,-74.55,600,-1.7,-1.4,0.57,0.02,0,0,0.4,0,0.92,0.07,0.01,543747,16878,4331,2050,386216,2931,77556,5678,1021,,0.36,1.15,0.09,-0.62,8.1,0.09,AWI,8,4,"Lamping et al., 2021",
PS104_17-2,Antarctic,-104.75,-74.36,1395,-1.4,-0.1,0.54,0.03,0.01,0,0.41,0.01,0.93,0.07,0.01,106372,5824,1814,564,79649,997,17431,1243,155,,0.37,1.11,0.08,-0.5,8.8,0.13,AWI,8,4,"Lamping et al., 2021",
PS104_22-3,Antarctic,-107.09,-72.77,733,-1.6,-1.7,0.55,0.02,0.01,0,0.41,0,0.94,0.05,0.01,356314,15785,4878,1421,262067,1565,68257,3926,756,,0.33,1.16,0.07,-0.63,10.2,0.09,AWI,8,4,"Lamping et al., 2021",
PS104_43-3,Antarctic,-112.33,-73.3,482,-1.5,-1.7,0.57,0.02,0,0,0.41,0,0.94,0.05,0.01,240870,7328,1856,666,173142,1074,40966,2290,269,,0.33,1.11,0.06,-0.69,9.29,0.07,AWI,8,4,"Lamping et al., 2021",
PS111_13-2,Antarctic,-6.85,-70.09,1775,-1.2,-1.8,0.56,0.03,0.01,0,0.39,0,0.92,0.06,0.01,1903976,102630,29903,7939,1336632,9763,339893,23324,4774,,0.32,1.17,0.09,-0.56,9.79,0.1,AWI,8,4,"Lamping et al., 2021",
PS111_15-1,Antarctic,-15.78,-71.67,1405,-1.1,-1.7,0.55,0.02,0.01,0,0.42,0,0.92,0.07,0.01,1980312,87013,24520,7723,1509287,9703,395723,30794,5008,,0.33,1.14,0.09,-0.63,10.65,0.08,AWI,8,4,"Lamping et al., 2021",
PS111_16-3,Antarctic,-17.82,-72.38,1418,-1.2,-1.4,0.54,0.02,0.01,0,0.43,0,0.95,0.04,0,2134051,96021,26802,7700,1712518,9908,395801,17333,2010,,0.32,1.1,0.05,-0.63,9.43,0.08,AWI,8,4,"Lamping et al., 2021",
PS111_27-1,Antarctic,-29.08,-75.95,425,-1.7,-1.9,0.54,0.01,0,0,0.44,0,0.95,0.05,0.01,1942019,41547,11819,7178,1599651,3952,536187,26584,3697,,0.36,1.12,0.06,-0.81,13.58,0.04,AWI,8,4,"Lamping et al., 2021",
PS111_29-3,Antarctic,-27.68,-75.97,411,-1.3,-1.8,0.5,0.01,0,0,0.48,0,0.98,0.02,0,1500101,34797,9321,6349,1419133,5954,307349,5829,637,,0.38,1.1,0.02,-0.77,9.54,0.06,AWI,8,4,"Lamping et al., 2021",
PS111_40-2,Antarctic,-54.24,-76,513,-1.8,-1.9,0.53,0.01,0,0,0.45,0,0.97,0.03,0,1714190,47791,12447,6615,1455586,7151,380758,11428,1210,,0.35,1.1,0.04,-0.76,10.82,0.06,AWI,8,4,"Lamping et al., 2021",
PS111_47-2,Antarctic,-60,-74.98,660,-1.9,-1.8,0.51,0.01,0,0,0.47,0,0.96,0.03,0,4309654,99346,27116,13530,3928776,18778,1166375,40857,5256,,0.37,1.11,0.04,-0.81,12.62,0.04,AWI,8,4,"Lamping et al., 2021",
PS111_53-3,Antarctic,-54.12,-76.03,497,-1.8,-1.9,0.52,0.01,0,0,0.46,0,0.96,0.03,0,2724592,71318,18702,9116,2405875,9139,719260,25638,3361,,0.34,1.12,0.04,-0.8,12.5,0.04,AWI,8,4,"Lamping et al., 2021",
PS111_60-3,Antarctic,-45.41,-77.02,332,0,-1.9,0.58,0.01,0,0,0.4,0,0.95,0.04,0.01,1376761,33783,9480,5195,960311,4913,418934,18453,2514,,0.37,1.12,0.05,-0.81,15.54,0.04,AWI,8,4,"Lamping et al., 2021",
PS111_70-2,Antarctic,-33.65,-76.11,794,-1.7,-1.8,0.55,0.01,0,0,0.43,0,0.96,0.04,0,2873696,64941,15928,7831,2272727,9717,748882,27337,3695,,0.34,1.12,0.04,-0.81,12.95,0.04,AWI,8,4,"Lamping et al., 2021",
PS111_80-3,Antarctic,-35.43,-76.64,932,-1.8,-1.9,0.56,0.01,0,0,0.43,0,0.97,0.03,0,3680697,78369,21910,10603,2824469,7139,1106926,33064,3769,,0.34,1.1,0.04,-0.85,14.73,0.03,AWI,8,4,"Lamping et al., 2021",
PS111_98-3,Antarctic,-40.45,-77.8,928,-1.7,-1.8,0.48,0.01,0,0,0.5,0,0.98,0.02,0,2177648,44813,13766,9160,2277250,8688,772121,13636,2092,,0.41,1.13,0.02,-0.86,14.81,0.04,AWI,8,4,"Lamping et al., 2021",
PS111_114-3,Antarctic,-33.93,-76.38,839,-1.7,-1.8,0.54,0.01,0,0,0.44,0,0.97,0.03,0,2686467,58352,15064,7382,2183531,7929,706459,22702,2629,,0.34,1.1,0.04,-0.82,12.86,0.04,AWI,8,4,"Lamping et al., 2021",
PS111_131-2,Antarctic,-36.94,-74.61,387,-1.7,-1.8,0.51,0.01,0,0,0.48,0,0.98,0.02,0,941508,20955,5041,1982,880952,2809,199450,4164,644,,0.32,1.13,0.03,-0.81,9.93,0.04,AWI,8,4,"Lamping et al., 2021",
PS111_139-2,Antarctic,-25.28,-74.82,663,-1.7,-1.8,0.56,0.01,0,0,0.42,0,,,,1735525,33682,7983,4014,1306934,4507,,,,,0.33,,,,,,AWI,8,4,"Lamping et al., 2021",
PS118_5-3,Antarctic,-57.75,-64.98,428,-1.3,-1.6,0.56,0.01,0,0,0.42,0,0.97,0.03,0.01,4121292,109823,27299,16641,3080756,10686,874483,25431,4587,,0.33,1.15,0.04,-0.77,10.94,0.05,AWI,8,4,"Lamping et al., 2021",
PS118_8-4,Antarctic,-55.9,-63.98,414,-1.2,-1.4,0.5,0.01,0,0,0.48,0,0.95,0.04,0.01,3582052,85503,26100,20209,3418288,14225,1170314,54686,9209,,0.41,1.14,0.06,-0.8,14.73,0.05,AWI,8,4,"Lamping et al., 2021",
PS118_10-3,Antarctic,-55.98,-64,414,-0.7,-1.2,0.54,0.01,0,0,0.44,0,0.94,0.05,0.01,9220995,222441,76023,48414,7453814,29894,2973341,160210,22807,,0.41,1.12,0.07,-0.8,15.62,0.05,AWI,8,4,"Lamping et al., 2021",
PS118_12-2,Antarctic,-55.74,-63.81,455,-1.2,-1.4,0.44,0.01,0,0,0.54,0,0.94,0.06,0.01,1130735,28412,10952,6770,1387288,6558,378167,22495,3752,,0.46,1.14,0.07,-0.77,13.59,0.06,AWI,8,4,"Lamping et al., 2021",
PS118_24-2,Antarctic,-51.43,-62.26,3289,-0.7,-1.4,0.54,0.03,0.01,0,0.41,0,0.96,0.03,0.01,1810065,101534,27562,6392,1379725,11693,163032,5780,1402,,0.31,1.2,0.05,-0.37,4.85,0.15,AWI,8,4,"Lamping et al., 2021",
PS118_38-5,Antarctic,-54.33,-63.08,415,-1.2,-1.4,0.52,0.01,0,0,0.46,0,0.92,0.07,0.01,8428378,204141,63285,44679,7460359,52823,2822925,214181,32473,,0.44,1.13,0.09,-0.78,15.89,0.05,AWI,8,4,"Lamping et al., 2021",
PS118_48-2,Antarctic,-51.13,-61.57,2908,-0.6,-1,0.51,0.03,0.01,0,0.44,0,0.96,0.03,0.01,2094205,121888,35850,7661,1804077,14902,224481,6676,1539,,0.32,1.19,0.04,-0.4,5.4,0.14,AWI,8,4,"Lamping et al., 2021",
PS118_62-3,Antarctic,-46.56,-60.93,329,-0.3,-0.8,0.49,0.01,0,0,0.49,0,0.94,0.05,0.01,2616935,74053,22729,12503,2601052,13302,615216,31684,4317,,0.4,1.12,0.06,-0.73,10.87,0.07,AWI,8,4,"Lamping et al., 2021",
PS118_75-1,Antarctic,-49.65,-60.85,2643,-0.3,-0.9,0.52,0.03,0.01,0,0.43,0,0.92,0.06,0.01,5428807,334384,99517,20284,4468044,43000,1048449,69092,17009,,0.33,1.2,0.09,-0.54,9.84,0.11,AWI,8,4,"Lamping et al., 2021",
PS97/042-1,Antarctic,-66.1,-59.85,4172,2.2,1.4,0.49,0.06,0.03,0,0.41,0.01,0.82,0.13,0.05,264438,32556,13805,1318,223223,3810,25119,3901,1676,,0.37,1.3,0.24,-0.08,5.39,0.25,AWI,8,4,"Lamping et al., 2021",
PS97/044-1,Antarctic,-66.03,-60.62,1202.8,1.5,0.7,0.53,0.07,0.03,0,0.37,0,,,,228663,28947,11263,1355,161344,1827,,,,,0.33,,,,,,AWI,8,4,"Lamping et al., 2021",
PS97/045-1,Antarctic,-66.1,-60.57,2292,1.5,0.7,0.51,0.06,0.03,0,0.39,0,0.8,0.14,0.06,496287,63280,25519,2346,384427,4623,13121,2294,972,,0.34,1.3,0.26,0.17,1.65,0.3,AWI,8,4,"Lamping et al., 2021",
PS97/046-6,Antarctic,-65.36,-60,2802.7,0.7,0.3,0.5,0.06,0.02,0,0.4,0.01,0.77,0.17,0.05,307398,37662,14938,1591,248806,4313,23393,5208,1601,,0.36,1.24,0.28,-0.03,4.68,0.25,AWI,8,4,"Lamping et al., 2021",
PS97/048-1,Antarctic,-64.89,-61.44,3455.2,0.4,0.1,0.51,0.05,0.02,0,0.41,0.01,0.82,0.14,0.05,610185,62362,25424,2993,484890,10411,59020,9770,3529,,0.38,1.27,0.23,-0.12,5.7,0.24,AWI,8,4,"Lamping et al., 2021",
PS97/049-2,Antarctic,-64.97,-61.67,3752.2,0.4,0.1,0.52,0.06,0.02,0,0.4,0.01,0.83,0.12,0.04,1072799,120290,44659,5193,821632,11971,80336,11799,4313,,0.34,1.27,0.21,-0.07,4.44,0.24,AWI,8,4,"Lamping et al., 2021",
PS97/052-3,Antarctic,-64.3,-62.51,2889.8,0,0.2,0.52,0.05,0.02,0,0.4,0.01,0.84,0.12,0.05,558480,54279,19221,3056,427933,6317,45157,6296,2462,,0.35,1.28,0.21,-0.12,4.8,0.22,AWI,8,4,"Lamping et al., 2021",
PS97/053-1,Antarctic,-63.1,-62.67,2021.4,0.3,0.1,0.51,0.04,0.01,0,0.44,0.01,0.88,0.1,0.02,1387996,95685,29475,5648,1197909,14246,179442,19819,4603,,0.34,1.19,0.14,-0.37,6.95,0.15,AWI,8,4,"Lamping et al., 2021",
PS97/054-2,Antarctic,-61.35,-63.24,1283.2,-0.1,-0.5,0.54,0.02,0,0,0.43,0,0.96,0.03,0.01,12589020,396637,112603,41133,9932627,58012,3331943,119745,19785,,0.35,1.14,0.05,-0.76,13.05,0.05,AWI,8,4,"Lamping et al., 2021",
PS97/056-1,Antarctic,-60.45,-63.76,633.4,0,-0.5,0.55,0.01,0,0,0.43,0,0.96,0.03,0.01,3556259,82453,24915,13526,2813508,10838,1114167,36838,6018,,0.37,1.14,0.04,-0.83,15.11,0.04,AWI,8,4,"Lamping et al., 2021",
PS97/059-1,Antarctic,-59.66,-62.44,353.8,0.1,0,0.54,0.02,0.01,0,0.43,0,0.93,0.06,0.01,3436150,113709,37784,16608,2763395,26929,1099293,75372,13059,,0.42,1.15,0.09,-0.74,15.66,0.06,AWI,8,4,"Lamping et al., 2021",
PS97/060-1,Antarctic,-59.65,-62.59,462.4,0.1,0,0.54,0.02,0.01,0,0.43,0,0.94,0.05,0.01,7077168,223543,72672,34048,5640964,32792,2013716,103497,18376,,0.38,1.15,0.07,-0.75,14.03,0.06,AWI,8,4,"Lamping et al., 2021",
PS97/065-2,Antarctic,-59.36,-62.49,480.1,0.1,0,0.54,0.02,0.01,0,0.43,0,0.94,0.05,0.01,10901146,354183,116425,53634,8682798,68921,3588132,179359,31052,,0.4,1.15,0.06,-0.76,15.84,0.06,AWI,8,4,"Lamping et al., 2021",
PS97/067-2,Antarctic,-59.15,-62.42,793,0.1,0,0.51,0.02,0,0,0.46,0,0.95,0.04,0.01,2805444,88671,27150,12124,2505088,9953,799032,37435,6812,,0.36,1.15,0.06,-0.76,13.4,0.05,AWI,8,4,"Lamping et al., 2021",
PS97/068-2,Antarctic,-59.3,-63.17,793.6,0,-0.5,0.54,0.01,0,0,0.44,0,0.94,0.05,0.01,10424078,289183,82851,44775,8568327,41853,3202541,173947,23403,,0.37,1.12,0.06,-0.79,14.88,0.05,AWI,8,4,"Lamping et al., 2021",
PS97/069-1,Antarctic,-58.55,-62.59,1641.8,-0.5,-1,0.45,0.01,0,0,0.53,0,0.97,0.03,0,30415578,1003084,310414,151065,35742604,270272,14073892,412006,63045,,0.42,1.13,0.04,-0.82,17.65,0.05,AWI,8,4,"Lamping et al., 2021",
PS97/072-2,Antarctic,-56.07,-62.01,1991.7,-0.5,-1,0.53,0.02,0,0,0.44,0,0.97,0.03,0,29759376,907454,270138,96525,24646312,119166,10252278,284584,52023,,0.35,1.15,0.04,-0.82,15.95,0.04,AWI,8,4,"Lamping et al., 2021",
PS97/073-2,Antarctic,-55.66,-61.84,2623.5,-0.1,-0.4,0.45,0.02,0,0,0.52,0,0.97,0.03,0.01,22552100,760281,206394,84267,26180576,125614,8242933,249694,44448,,0.35,1.15,0.04,-0.81,14.61,0.04,AWI,8,4,"Lamping et al., 2021",
PS97/074-1,Antarctic,-56.35,-60.87,1831.4,0.4,0.1,0.51,0.04,0.01,0,0.44,0,0.89,0.09,0.02,712605,54735,18363,3798,612747,6304,115138,12168,2746,,0.34,1.18,0.14,-0.41,8.45,0.14,AWI,8,4,"Lamping et al., 2021",
PS97/077-1,Antarctic,-55.71,-60.6,3586.5,0,-0.2,0.52,0.04,0.01,0,0.42,0,0.9,0.08,0.02,2650742,195802,61410,10919,2110658,20947,408982,35633,9071,,0.32,1.2,0.12,-0.43,8.24,0.13,AWI,8,4,"Lamping et al., 2021",
PS97/079-1,Antarctic,-59,-60.15,3539.3,0.6,0.2,0.53,0.06,0.02,0,0.39,0.01,0.82,0.14,0.04,1019302,108224,36987,5196,751514,11193,109182,18292,5933,,0.33,1.24,0.23,-0.19,6.46,0.2,AWI,8,4,"Lamping et al., 2021",
PS97/080-2,Antarctic,-59.64,-59.68,3112.7,0.7,0.3,0.52,0.06,0.02,0,0.39,0,0.84,0.12,0.04,474437,51791,20825,2239,360732,4401,49141,6807,2300,,0.35,1.25,0.2,-0.16,5.99,0.21,AWI,8,4,"Lamping et al., 2021",
PS97/083-1,Antarctic,-60.57,-58,3756.3,1.5,0.8,0.52,0.05,0.02,0,0.4,0,0.87,0.1,0.03,2589521,257456,88941,11070,2020875,23326,240758,27409,7416,,0.32,1.21,0.15,-0.18,5.23,0.2,AWI,8,4,"Lamping et al., 2021",
PS97/084-2,Antarctic,-60.88,-58.87,3617.4,1.5,0.8,0.5,0.06,0.02,0,0.41,0.01,0.84,0.12,0.04,2482120,292734,109818,12744,2023474,30953,212105,29595,10186,,0.34,1.26,0.2,-0.08,4.84,0.23,AWI,8,4,"Lamping et al., 2021",
