"","gdgt0_mu","gdgt1_mu","gdgt2_mu","gdgt3_mu","cren_mu","creniso_mu","gdgt0_sig","gdgt1_sig","gdgt2_sig","gdgt3_sig","cren_sig","creniso_sig","gdgt0_max","gdgt1_max","gdgt2_max","gdgt3_max","cren_max","creniso_max","gdgt0_min","gdgt1_min","gdgt2_min","gdgt3_min","cren_min","creniso_min","gdgt0_weights","gdgt1_weights","gdgt2_weights","gdgt3_weights","cren_weights","creniso_weights","Distance","Temperature","ClosedSum","ParetoFrontRank","model_id","model_type"
"1",2.45501052115761,22.871696360505,34.3379335006778,38.2543337993069,82.7541308743088,51.79385319,18.6437283942692,10.1090879941204,13.1236267342034,8.14382571555151,47.2106588859109,15.9007719596173,53.6844489157191,5.57034154914916,8.34260130800255,3.803325431,84.26716457,14.14894166,2.78203354562186,0.91067416692992,0.262764189371977,0.889584374720142,28.4121989086545,0.970067101058215,0.137917773214847,0.647159368,0.377620283000728,0.966852876415889,0.0216309573019099,0.504538680173451,2.62,2.93,3.553,1,"noRScoretop_allseds_sst_1","noRScoretop_allseds_sst"
"2",1.87650396069664,22.871696360505,34.3379335006778,38.2543337993069,82.7541308743088,51.79385319,18.6437283942692,10.1090879941204,13.1236267342034,8.14382571555151,47.2106588859109,15.9007719596173,53.6844489157191,5.57034154914916,8.34260130800255,3.803325431,84.26716457,14.14894166,2.78203354562186,0.91067416692992,0.262764189371977,0.889584374720142,28.4121989086545,0.970067101058215,0.137917773214847,0.647159368,0.377620283000728,0.966852876415889,0.0216309573019099,0.504538680173451,2.62,2.94,3.51,1,"noRScoretop_allseds_sst_2","noRScoretop_allseds_sst"
"3",1.8636005077951,22.5552382747875,34.3379335006778,38.2543337993069,82.75290865,51.79385319,18.4687513143996,10.0989022182384,13.1167367282901,8.26099365170358,47.2171829321064,15.8971061917823,53.3399404232503,5.57034154914916,8.38388153329746,3.803325431,84.26716457,14.14894166,5.55693861217419,0.910274060696319,0.262764189371977,0.889480738597418,28.4114722337695,0.812156316589704,0.138349754336137,0.647159368,0.376086014359669,0.966726422992194,0.0200241978675671,0.505822907233229,2.64,2.94,3.391,1,"noRScoretop_allseds_sst_3","noRScoretop_allseds_sst"
"4",1.880592666,22.871696360505,34.3379335006778,38.2543337993069,82.75290865,51.79385319,18.4725316143876,10.0989022182384,13.12397052,8.14382571555151,47.2106588859109,15.8728185294044,53.3435196095698,5.57034154914916,8.34240641191401,3.803325431,84.26716457,14.14894166,5.8250579528091,0.910274060696319,0.262764189371977,0.889584374720142,28.4111022572551,0.812156316589704,0.138349754336137,0.647159368,0.377620283000728,0.966726422992194,0.0200241978675671,0.504538680173451,2.64,2.95,3.415,1,"noRScoretop_allseds_sst_4","noRScoretop_allseds_sst"
"5",1.86675997588376,22.7123130998339,34.2922272075507,38.3217933199051,82.75290865,51.79385319,18.4725316143876,10.0900858633351,13.12397052,8.13027581999415,47.2106588859109,15.90021426,53.3506630218987,6.06220559434337,8.383218907,3.803325431,84.26716457,14.14894166,5.8250579528091,0.9106920260458,0.262724370766191,0.889584374720142,28.39034567,0.817547255228077,0.138349754336137,0.647159368,0.377620283000728,0.966726422992194,0.0200241978675671,0.586161578757402,2.5,2.96,3.451,1,"noRScoretop_allseds_sst_5","noRScoretop_allseds_sst"
"6",1.880592666,22.7123130998339,34.3368535326272,38.3217933199051,82.75290865,51.79385319,18.4725316143876,10.0985719023505,13.12397052,8.1438725226056,47.2106588859109,15.8728817499981,53.3435196095698,6.05161000122747,8.383218907,3.803325431,84.26716457,14.14894166,5.8250579528091,0.91068385,0.262724370766191,0.889584374720142,28.39034567,0.817547255228077,0.138349754336137,0.647159368,0.377620283000728,0.966726422992194,0.0200241978675671,0.505536140906623,2.51,2.96,3.453,1,"noRScoretop_allseds_sst_6","noRScoretop_allseds_sst"
"7",1.92793525723273,22.8941994133284,34.3379335006778,38.2543337993069,82.75290865,51.79385319,18.4725316143876,10.0989022182384,13.12397052,8.14382571555151,47.2106588859109,15.8685216254019,53.3435196095698,6.01273712215387,7.97249466971567,3.803325431,84.26716457,14.14894166,5.8250579528091,0.879276732538309,0.358319563016139,0.889584374720142,28.4111022572551,0.812156316589704,0.138349754336137,0.647159368,0.34075551619121,0.966726422992194,0.0200241978675671,0.504538680173451,2.55,2.96,3.414,1,"noRScoretop_allseds_sst_7","noRScoretop_allseds_sst"
"8",1.880592666,22.871696360505,34.2933071756013,38.2543337993069,82.75290865,51.79385319,18.4725316143876,10.0904161792231,13.12397052,8.13022901294005,47.2106588859109,15.9001510394062,53.3435196095698,5.58093714226512,8.34240641191401,3.803325431,84.26716457,14.14894166,5.8250579528091,0.910274060696319,0.262764189371977,0.889584374720142,28.4111022572551,0.812156316589704,0.138349754336137,0.647159368,0.377620283000728,0.966726422992194,0.0200241978675671,0.58516411802423,2.63,2.96,3.415,1,"noRScoretop_allseds_sst_8","noRScoretop_allseds_sst"
"9",1.880592666,22.7123130998339,34.2922272075507,38.3217933199051,82.75290865,51.79385319,18.4725316143876,10.0900858633351,13.12397052,8.13027581999415,47.2106588859109,15.90021426,53.3435196095698,6.06220559434337,8.44275225196804,3.803325431,84.2671472820055,14.14894166,5.82500336767732,0.91068385,0.262724370766191,0.889584374720142,28.39034567,0.817547255228077,0.138349754336137,0.647159368,0.377620283000728,0.966726422992194,0.0200241978675671,0.586161578757402,2.5,2.97,3.463,1,"noRScoretop_allseds_sst_9","noRScoretop_allseds_sst"
"10",1.880592666,22.6827115998334,34.2922272075507,39.769902750819,82.75290865,51.79385319,18.4725316143876,9.82387599692259,13.12397052,8.08690694935685,47.3191680872548,15.90021426,53.3435196095698,6.06220559434337,8.383218907,3.803325431,84.26716457,14.14894166,4.07199633391208,0.91068385,0.262724370766191,0.889584374720142,28.39034567,1.06929116401779,0.134217088717939,0.647159368,0.377620283000728,0.969940325019161,0.0200241978675671,0.593772063301056,2.53,2.97,3.376,1,"noRScoretop_allseds_sst_10","noRScoretop_allseds_sst"
"11",1.68135788756878,22.7123130998339,34.2922874095669,38.3217933199051,82.75290865,51.79385319,18.6978714607065,10.4802669944372,13.12397052,8.13027581999415,47.2106588859109,15.9004174391217,53.3435196095698,6.0625981963278,8.383218907,3.75850280365187,84.4252951822595,14.1484480434989,5.82891675322557,0.91068385,0.262724370766191,0.900549297470427,28.6285708547556,0.817547255228077,0.138334440829263,0.647159368,0.376196285000903,0.966726422992194,0.0200241978675671,0.586161578757402,2.5,2.98,3.486,1,"noRScoretop_allseds_sst_11","noRScoretop_allseds_sst"
"12",1.880592666,22.871696360505,34.3379335006778,38.2543337993069,82.75290865,51.79385319,18.4059605210196,10.0989022182384,13.12397052,8.14382571555151,46.9103164118219,15.8728185294044,53.884958306742,5.56507329592835,8.34240641191401,3.803325431,83.6547418565835,14.14894166,5.8250579528091,0.910274060696319,0.262764189371977,0.889584374720142,28.4111022572551,0.822782070682797,0.138349754336137,0.647159368,0.377620283000728,0.868171419005158,0.0115121140314549,0.504523696646853,2.62,2.98,3.342,1,"noRScoretop_allseds_sst_12","noRScoretop_allseds_sst"
"13",1.880592666,24.8551776804495,34.337706457286,38.3217933199051,82.7806091204206,51.7892764577334,18.667015907611,10.112286591439,13.12397052,8.13027581999415,47.2106588859109,15.9217799006016,53.3541202831469,6.07046822175861,8.38077475815648,3.8097447792305,84.1574321443208,14.1654501818522,5.8250579528091,0.900934966183671,1.71076332668649,0.895284842354927,29.2330129453285,0.808276917970496,0.138343614119923,0.646504281507638,0.320875823975225,0.980778779017621,0.0200241978675671,0.586154687855824,2.5,2.99,3.645,1,"noRScoretop_allseds_sst_13","noRScoretop_allseds_sst"
"14",-8.1312455366012,23.6894654817926,30.6271917420563,34.9855568920357,98.79943891,56.7771786979385,27.2272982182367,12.561471094738,10.1489795452563,7.22406321780578,45.9774051976172,17.7364220821767,60.59476375,6.01513530533227,7.97026542857043,3.88169776844598,99.2070645754445,17.93039822,1.56774500973234,0.908875464541667,0.358873389,0.050126058,33.0356951865544,1.1853682659956,0.137354199535054,0.585648658273378,0.340253005776666,0.987539085346863,0.00440740472500967,0.589593949998179,2.71,2.99,3.122,1,"noRScoretop_allseds_sst_14","noRScoretop_allseds_sst"
"15",1.75535451094982,22.5674901697661,34.3211066292234,39.4249177087247,83.995934576041,51.7858376793466,18.640066300835,10.0903169984041,13.1240299530369,8.19778495880437,45.4081073902471,15.9447103317602,53.8539468992985,6.13215966877254,8.383218907,3.803325431,84.26716457,14.0453453613503,5.8250579528091,0.910926293922881,0.262724370766191,1.21345747262932,28.39034567,0.818026944740161,0.138902373953455,0.647159368,0.348928809521593,0.966726422992194,0.00694724045323299,0.586161578757402,2.43,3,3.54,1,"noRScoretop_allseds_sst_15","noRScoretop_allseds_sst"
"16",1.49815049375044,22.5674901697661,34.3211066292234,39.4249177087247,83.995934576041,51.7858376793466,18.640066300835,10.0903169984041,13.1240299530369,8.19778495880437,45.4081073902471,15.9447103317602,53.8539468992985,6.13215966877254,8.383218907,3.803325431,84.26716457,14.0453453613503,5.8250579528091,0.910926293922881,0.262724370766191,1.21345747262932,28.39034567,0.818026944740161,0.138902373953455,0.647159368,0.348928809521593,0.966726422992194,0.00694724045323299,0.586161578757402,2.43,3,3.561,1,"noRScoretop_allseds_sst_16","noRScoretop_allseds_sst"
"17",2.29746441868917,25.1340864793383,34.2922272075507,38.328969828636,79.782070049438,51.7975036697605,18.4725316143876,10.0900858633351,13.12397052,8.08764756353834,47.2106588859109,15.9217799006016,53.3066370194127,6.07046822175861,8.38077475815648,3.8097447792305,78.4851910122715,14.1868174288592,5.8250579528091,0.91068385,1.71076332668649,0.889584374720142,28.39034567,0.817547255228077,0.138349754336137,0.646504281507638,0.322991610972423,0.966726422992194,0.0197691095108911,0.586154687855824,2.48,3,3.396,1,"noRScoretop_allseds_sst_17","noRScoretop_allseds_sst"
"18",1.880592666,22.562236991794,34.2921134557037,38.52563045891,82.75290865,51.79385319,18.4725316143876,10.0900858633351,13.12397052,8.13027581999415,47.1829911738731,15.90021426,53.8730623271813,6.07198196009446,8.383218907,3.803325431,84.26716457,14.0963724975866,5.82440886864914,0.931861714784453,0.262724370766191,0.889584374720142,28.390204668317,0.817547255228077,0.138349754336137,0.646494856985506,0.388259374536457,0.969561829622201,0.0181952472936832,0.682114697880714,2.5,3,3.441,1,"noRScoretop_allseds_sst_18","noRScoretop_allseds_sst"
"19",1.880592666,22.562236991794,34.2921134557037,38.3389108421988,82.75290865,51.79385319,18.4725316143876,10.0900858633351,13.12397052,8.13027581999415,47.1829911738731,15.90021426,53.3380013861831,6.07198196009446,8.383218907,3.803325431,84.26716457,14.0963724975866,5.82440886864914,0.932778534214453,0.262724370766191,0.889584374720142,28.390203055232,0.817547255228077,0.138349754336137,0.646494856985506,0.388259374536457,0.969463765659832,0.0182052428870988,0.67714131699006,2.5,3,3.449,1,"noRScoretop_allseds_sst_19","noRScoretop_allseds_sst"
"20",-8.1312455366012,23.6894654817926,30.5057317925631,34.9855568920357,98.79943891,56.7771786979385,27.2272982182367,11.0913645967777,12.4474576207952,7.17585701158224,45.9774051976172,17.7364220821767,60.59476375,6.01513530533227,7.97026542857043,3.88169776844598,99.2070645754445,17.93039822,1.30012879505828,0.908875464541667,0.358873389,0.0461334589332745,33.0356951865544,1.1853682659956,0.137601503211911,0.587071445267578,0.340253005776666,0.971325091508996,0.00440740472500967,0.578860402751977,2.71,3.01,2.983,1,"noRScoretop_allseds_sst_20","noRScoretop_allseds_sst"
"21",1.880592666,25.1242511744072,34.3344317596908,37.9329448311045,82.7806091204206,51.9418498549481,18.4796507624593,10.0754566556187,13.137996102761,8.14355308293709,44.1937271845334,15.9214899503866,53.3484310536734,6.62961249339509,8.38315204148602,3.80943335565181,83.94297131091,14.1653438238125,5.8250579528091,0.900718753640645,1.68723866718399,0.889879999964883,28.4440273905038,0.817547255228077,0.138402572201296,0.646512475368356,0.379675548549581,0.966726422992194,0.0199693728161843,0.684421136145614,2.34,3.03,3.533,1,"noRScoretop_allseds_sst_21","noRScoretop_allseds_sst"
"22",1.49815049375044,22.7127882930111,34.2883993209328,43.2299317453369,82.75290865,51.79385319,18.640066300835,10.0009843167185,13.1240299530369,11.2324045488491,45.3941069087999,15.9002580158241,53.6853899923197,6.13215966877254,8.383218907,3.803325431,84.26716457,14.14894166,5.8250579528091,0.919626348099724,0.262724370766191,1.21345747262932,28.39034567,0.818026944740161,0.138902373953455,0.647159368,0.383419440544796,0.966726422992194,0.00694724045323299,0.586161578757402,2.45,3.03,3.492,1,"noRScoretop_allseds_sst_22","noRScoretop_allseds_sst"
"23",-8.13098274979426,23.6894654817926,30.7056478221335,34.9216841743556,98.79943891,49.20346506,27.22729329,12.5562194676443,10.1489795452563,9.33859993878544,45.9774051976172,12.57143669,60.59476375,6.01552680361343,7.97054125026488,3.87750736849801,99.2022350116498,17.93039822,1.56494837890696,0.878696362119883,0.35885574353338,0.050126058,33.0356951865544,1.1853682659956,0.14085166,0.571530065318541,0.366737117832605,0.833000474030003,0.0191347948297907,0.509678758,2.67,3.03,3.206,1,"noRScoretop_allseds_sst_23","noRScoretop_allseds_sst"
"24",-8.13098274979426,23.6894654817926,30.7077544116659,34.9216841743556,98.79943891,49.20346506,27.22729329,12.5562194676443,10.1489795452563,9.33859993878544,45.9774051976172,12.57143669,60.59476375,6.01552680361343,7.97054201150933,3.92663401049683,99.0821201315802,17.93039822,1.93344103695362,0.876613379920011,0.35885574353338,0.050126058,33.0356951865544,1.1853682659956,0.14085166,0.571530065318541,0.366361119051077,0.833000474030003,0.0173257120885683,0.509678758,2.69,3.03,3.238,1,"noRScoretop_allseds_sst_24","noRScoretop_allseds_sst"
"25",2.04773257466475,24.9544932494013,34.2884017554504,37.9310794262624,79.7768876170162,51.794341285481,18.6631846173308,13.8235559929045,13.0696829234587,7.24010333081262,43.9506380179244,15.8637403055617,53.3077738040216,6.07139662241426,8.42306270188418,3.803325431,84.4554248892554,14.1868328298529,5.62199768986074,0.935205309118004,0.41024347041488,0.842648669369239,20.0400353284004,0.256331630394224,0.139739731753638,0.647159368,0.323490523270531,0.969783537396792,0.0120407953650888,0.67944974337551,2.3,3.04,5.555,1,"noRScoretop_allseds_sst_25","noRScoretop_allseds_sst"
"26",-0.0221219963738675,22.7123130998339,34.2922272075507,38.5085129366163,82.75290865,51.79385319,18.4725316143876,10.0900858633351,13.12397052,8.13027581999415,47.2106588859109,15.90021426,53.8714371382391,6.06220559434337,8.383218907,3.803325431,84.26716457,14.14894166,5.8250579528091,0.9097588545242,0.262724370766191,0.889584374720142,28.390347283085,0.817547255228077,0.138349754336137,0.647159368,0.377620283000728,0.966824486954563,0.0200142022741515,0.591134959648055,2.5,3.04,3.271,1,"noRScoretop_allseds_sst_26","noRScoretop_allseds_sst"
"27",-0.0359546864901028,22.7123130998339,34.2922272075507,38.5085129366163,82.75290865,51.79385319,18.4725316143876,10.0900858633351,13.12397052,8.13027581999415,47.2106588859109,15.90021426,53.878580550568,6.06220559434337,8.383218907,3.803325431,84.26716457,14.14894166,5.8250579528091,0.90976703057,0.262724370766191,0.889584374720142,28.390347283085,0.817547255228077,0.138349754336137,0.647159368,0.377620283000728,0.966824486954563,0.0200142022741515,0.591134959648055,2.5,3.04,3.272,1,"noRScoretop_allseds_sst_27","noRScoretop_allseds_sst"
"28",-8.48417116607751,23.6894654817926,30.6121499120745,34.9216841743556,98.79943891,49.20346506,27.22729329,12.56019644,10.1489795452563,9.33859993878544,45.9774051976172,12.57143669,60.59476375,6.01554482144816,7.97027289583062,3.928838144,99.2070645754445,17.93039822,1.565001879,0.876613296074363,0.358873389,0.050126058,33.0356951865544,1.1853682659956,0.14085166,0.571530065318541,0.340253005776666,0.833000474030003,0.0190712305774663,0.509678758,2.66,3.04,3.218,1,"noRScoretop_allseds_sst_28","noRScoretop_allseds_sst"
"29",-8.48417116607751,23.6894654817926,30.6121499120745,34.9216841743556,98.79943891,49.20346506,27.1469045197975,12.56019644,10.1489795452563,9.33859993878544,45.9774051976172,12.57143669,60.59476375,6.01554482144816,7.97026583028849,3.928838144,99.2070645754445,17.9279843637342,1.565001879,0.874496156658642,0.358873389,0.050126058,33.0356951865544,1.1853682659956,0.140741952401988,0.571530065318541,0.340253005776666,0.833000474030003,0.0190712305774663,0.508896861493223,2.66,3.04,3.22,1,"noRScoretop_allseds_sst_29","noRScoretop_allseds_sst"
"30",-8.1312455366012,23.6894654817926,30.6123236299062,34.9216841743556,98.79943891,49.20346506,27.22729329,12.56019644,10.1489795452563,9.33859993878544,45.9774051976172,12.57143669,60.59476375,6.01554482144816,7.97026542857043,3.87477182502783,99.2070645754445,17.93039822,1.56774500973234,0.878753390775396,0.358873389,0.050126058,33.0356951865544,1.1853682659956,0.14085166,0.571530065318541,0.340253005776666,0.833000474030003,0.0190543634820143,0.509678758,2.67,3.04,3.196,1,"noRScoretop_allseds_sst_30","noRScoretop_allseds_sst"
"31",-2.41959452969251,22.6705985042201,32.7933739869995,39.6899465201256,71.0364578990939,55.80239306,20.59255165,14.5723311279305,10.458344393425,12.7305303821752,39.41881188,19.1538924186757,59.9473858284513,6.021949042,8.46628266359517,3.18726233789329,74.2475365342399,18.3583928290661,6.18641266064489,0.313447876467779,0.189435708575707,0.0817578330302784,28.6038290824184,0.0296626937784039,0.191569193345541,0.804273206785622,0.961746496257602,0.926295884879181,0.0239320500929011,0.70588983742414,2.77,3.04,2.923,1,"noRScoretop_allseds_sst_31","noRScoretop_allseds_sst"
"32",1.49815049375044,22.719737002621,34.2883993209328,43.2299317453369,82.7500479728866,51.79385319,18.6400025113925,10.0009843167185,13.1240299530369,11.2324045488491,45.4613658134135,15.9002388345778,53.6853899923197,6.64565298021453,8.383218907,3.803325431,83.9034996859906,14.14894166,5.8250579528091,0.900876418817711,0.267991557352776,0.849764013922662,28.3819240577338,0.818026944740161,0.138709189428232,0.647159368,0.378920289351375,0.98154792388797,0.00694724045323299,0.586161578757402,2.38,3.05,3.52,1,"noRScoretop_allseds_sst_32","noRScoretop_allseds_sst"
"33",-8.1312455366012,23.6894654817926,30.6121499120745,34.9216841743556,98.79943891,49.2075847196023,27.1474873018102,12.56019644,10.1489795452563,9.33859993878544,45.9774051976172,12.57143669,60.59476375,6.01554482144816,7.97010009947125,3.928838144,99.2070645754445,17.9279626639512,1.565001879,0.874481466864072,0.401319036806156,0.050126058,32.9342557968251,1.1853682659956,0.140741428065322,0.571530065318541,0.340253005776666,0.833000474030003,0.0190712305774663,0.680888678496822,2.67,3.05,3.192,1,"noRScoretop_allseds_sst_33","noRScoretop_allseds_sst"
"34",1.70444232307825,24.9544932494013,34.2884017554504,37.9310794262624,78.8857734162023,52.3542840329642,18.6474948014548,13.8235559929045,13.0696829234587,7.39714128621371,43.9506380179244,15.8637403055617,53.3077738040216,6.07139662241426,8.42306270188418,3.803325431,83.9635375577305,14.2982642073547,5.62199768986074,0.935205309118004,0.41024347041488,0.842648669369239,20.0400353284004,0.256331630394224,0.139739731753638,0.641046899713368,0.323490523270531,0.969619611129751,0.0115401671743564,0.669078852946509,2.3,3.06,5.438,1,"noRScoretop_allseds_sst_34","noRScoretop_allseds_sst"
"35",-8.1312455366012,23.6894654817926,30.6092057888607,34.9216841743556,98.79943891,49.20346506,27.22729329,12.5562194676443,10.1489795452563,9.33859993878544,45.9774051976172,12.57143669,60.59476375,6.01906995745628,7.74528217489374,3.87370585160445,99.2158982603039,17.93039822,1.55946779842305,0.333230461333467,0.35885574353338,0.050126058,33.0356951865544,1.1853682659956,0.14085166,0.571530065318541,0.366361119051077,0.833000474030003,0.0172743714516217,0.509678758,2.69,3.06,3.173,1,"noRScoretop_allseds_sst_35","noRScoretop_allseds_sst"
"36",-2.09525099540964,20.52433082,32.6977236492756,37.5500853458629,71.0363511487669,55.8023295134699,20.59255165,14.5434829522885,10.4492990796311,12.8272331834292,39.418847814736,19.1443831307796,59.9449020900771,5.82938669284314,8.44980314962302,3.18532031352114,74.3424888803723,18.1105332572068,6.19002425536018,0.313434045572606,0.189333802256469,0.0760052029851172,28.60362002,0.0363587486619306,0.222654927753541,0.805277135195476,0.976204233563663,0.832159382933033,0.0269676743300128,0.701557409449764,2.79,3.06,2.899,1,"noRScoretop_allseds_sst_36","noRScoretop_allseds_sst"
"37",-2.09441308929413,20.52433082,32.9486883917936,37.5818930543849,71.0363548476676,55.8023295134699,20.6951899661626,14.5825210468906,11.1271405561333,14.8168021248907,39.4790273055909,19.175789772547,59.9450049130791,5.51947564168311,8.45110437727989,3.18532031352114,74.3421999967412,18.3406984293524,5.67309478282118,0.313434045572606,0.18846741504198,0.237302333124214,28.60362002,0.0299803254738277,0.224630321812014,0.805261053892933,0.976172601,0.926097946148558,0.0269676743300128,0.700969545315404,2.87,3.06,2.878,1,"noRScoretop_allseds_sst_37","noRScoretop_allseds_sst"
"38",1.880592666,22.6191360781587,34.2929998160579,37.9329448311045,82.7517792380107,51.9418498549481,18.4725495178088,10.0893576188812,13.137996102761,8.1304086429401,47.1859347922087,15.9207551768892,53.3484310536734,6.62961249339509,8.38315204148602,3.80943335565181,83.94297131091,14.1653033860856,5.8250579528091,0.900718753640645,1.68723866718399,0.889879999964883,28.4437272757714,0.817547255228077,0.138402572201296,0.646472513222728,0.379665062823497,0.966726422992194,0.0199693728161843,0.58669597339823,2.37,3.07,3.531,1,"noRScoretop_allseds_sst_38","noRScoretop_allseds_sst"
"39",-2.81611767338731,22.96104560942,32.6948152317253,49.8058551745319,70.371821883998,48.0869298103521,20.5894617601301,13.4905396638965,10.4260092650492,19.5894473669932,40.0083434965754,12.9782940105283,59.9464114901403,6.43342633991943,8.43265288186226,3.18511627868143,72.9162684445302,18.3173456751244,6.18340672291861,0.314376099556649,1.55017071160584,0.0472979533598192,28.60362002,0.0737101783469682,0.186956450871124,0.801264639093718,0.166980430076507,0.931912420655088,0.000446512331401583,0.705889784389794,2.47,3.07,3.338,1,"noRScoretop_allseds_sst_39","noRScoretop_allseds_sst"
"40",-2.07641274622497,22.6385468423583,32.7958564511823,38.1274385574118,71.0364533947526,55.80239306,20.4562327690012,14.5723311279305,11.1074572834183,14.8363109157115,40.1244170791872,17.3904971931636,59.9481049523547,6.02254896577373,8.46628280298148,3.1854946651763,74.246567819167,18.3357222839267,6.18624026203184,0.313248640534145,0.188498882006034,0.0888052006134178,28.6038311263972,0.840729207566727,0.191569193345541,0.80666885419418,0.962471825809277,0.971030107484893,0.0228550879852162,0.681305963889205,2.6,3.07,2.992,1,"noRScoretop_allseds_sst_40","noRScoretop_allseds_sst"
"41",-3.06203489894178,20.52433082,32.699520278269,37.5444270605317,71.0364677845526,55.8023985200877,20.5911219701768,14.5656572446656,10.1672101859274,12.7711194831873,39.4053818390737,17.8635229152521,59.9443168826451,6.01680180249854,8.45036726692588,3.18532031352114,74.3357139254728,18.6327896318328,6.18956240959913,0.292196212528216,0.195584832701748,0.0945403248311447,28.6372875614631,0.234050717213881,0.22370864329252,0.8053448632454,0.976099467264539,0.930012218723607,0.0235828091887557,0.701423344075873,2.65,3.07,3.167,1,"noRScoretop_allseds_sst_41","noRScoretop_allseds_sst"
"42",-2.08122992574422,20.52433082,32.697650827029,37.5500853458629,71.0363548476676,55.8023295134699,20.59255165,14.5434829522885,11.1271405561333,12.8272331834292,39.4145471596437,19.1443831307796,59.9450049130791,5.82977475872908,8.45030461101707,3.18532031352114,74.3421999967412,18.1105332572068,6.19002425536018,0.313434045572606,0.189333802256469,0.230328113881754,28.60362002,0.034789266860374,0.222654927753541,0.805261053892933,0.976172601,0.832159382933033,0.0269676743300128,0.701557409449764,2.75,3.07,2.892,1,"noRScoretop_allseds_sst_42","noRScoretop_allseds_sst"
"43",-2.80150811404016,20.52433082,32.6951098157164,37.5518732955569,71.03644492,55.80239306,20.59255165,14.57036802,10.4276366970324,12.8056973778393,39.4145210359342,19.16140119,60.0046102810954,6.01132012362508,8.4670582164084,3.185406943,74.23064019,18.6760334,6.1895228026953,0.31344984532832,0.189442349,0.231222157779775,28.60362002,0.248216152714935,0.222428371603876,0.805301208,0.976162865999238,0.829698094745373,0.0253776079002425,0.705807483947358,2.84,3.07,2.871,1,"noRScoretop_allseds_sst_43","noRScoretop_allseds_sst"
"44",1.59768864009687,28.2019630677252,34.33675462,37.9448737200491,82.637672836564,51.79385319,18.6628813635679,13.9508486416272,13.1389665959672,6.57713721003932,43.9506380179244,15.9631183464809,53.685995233309,6.68608675896193,8.383218907,3.803325431,84.26716457,14.14894166,5.57531615606446,0.901324776393975,0.41024347041488,0.842740337541188,29.2342835026445,1.2693705522306,0.173606255901095,0.647092677816912,0.381954972415886,0.969811665013326,0.0120407953650888,0.683411021592305,2.44,3.08,3.52,1,"noRScoretop_allseds_sst_44","noRScoretop_allseds_sst"
"45",-2.74547104357292,25.0221044175786,28.2342198784889,49.7282084422896,71.0363478778793,48.083342444612,20.5918877499777,13.4615305634813,8.64208694566252,19.743588917328,47.3331595334431,13.1057916431608,60.0085599859526,6.42522382904088,8.43712924545061,3.17536218,74.2976091754156,18.1316057131449,5.24923620370224,0.30873138851485,1.551652769,0.74865438494145,20.053126800242,0.240249751527657,0.137785636625511,0.682186322667194,0.165151358478096,0.836177559011839,0.022595382358842,0.682186600042258,2.53,3.08,3.259,1,"noRScoretop_allseds_sst_45","noRScoretop_allseds_sst"
"46",-2.81501192068855,22.63162797,30.614256382997,34.4426214394856,64.2907104874474,49.2035678925916,20.4404155586959,13.455380147194,11.1155100320941,11.0272120867625,34.6480895792153,12.98235682,60.820093555625,6.03813642944935,8.46886035050612,3.20189917126413,74.2532094469414,18.3191682270852,5.254275818,0.342354338585206,1.5222116635363,0.0772681470562596,28.60362002,0.283060971177594,0.191712523123224,0.911614978125987,0.345352715538549,0.86733685252886,0.0257010191774403,0.700720362680716,2.55,3.08,3.241,1,"noRScoretop_allseds_sst_46","noRScoretop_allseds_sst"
"47",-2.80105870700689,20.52433082,32.6951269962732,37.5428887556474,71.0364677845526,55.8023985200877,20.7160142984306,14.5656572446656,10.2863801855262,12.7711194831873,39.561680340043,17.8635229152521,59.944300122207,6.01843017102254,8.46779373481347,3.18532031352114,74.2460718506555,18.6327896318328,6.19004047862983,0.291905770231331,0.195751222186731,0.251936360453116,28.6003715961305,0.234050717213881,0.223549313015718,0.8053448632454,0.976053483768859,0.925431207637518,0.0227972957563992,0.701423344075873,2.65,3.08,2.962,1,"noRScoretop_allseds_sst_47","noRScoretop_allseds_sst"
"48",-2.7853147465964,20.52433082,32.6976317805102,37.5443301127704,71.0364677845526,55.8023985200877,20.7150181307301,14.565578526591,10.2863801855262,12.7711194831873,39.4053818390737,17.8635229152521,59.9443168826451,6.01843017102254,8.45036726692588,3.18532031352114,74.3392003364841,18.6327896318328,6.190037628,0.291905770231331,0.195751222186731,0.0846204789536465,28.6372875614631,0.234050717213881,0.22273075627456,0.8053448632454,0.976099467264539,0.922712275732235,0.0242624820421245,0.701424882792358,2.65,3.08,2.991,1,"noRScoretop_allseds_sst_48","noRScoretop_allseds_sst"
"49",-2.80139814263769,20.52433082,32.697650827029,37.5588298619583,71.0363548476676,55.8023295134699,20.59255165,14.5443071289595,11.0601853733313,12.8272331834292,39.4143639937223,19.144413261793,59.9450151845876,5.84108648252889,8.46726687451986,3.18532031352114,74.3431327743341,18.1110815552694,6.18957619600908,0.313471839119007,0.196114155829898,0.0875646965046395,28.60362002,0.0330690636739432,0.225619832230444,0.80526792603423,0.962499151080012,0.832159382933033,0.0247656594498926,0.701536540616812,2.72,3.08,2.919,1,"noRScoretop_allseds_sst_49","noRScoretop_allseds_sst"
"50",-2.10514697078931,22.6496943325706,32.6952268024378,37.5818930543849,71.0363548476676,55.8023295134699,20.455318414019,14.5725161297378,11.1069822226085,14.8168021248907,39.5618085390192,19.0984318912011,59.9481096082082,5.82977475872908,8.45162017171183,3.18532031352114,74.3414997956388,18.3406984293524,6.19002425536018,0.313434045572606,0.18846741504198,0.237302333124214,28.60362002,0.034789266860374,0.191262895955353,0.805261053892933,0.976172601,0.976521490335004,0.0228576544410994,0.701453737939503,2.73,3.08,2.901,1,"noRScoretop_allseds_sst_50","noRScoretop_allseds_sst"
"51",-2.40892215963671,20.52433082,32.69519127,39.6899465201256,71.0364578990939,55.80239306,20.59255165,14.5723311279305,10.4579861068658,12.7305303821752,39.41881188,19.1538924186757,59.9473858284513,6.021949042,8.4670582164084,3.18726233789329,74.2475365342399,18.3591528967554,6.18957552582809,0.313447876467779,0.189442349,0.0817578330302784,28.60362002,0.0362801343003207,0.191569193345541,0.804272045975634,0.973002965298726,0.925556795552377,0.142520147659915,0.70588983742414,2.79,3.08,2.883,1,"noRScoretop_allseds_sst_51","noRScoretop_allseds_sst"
"52",-2.16467121220889,22.9642918574536,32.6953725687629,49.7541224406655,70.3718954347794,48.0705252255259,20.2763416916937,13.3136330332481,10.358681787744,19.5537843903102,39.963300492513,12.956823457111,60.052539000011,6.4742318588486,8.38081694850922,3.17527501094975,72.3577760739924,18.3173456751244,6.25650419622633,0.314376099556649,1.55018589459233,0.868245975540869,28.6067119547095,0.0737101783469682,0.187590945739311,0.809130949981895,0.599077202528947,0.8707773227057,0.000845183589416021,0.683356562801957,2.46,3.09,3.358,1,"noRScoretop_allseds_sst_52","noRScoretop_allseds_sst"
"53",-2.80142847709429,22.9715311487837,32.7958564511823,38.1274385574118,71.0146018989741,56.171630095619,20.4562327690012,14.5723311279305,11.1122593610366,14.8363109157115,40.1244170791872,17.3904971931636,59.9460967011632,6.02254896577373,8.46628280298148,3.1854946651763,72.9530242327904,18.3358179488947,6.1865738239841,0.313248640534145,0.192273237560166,0.0888052006134178,28.6038386162181,0.840729207566727,0.18692357929152,0.806627940272212,0.962471825809277,0.971030107484893,0.0228550879852162,0.681305963889205,2.57,3.09,3.077,1,"noRScoretop_allseds_sst_53","noRScoretop_allseds_sst"
"54",-2.80145878636733,22.6385468423583,32.7958564511823,38.1274385574118,71.0364533947526,55.80239306,20.4562327690012,14.5723311279305,11.1074572834183,14.8363109157115,40.1244170791872,17.3904971931636,59.9481049523547,6.02254896577373,8.46628280298148,3.1854946651763,74.246567819167,18.3357222839267,6.18624026203184,0.313248640534145,0.188498882006034,0.0888052006134178,28.6038311263972,0.840729207566727,0.191569193345541,0.80666885419418,0.962471825809277,0.971030107484893,0.0228550879852162,0.681305963889205,2.58,3.09,2.877,1,"noRScoretop_allseds_sst_54","noRScoretop_allseds_sst"
"55",-2.80105870700689,20.52433082,32.6951269962732,37.5428887556474,71.0364677845526,55.8023985200877,20.7160329124028,14.5656572446656,10.2863801855262,12.7711194831873,39.561680340043,17.8635229152521,59.9459947000115,6.01843017102254,8.46779373481347,3.18532031352114,74.2460718506555,18.6327896318328,6.19004047862983,0.291905770231331,0.195751222186731,0.251936360453116,28.6026707340839,0.234050717213881,0.223549313015718,0.8053448632454,0.976540945746972,0.925497753637344,0.0227633843760696,0.701423344075873,2.65,3.09,2.961,1,"noRScoretop_allseds_sst_55","noRScoretop_allseds_sst"
"56",-2.80910709990483,20.52433082,32.6951783691672,37.5517258715741,71.0363548476676,55.8023295134699,20.59255165,14.5434842991539,11.1271405561333,12.8272331834292,39.414574864046,19.1450116516235,60.0077280455008,5.83254773898251,8.45030461101707,3.18532031352114,74.3422023825888,18.6613431497012,6.18951041503082,0.313434045572606,0.189441921217151,0.230328113881754,28.60362002,0.034789266860374,0.222670664941331,0.804321052851634,0.976172601,0.82980220292079,0.0270306663598337,0.701557409449764,2.77,3.09,2.853,1,"noRScoretop_allseds_sst_56","noRScoretop_allseds_sst"
"57",1.49496980578098,23.4625275632132,34.3211066292234,39.4249177087247,83.995934576041,51.7858376793466,18.6411956822451,10.0903169984041,13.1240299530369,8.19778495880437,45.4081073902471,15.9320519383032,53.8461508612756,6.17388331383438,8.383218907,3.79528173559463,84.26716457,14.1759048602143,5.8250579528091,0.910926293922881,0.262724370766191,1.21183377054082,28.6458655159079,0.817474987452284,0.138902373953455,0.647159368,0.348928809521593,0.966726422992194,0.0865594903054173,0.586161578757402,2.4,3.1,3.497,1,"noRScoretop_allseds_sst_57","noRScoretop_allseds_sst"
"58",-2.80701956896769,22.96104560942,32.7004646971359,49.7523044187207,70.3129381105469,48.0731972064961,20.2751849228348,13.4905588954414,10.1503616397368,19.5524156124705,39.9958594690883,12.9561641937079,60.0460466056451,6.47400206904751,8.43259588372597,3.17535242464194,74.3041516467488,18.3173456751244,5.07356800661011,0.314384210082253,1.55164313127585,1.20675852163189,28.6038310368924,0.0737101783469682,0.187512027714362,0.809132079738852,0.181048082287903,0.925556795552377,0.00178900422731086,0.705889784389794,2.44,3.1,3.412,1,"noRScoretop_allseds_sst_58","noRScoretop_allseds_sst"
"59",-2.74639996509142,22.5493914609658,32.697650827029,39.6360539422541,71.0363548476676,55.8023295134699,20.6008680455115,14.5425690354483,12.6240833615319,12.8160353310296,39.4189504065159,19.1443831307796,59.9807086841783,5.82123733120759,8.45796349921401,3.18566621209356,74.3392833198731,17.0862185563144,6.19003066199216,0.3116066572418,0.151692920981098,0.0899651511922731,28.6087528999709,0.034789266860374,0.185643199803496,0.80526792603423,0.559274463874734,0.970717054937545,0.0159824566911482,0.70133546875635,2.58,3.1,2.901,1,"noRScoretop_allseds_sst_59","noRScoretop_allseds_sst"
"60",-2.80919628567668,20.4681261439698,32.6994605262885,37.5500853458629,71.0363548476676,55.8023295134699,20.59255165,14.5723715856677,11.1076210439873,14.835980510045,40.1176132118944,19.1443831307796,59.9450406001473,5.8311432996861,8.49755365828342,3.18532031352114,74.3426830641925,18.110524595979,6.18957686594233,0.313433032537133,0.189333802256469,0.0885179731875227,28.60362002,0.0362809369180791,0.222549412452127,0.804344228572125,0.962151311963424,0.832159382933033,0.0270306663598337,0.681232625294843,2.72,3.1,2.846,1,"noRScoretop_allseds_sst_60","noRScoretop_allseds_sst"
"61",-2.39490108997128,20.52433082,32.6951184477534,39.6899465201256,71.0364615979946,55.80239306,20.59255165,14.5723311279305,11.1358275833681,12.7305303821752,39.4145112249077,19.1538924186757,59.9474886514532,6.02233710788594,8.46755967780245,3.18726233789329,74.2472476506088,18.3591528967554,6.18957552582809,0.313447876467779,0.189442349,0.236080746708256,28.60362002,0.0347106524987641,0.191569193345541,0.804255964673091,0.972971332735063,0.925556795552377,0.142520147659915,0.70588983742414,2.75,3.1,2.855,1,"noRScoretop_allseds_sst_61","noRScoretop_allseds_sst"
"62",-2.81381230226104,20.52433082,32.69519127,37.55186686,71.03644492,55.80239306,20.59255165,14.5703521819703,10.4313892478146,14.93974363,39.41881188,19.16140119,59.9453746127395,6.021949042,8.4670582164084,3.185406943,74.2466306123985,18.6585601505601,6.1895228026953,0.313451714775515,0.189442349,0.085179036,28.60362002,0.235825078966191,0.191774922237978,0.804289293270427,0.976137483282185,0.925546668723874,0.147473813,0.705871808764331,2.84,3.1,2.835,1,"noRScoretop_allseds_sst_62","noRScoretop_allseds_sst"
"63",-2.80456563421491,20.52433082,32.69519127,37.55186686,71.03644492,55.80239306,20.59255165,14.5703621475758,10.4313892478146,14.93974363,39.41881188,19.16140119,60.0078640950937,6.021949042,8.4670582164084,3.185406943,74.2466306123985,18.6586470245439,6.1895228026953,0.314319138,0.189442349,0.085179036,28.60362002,0.242554768,0.186294154038626,0.805301208,0.976162865999238,0.926820579932789,0.147473813,0.705871808764331,2.85,3.1,2.834,1,"noRScoretop_allseds_sst_63","noRScoretop_allseds_sst"
"64",-2.81621704400516,20.5190820193993,32.6951041964264,37.5239207289133,70.8314999756164,55.80239306,20.59255165,14.57036802,10.4070602053959,14.8307137026601,39.4247496824838,19.1696514055855,59.9769758332183,6.02123284748667,8.4670582164084,3.185406943,74.1813029168634,18.6760334,6.1895228026953,0.302479193933832,0.178156191540326,0.0872104770664517,28.60362002,0.242554768,0.186294154038626,0.80537893755741,0.976162865999238,0.926858805,0.146003868000114,0.705871808764331,2.85,3.1,2.835,1,"noRScoretop_allseds_sst_64","noRScoretop_allseds_sst"
"65",-2.81621704400516,20.52433082,32.6951041964264,37.5283388814056,71.03644492,55.80239306,20.59255165,14.57036802,10.4070602053959,14.8307137026601,39.4247496824838,19.16140119,60.0062147656633,6.02123284748667,8.4670582164084,3.185406943,74.23064019,18.6760334,6.1895228026953,0.314319138,0.189442349,0.085179036,28.60362002,0.242554768,0.186294154038626,0.805301208,0.976162865999238,0.926858805,0.146003868000114,0.705871808764331,2.85,3.1,2.837,1,"noRScoretop_allseds_sst_65","noRScoretop_allseds_sst"
"66",-2.45721564993384,22.96104560942,32.6953725687629,49.8058551745319,70.3718954347794,48.0869298103521,20.2762692116762,13.4905396638965,10.4670807434877,19.5545655379602,39.9681897397223,13.0208147588378,59.9460678155382,6.71203553913758,8.43265288186226,3.18511604986188,72.9162684445302,18.3173456751244,6.17163017088762,0.314376099556649,1.55017071160584,0.902672004146079,28.60362002,0.0737101783469682,0.186956450871124,0.801730018125004,0.176800089744717,0.930423540870948,0.00178900422731086,0.705889784389794,2.45,3.11,3.367,1,"noRScoretop_allseds_sst_66","noRScoretop_allseds_sst"
"67",-2.16566580565949,22.6311553467041,32.7910471831971,49.7541224406655,71.0356965728215,48.071287714495,20.2763462528694,11.2289608930607,10.358681787744,19.5535049841011,39.6249512651766,13.1042532308852,60.0502753448398,6.47423991388149,8.46190665290585,3.18511604986188,74.2414443856622,18.3173456751244,6.25650419622633,0.314376099556649,1.55018589459233,0.903500170485403,28.4723222265823,0.0737101783469682,0.187662732703474,0.807490419313061,0.586426873578038,0.8707773227057,0.000196303132677244,0.6815940907511,2.46,3.11,3.193,1,"noRScoretop_allseds_sst_67","noRScoretop_allseds_sst"
"68",-2.80065432295542,20.52433082,32.697650827029,37.5587662873783,71.0363548476676,55.8023295134699,20.5918733296475,14.5446607204058,11.0601853733313,12.770590616364,39.4143449371062,17.8824518756761,59.9450295828058,6.01950256980795,8.46726687451986,3.18532031352114,74.3431327743341,18.1110815552694,6.18957619600908,0.291767790066471,0.196114155829898,0.086500394434259,28.6033965167317,0.037670779082327,0.223667334620017,0.80526792603423,0.962499151080012,0.929277329926124,0.0228584211049493,0.701536540616812,2.57,3.11,3.065,1,"noRScoretop_allseds_sst_68","noRScoretop_allseds_sst"
"69",-2.13321269256305,20.52433082,32.699520278269,37.5442306058997,71.0364677845526,55.8023985200877,20.7149281202012,14.5656572446656,10.2863801855262,12.7711194831873,39.4123356482383,17.8806901032768,59.9443524482043,6.01843017102254,8.45036726692588,3.18532031352114,74.3357139254728,18.6327896318328,6.190037628,0.291905770231331,0.195751222186731,0.251908416786186,28.6372875614631,0.245963724981679,0.22370864329252,0.8053448632454,0.962523873397415,0.922712275732235,0.0228833952974085,0.701423344075873,2.68,3.11,2.872,1,"noRScoretop_allseds_sst_69","noRScoretop_allseds_sst"
"70",-2.80910981666996,20.52433082,32.6951783691672,37.5517258715741,71.0363548476676,56.0533266827476,20.59255165,13.4552058613358,11.1271405561333,12.8272331834292,39.4230466074017,19.1450116516235,60.0077280455008,6.44810345371498,8.44991137730138,3.17509557931342,74.3478358131245,18.6613431497012,6.18951041503082,0.314372207816255,0.189441921217151,0.230328113881754,28.60362002,0.0341788862873122,0.223187562415112,0.804321052851634,0.976172601,0.911873999724077,0.026716711868441,0.705907009399329,2.69,3.11,2.797,1,"noRScoretop_allseds_sst_70","noRScoretop_allseds_sst"
"71",-2.81379392498357,22.96104560942,32.6953725687629,49.8058551745319,70.3718954347794,48.0869298103521,20.2762692116762,13.4905396638965,10.4670807434877,19.5545655379602,39.9681897397223,13.0208147588378,59.9460678155382,6.71203553913758,8.43265288186226,3.18511604986188,72.9162684445302,18.3173456751244,6.17163017088762,0.314376099556649,1.55017071160584,0.902672004146079,28.60362002,0.0737101783469682,0.186956450871124,0.801730018125004,0.176800089744717,0.930423540870948,0.00178900422731086,0.705889784389794,2.45,3.12,3.351,1,"noRScoretop_allseds_sst_71","noRScoretop_allseds_sst"
"72",-3.06261803189822,20.4092007196171,35.0603983971805,37.5301069367245,69.1944193291741,55.8030964836408,21.0150029130745,15.6058264678789,12.5854056752027,7.62152005201219,45.3389446115531,18.0109038741637,65.9763308701798,5.80705193944487,8.42347890310542,3.18555049760579,77.5082307032752,15.4638901337523,3.951312233,0.682903120949733,0.177688763167019,1.12875422485383,7.42015284044226,0.229079803334638,0.14042227375959,0.805135022848118,0.731701717126952,0.837511541838774,0.020798825,0.701190752452452,2.48,3.12,3.173,1,"noRScoretop_allseds_sst_72","noRScoretop_allseds_sst"
"73",-2.80145878636733,22.6620432661198,32.7958564511823,38.1310538813755,71.0364533947526,55.80239306,20.6683640973143,14.5723311279305,11.1074572834183,14.8363109157115,40.1244170791872,17.3904971931636,59.9481049523547,6.02254896577373,8.46711728150625,3.1854929068956,74.246567819167,18.3357222839267,6.23420604710714,0.313248640534145,0.188498882006034,0.0888052006134178,28.6038311263972,0.236347465789666,0.191569193345541,0.80666885419418,0.961497142869892,0.926264478297527,0.0228550879852162,0.681305963889205,2.53,3.12,2.852,1,"noRScoretop_allseds_sst_73","noRScoretop_allseds_sst"
"74",1.4529319258517,22.7123130998339,33.0605509549128,38.3781349557943,82.75290865,51.79385319,18.6318445408332,10.1084087699411,13.1330457654772,7.99876419730063,47.2106588859109,15.897353598439,53.7108764832636,7.24379490841503,8.38321735780401,3.803325431,84.2674471591431,14.1311854831678,4.11111013846327,0.895227077025648,0.262724370766191,0.917066778216975,28.39034567,0.817547255228077,0.138349754336137,0.647674031080115,0.377620283000728,0.966726422992194,0.0270911156475916,0.58924160036524,2.33,3.13,3.443,1,"noRScoretop_allseds_sst_74","noRScoretop_allseds_sst"
"75",-3.35576105646083,22.9642918574536,32.6953725687629,49.7541224406655,70.3718954347794,48.0705252255259,20.2763416916937,13.3136330332481,10.358681787744,19.5537843903102,39.963300492513,12.956823457111,60.052539000011,6.4742318588486,8.38081694850922,3.17527501094975,72.3577760739924,18.3173456751244,6.25650419622633,0.314376099556649,1.55018589459233,0.868245975540869,28.6067119547095,0.0737101783469682,0.187590945739311,0.809130949981895,0.599077202528947,0.8707773227057,0.000845183589416021,0.683356562801957,2.44,3.13,3.474,1,"noRScoretop_allseds_sst_75","noRScoretop_allseds_sst"
"76",-2.81383774038248,22.63162797,32.6953825234896,49.7732668086202,70.3808557421939,48.083342444612,20.2786952015238,13.4615305634813,10.4648462113586,19.5551153954376,39.378680215748,13.021531658221,60.0074189482485,6.70338427362398,8.4325175201304,3.18470148577061,74.2976091754156,18.3436728499481,5.23745965167125,0.314376119503035,1.551652769,0.91264060667185,28.6036174625639,0.0737887016530195,0.187749298937453,0.68265170169848,0.176777356280503,0.833927722186169,0.0242738497919458,0.682186600042258,2.43,3.14,3.347,1,"noRScoretop_allseds_sst_76","noRScoretop_allseds_sst"
"77",-2.81985243253616,22.63162797,32.7974827522343,49.7315513872182,71.058296328595,47.9809419538218,20.2891728506904,13.4433616116718,10.3543414226764,19.5915893817566,39.0545790307803,12.9773539143142,59.9442983504076,6.74689554156591,8.38074890230323,3.17530599524799,74.2893826785289,18.3333092716022,5.13431092828535,0.314508881180071,1.551652769,0.93174923925562,28.4838138119913,0.0782771505497044,0.188188752049141,0.681763413021164,0.164287104547643,0.870206367723383,0.0261491436780691,0.683758797651709,2.44,3.14,3.406,1,"noRScoretop_allseds_sst_77","noRScoretop_allseds_sst"
"78",-2.81616148878622,22.63162797,32.694825186452,49.7732668086202,70.3807821914125,48.083342444612,20.5918877499777,13.4615305634813,10.42377473292,19.5899972244705,39.4188339726011,12.9790109099115,60.0077626228507,6.42477507440583,8.4325175201304,3.18470171459016,74.2976091754156,18.3436728499481,5.24923620370224,0.314376119503035,1.551652769,0.0555898141963875,28.6036174625639,0.0737887016530195,0.187749298937453,0.682186322667194,0.166957696612293,0.835416601989844,0.022595382358842,0.682186600042258,2.45,3.14,3.341,1,"noRScoretop_allseds_sst_78","noRScoretop_allseds_sst"
"79",-2.81397505599876,23.1562417042262,32.6956373889766,37.581770820328,71.0364533947526,55.80239306,20.5910872287313,14.5723838545684,11.1074572834183,14.8363109157115,39.6183859188931,17.3904971931636,59.9460678155382,6.02202502099497,8.4670582164084,3.18532931773471,74.246567819167,18.3357222839267,6.18957538268316,0.314276443980656,0.187518384370204,0.0695465454914315,28.60362002,0.246160505939527,0.191569193345541,0.805302820282111,0.974705812325075,0.925556795552377,0.0242809550725496,0.705649460762424,2.52,3.14,2.938,1,"noRScoretop_allseds_sst_79","noRScoretop_allseds_sst"
"80",-3.09032152516193,22.63162797,32.7974827522343,49.7365482055082,71.058296328595,47.9809419538218,20.2891728506904,11.2136926486803,10.3543414226764,19.59155315,39.0545790307803,12.9773539143142,59.9442983504076,6.74665304312095,8.38074890230323,3.17530599524799,74.2893826785289,18.2315098420437,6.26991313146727,0.314508881180071,1.551652769,0.903905389648476,28.477767417693,0.0817204999638781,0.188188752049141,0.681763413021164,0.164210400909543,0.870206367723383,0.00182469706593032,0.683758797651709,2.43,3.17,3.335,1,"noRScoretop_allseds_sst_80","noRScoretop_allseds_sst"
"81",-3.4370939522822,24.9551243379321,34.5356603610531,38.524227311616,62.3935151857315,49.1129221658013,20.6348436988491,13.687892296649,13.2278460961096,8.12246387913647,34.3717305600475,15.9323472840227,60.00592973,6.69764948281067,8.43732838608927,3.16598594987554,72.892666145548,14.1496096110792,5.25677434764425,0.302012396745412,1.6834269813004,0.755158895850524,28.384351464415,0.034150878199674,0.136766853756448,0.681976757861556,0.176749978981232,0.969512716889545,0.0270240800775459,0.68207497797896,2.33,3.18,3.41,1,"noRScoretop_allseds_sst_81","noRScoretop_allseds_sst"
"82",-2.88907034974134,22.8481566987274,32.79396922,49.8106540600295,63.0820293726571,49.3481980903566,20.47543738,13.4954835217314,10.4230504024997,14.9373946366421,33.9202042911218,12.9778831242847,60.00592973,6.67863045068261,8.43607891057338,3.17528694059039,72.92049631,18.3076650601,5.254275818,0.314279378996578,1.55147482218317,1.20891565638215,28.60362002,1.24594197455982,0.186965804359315,0.691542561473041,0.183022702011713,0.870330942051431,0.0244572357839772,0.701253743986931,2.42,3.18,3.423,1,"noRScoretop_allseds_sst_82","noRScoretop_allseds_sst"
"83",-3.3788876236765,20.4092007196171,35.0603983971805,37.4568385387935,69.2133551542349,55.7954815615191,20.5842353997503,15.5795930542844,12.6645015962894,10.9871131691826,46.7415045691012,18.0115381185879,66.0775907211357,5.81514656515281,8.45030249477478,3.18150039703455,77.5410363242351,15.4291765085387,3.951312233,0.664101338588337,0.196253031374398,1.14705320322283,8.59956981333904,0.231118738117309,0.140467505443076,0.805155968306853,0.278492339525907,0.837507063460951,0.0228276711679681,0.701197659881763,2.49,3.18,3.145,1,"noRScoretop_allseds_sst_83","noRScoretop_allseds_sst"
"84",-3.29078283397822,22.8481566987274,32.79396922,49.8106261922348,63.0820293726571,49.3481980903566,20.47543738,13.4581987364025,10.4243367238478,14.9373946366421,33.9202042911218,12.9778831242847,60.00592973,6.67863045068261,8.43726721247853,3.17528694059039,72.3300859060302,18.2992090537433,5.254275818,0.314253494611667,1.55147482218317,1.20891565638215,28.6038259801641,1.24594197455982,0.186994069568963,0.691542561473041,0.183016131537126,0.870330942051431,0.024849883483566,0.701253743986931,2.43,3.19,3.391,1,"noRScoretop_allseds_sst_84","noRScoretop_allseds_sst"
"85",-3.09571658225299,22.6187411928473,32.7974827522343,43.5491260095914,70.7314837926234,47.9782141756527,20.2888620134019,11.1008517123173,10.4448468559567,19.59155315,39.2899246350796,12.9790934813023,60.0502565958634,6.74665304312095,8.38074890230323,3.17536218,74.2893826785289,18.2288519413234,5.08268916239471,0.314508881180071,1.55164835577468,0.903905389648476,28.477767417693,1.00882076841489,0.188389194130932,0.681763413021164,0.585000067875138,0.836608890142363,0.00081704028797684,0.683758797651709,2.46,3.19,3.263,1,"noRScoretop_allseds_sst_85","noRScoretop_allseds_sst"
"86",-3.6335151062321,20.4092007196171,35.0603983971805,37.5439755426851,69.1944193291741,55.7954815615191,21.014961485135,15.5795930542844,12.6605556839533,10.9525314612314,46.7415045691012,18.0109260821824,66.0775907211357,5.81542368258244,8.45009295337378,3.18150039703455,77.5410363242351,15.4741129091065,3.951312233,0.682905086912954,0.196253031374398,1.12862599665923,8.59956981333904,0.231118738117309,0.140467505443076,0.805161316746039,0.278492339525907,0.837507063460951,0.020798825,0.701190752452452,2.5,3.19,3.129,1,"noRScoretop_allseds_sst_86","noRScoretop_allseds_sst"
"87",1.88360927065015,23.3966637979426,34.2820321011922,43.0283741791859,82.6928306797173,51.79385319,18.63991042,9.98523845414863,13.1363569715458,14.7857158303805,45.2741066736091,15.9023017149938,53.69150708,7.227021098,8.37977685599926,3.803325431,84.4917864810497,14.1444647369924,5.54212099398027,0.91068385,1.49969908782286,0.891561728343496,28.4828645274337,0.81813682837272,0.171854898995506,0.763743730346414,0.321270303591787,0.832300170158134,0.0189733813663089,0.678819460554616,2.3,3.2,3.628,1,"noRScoretop_allseds_sst_87","noRScoretop_allseds_sst"
"88",0.981796750497868,23.0728343288593,34.3056092247551,37.9194395248807,82.6612173445909,51.8914420975343,19.4742562746325,11.2651887704727,12.603426078837,6.57713721003932,43.9506380179244,15.921921398053,53.69150708,7.08746449127642,8.383218907,3.57810800837494,84.26716457,14.0530596322556,5.39372723203666,0.644529426572558,0.41024347041488,1.17065801920559,29.2713238729699,1.25692065012609,0.172021185296428,0.647191650606429,0.325217440964418,0.951340936487533,0.0121432201437478,0.683612844,2.38,3.2,3.351,1,"noRScoretop_allseds_sst_88","noRScoretop_allseds_sst"
"89",-2.80456563421491,22.6571795553948,31.6034082380224,42.5461050930242,71.03644492,55.6563144707499,20.9406564460792,10.9200047403279,10.4108286011175,14.6863347399754,39.5290228349961,19.16140119,60.0073983762434,6.03137712331694,7.94448465280883,3.185406943,74.1450130141651,18.6586470245439,6.1895228026953,0.865993286237523,0.189442349,0.88388782859246,28.60362002,0.242554768,0.186294154038626,0.806389985731373,0.976162865999238,0.635819265371785,0.00983849955655883,0.593826568215945,2.84,3.2,2.751,1,"noRScoretop_allseds_sst_89","noRScoretop_allseds_sst"
"90",1.8831211432326,22.5536547298085,34.3377665783945,42.9978587742137,81.3246620542953,51.79385319,18.4647096283699,10.1395462955447,12.4781536097098,14.7816446509278,44.2249606907705,15.8971406582504,53.69150708,6.91730652034372,8.383218907,3.16752044421318,84.1223907010732,14.1835060700255,5.51879187273882,0.91068385,1.54967547772086,0.889621789403239,28.3919563042243,0.807648230919696,0.140532076324857,0.646212766449234,0.318507920316552,0.969606174,0.0172997267914257,0.688478999613293,2.29,3.21,3.495,1,"noRScoretop_allseds_sst_90","noRScoretop_allseds_sst"
"91",1.880592666,22.3778819029941,34.33675462,37.9448737200491,83.180601285345,51.7552652745302,18.6631846173308,10.3657991267435,13.1379105590007,7.710837180385,45.3316620393785,15.9186419179045,53.9277161566233,7.22704126246821,8.38369654599122,3.79611333562591,84.26716457,14.14894166,3.92070450590387,0.901763479385869,1.88320389179063,0.842740337541188,29.2342835026445,1.25644412748547,0.171214880602436,0.643105036837399,0.278742523896708,0.969606174,0.0206963704311335,0.683530475899093,2.32,3.22,3.447,1,"noRScoretop_allseds_sst_91","noRScoretop_allseds_sst"
"92",-3.08988619836741,22.6187411928473,32.7974827522343,43.5416347644188,70.7314837926234,47.9782141756527,20.2901320808454,11.1008517123173,11.1562087540009,19.5912943153763,39.2899246350796,12.9814668210063,60.0502565958634,6.74665304312095,8.38074890230323,3.17536218,74.2486219832385,18.3736084320849,5.08268916239471,0.314508881180071,1.55159279955191,0.903905389648476,28.477767417693,1.00882076841489,0.188331419850406,0.681763413021164,0.553309382621609,0.836608890142363,0.00081704028797684,0.701589207331864,2.44,3.22,3.24,1,"noRScoretop_allseds_sst_92","noRScoretop_allseds_sst"
"93",-2.80145878636733,22.5587989428018,32.69519127,37.581770820328,69.5397662196317,56.5211566805224,20.6682899428853,14.5723311279305,11.1074572834183,14.8363109157115,39.5655381453055,17.3904971931636,59.9460678155382,6.01083213331884,8.46181980013122,3.18532931773471,74.246567819167,18.1033194549415,6.08381214780999,0.313447876467779,0.188910088614786,0.0689416279805567,28.60362002,0.252138741502159,0.191511449663481,0.805302820282111,0.962471825809277,0.928672698859503,0.0227896327865822,0.701453120701554,2.5,3.22,2.826,1,"noRScoretop_allseds_sst_93","noRScoretop_allseds_sst"
"94",-2.81397505599876,23.1491074394355,32.6994336005602,37.5942881856498,70.179430395683,55.80239306,20.5910872287313,11.0611401777009,12.4843112243363,14.8314383405,39.6183859188931,17.3904971931636,59.6418293659849,6.02202502099497,8.44045060978261,3.18532931773471,74.246567819167,18.3303606894433,6.21612529673908,0.314258344583243,0.187735889152858,0.0695465454914315,30.522390226422,0.274859972931951,0.191569193345541,0.813794224304762,0.974705812325075,0.972293222881873,0.0242809550725496,0.705649460762424,2.56,3.22,2.814,1,"noRScoretop_allseds_sst_94","noRScoretop_allseds_sst"
"95",1.87628380140905,23.3966637979426,34.2820321011922,43.0283741791859,82.6928306797173,51.79385319,18.6399047940387,9.98523845414863,13.1363254914124,14.7854857996508,45.2741066736091,15.9023017149938,53.69150708,7.227021098,8.37977685599926,3.07162100577353,84.2673254502621,14.1444647369924,5.54212099398027,0.91068385,1.49905031342159,0.891561728343496,28.4827710924516,0.81813682837272,0.17185574102494,0.768383888540235,0.321270303591787,0.835649767264102,0.0189733813663089,0.683581957267296,2.27,3.23,3.496,1,"noRScoretop_allseds_sst_95","noRScoretop_allseds_sst"
"96",-2.81428837007613,22.63162797,32.7950597927489,49.814496542475,63.0810540292052,49.0569950725633,20.5939144499615,13.5150177607105,11.1428230476748,19.6839395500261,34.8336084016183,15.9323472840227,60.00592973,6.716242991,8.43975671489302,3.18578023203388,72.9171001638739,14.1806292357544,5.22542064575255,0.314319138,1.51252181060476,0.0826544493283264,28.5988502833766,0.040143049,0.185529526794541,0.682222773507503,0.177729742061906,0.870232145436411,0.0154078700056705,0.701446882,2.36,3.23,3.18,1,"noRScoretop_allseds_sst_96","noRScoretop_allseds_sst"
"97",-2.78093107547271,22.5483808047292,32.79396922,49.9731242438194,62.8934805687755,49.2271535765486,20.47543738,14.5488990134689,13.2278460961096,19.9083299914793,34.61456235,15.9323472840227,59.9470247033221,6.04100644920657,8.437267269,3.18494329163999,72.8926596581501,14.1480539492692,5.254275818,0.314313111995718,1.551652769,0.896486005771406,28.3955997359954,0.0473848681786574,0.191223656937365,0.803035231096793,0.176749978981232,0.927033651842689,0.0161322990148702,0.683768812226992,2.37,3.23,3.185,1,"noRScoretop_allseds_sst_97","noRScoretop_allseds_sst"
"98",-2.90742194783653,23.3086536504363,35.0603983971805,37.382589326201,70.925742273223,56.0402294751007,21.014961485135,15.6661861412045,12.6605556839533,10.9525314612314,46.6404790337232,18.0109260821824,65.9758119010838,5.92583347515312,8.45009295337378,3.18150039703455,77.5410363242351,15.4741129091065,3.951312233,0.636990448831593,0.19962429296148,1.15481670091813,8.59956981333904,0.229121053553038,0.140667392565827,0.805161316746039,0.728903523878736,0.837507063460951,0.0208843454225912,0.701190752452452,2.41,3.23,2.998,1,"noRScoretop_allseds_sst_98","noRScoretop_allseds_sst"
"99",-3.38959721868564,22.5899038747707,33.1222364036261,37.5439755426851,69.1944193291741,55.9043371000896,21.014961485135,15.5795930542844,12.6833555656187,10.9662322151742,45.2497872699736,18.0109260821824,66.0775907211357,5.85979436190051,8.38338746294642,3.22793503824386,77.5410363242351,15.4741129091065,3.951312233,0.682905086912954,0.196253031374398,1.12862599665923,6.79877475558148,0.277574522969671,0.140963951514368,0.809618795134024,0.322265005984451,0.837507063460951,0.0208699017275962,0.699325959624158,2.42,3.23,3.142,1,"noRScoretop_allseds_sst_99","noRScoretop_allseds_sst"
"100",-2.80966061769741,22.6316252335293,32.7939721609934,51.3296612286424,63.0810540292052,49.2271535765486,20.5939144499615,13.6691031094041,10.4143560985119,19.6787855744385,34.3022652102358,15.9323472840227,60.00592973,6.716242991,8.43974662824221,3.81080141955476,72.919367659173,14.1801789714898,5.25382897325848,0.314319138,1.5580988588151,0.893257107127076,28.3979468927437,0.0423825809704551,0.172399513133621,0.668857662196174,0.176749978981232,0.870240561053458,0.0172652739723658,0.683967995300001,2.37,3.24,3.106,1,"noRScoretop_allseds_sst_100","noRScoretop_allseds_sst"
"101",-2.81708987589722,22.63162797,32.7950706343087,49.8146356137725,62.6806303057812,49.2271535765486,20.5918112888685,13.6871693371637,11.0760922899742,19.6821813910967,34.6256644721093,15.9323472840227,60.00592973,6.716242991,8.43975671489302,3.18578023203388,72.9193086514982,14.1801789714898,6.19393114178601,0.314319138,1.55765870807259,0.0828936073390613,28.3956469629723,0.040143049,0.186328463603144,0.681974511717035,0.176749978981232,0.870232145436411,0.0154078700056705,0.683433753410825,2.37,3.24,3.159,1,"noRScoretop_allseds_sst_101","noRScoretop_allseds_sst"
"102",-2.81428893629886,22.63162797,32.795062354757,49.7752516572403,63.0810540292052,49.1912462889147,20.5919005046493,13.4505193195609,11.142004778898,19.6827689160959,34.6254757716083,16.0209467368167,60.0078199079984,6.716242991,8.43237675374126,3.18578023203388,72.915484971203,14.1801789714898,6.19393114178601,0.314319138,1.55798350354065,0.0821214229816222,28.3956469629723,0.0758493591652397,0.18696843767344,0.682222773507503,0.176749978981232,0.870232145436411,0.0222054708940234,0.701515820367593,2.38,3.24,3.104,1,"noRScoretop_allseds_sst_102","noRScoretop_allseds_sst"
"103",-4.64747841524043,23.3666539835519,32.8004589782933,39.623016747131,71.0171519647072,55.8182626239441,21.4312509244678,11.2020880267437,12.4636896619022,15.0131468836903,39.5097829982604,20.1859731298408,59.9468528392383,6.99799725861141,7.24870151930305,3.23641098786,74.0446970753586,17.0680571060481,6.25845363227758,0.31159554235051,0.194369578764935,0.109636767331302,30.66770107,0.255879661513697,0.0720386308889907,0.452847602034118,0.56291546796583,0.971613145,0.0172724779730552,0.344814110264703,2.81,3.24,2.775,1,"noRScoretop_allseds_sst_103","noRScoretop_allseds_sst"
"104",-2.81428837007613,22.63162797,32.795062354757,49.8146356137725,63.0810540292052,49.2271535765486,20.4733106994904,14.5690625882615,11.1923013603295,19.9117013303725,34.62506492062,15.9323472840227,60.00592973,6.716242991,8.43975671489302,3.18578023203388,72.9171784573406,14.1803259753577,6.18984059615447,0.314319138,1.55798350354065,0.0826544493283264,28.3956469629723,0.0474911746644408,0.171579573284631,0.682217438612815,0.176749978981232,0.870232145436411,0.0154078700056705,0.683273969383691,2.36,3.25,3.127,1,"noRScoretop_allseds_sst_104","noRScoretop_allseds_sst"
"105",-2.81428837007613,22.6369592864421,32.8157465736629,50.3471835493682,63.0876319608023,49.2271535765486,20.484137455872,14.5483452918396,11.1428230476748,19.6839395500261,34.6254757716083,15.9356754141636,60.00592973,6.716242991,8.43975671489302,3.82159934609109,72.9171001638739,14.1352389273346,6.19393114178601,0.314319138,1.55223132949444,0.0826544493283264,28.3956469629723,0.0403333869499416,0.18696843767344,0.682233889881303,0.176749978981232,0.870236686034811,0.0154078700056705,0.701446882,2.36,3.25,3.171,1,"noRScoretop_allseds_sst_105","noRScoretop_allseds_sst"
"106",-2.81428837007613,22.5603369102471,32.795062354757,49.8146356137725,63.0810540292052,49.2271535765486,20.4731111436713,14.6053858416915,11.131015977767,19.5750662438101,34.6149623695055,15.9314890810306,60.00592973,6.716242991,8.43975671489302,3.16963485551623,72.9171001638739,14.1820060549802,6.19393114178601,0.314319138,1.55798350354065,0.0826544493283264,28.3956469629723,0.0399967744729749,0.18696843767344,0.682222773507503,0.176749978981232,0.870232145436411,0.0154078700056705,0.701209789013172,2.37,3.25,3.121,1,"noRScoretop_allseds_sst_106","noRScoretop_allseds_sst"
"107",-2.81428837007613,22.63162797,32.795062354757,49.8075591527152,62.7046767619256,49.2271535765486,20.4787696352309,14.5597308553792,11.1457870924239,19.6762806128882,34.6145736295717,15.9323472840227,60.00592973,6.716242991,8.43951050022527,3.18578023203388,72.9160911726854,14.1478438902644,5.29206490193437,0.314319138,1.55779300234572,0.0826544493283264,28.3956469629723,0.0472954699605431,0.18696843767344,0.682222773507503,0.176749978981232,0.870232145436411,0.0154078700056705,0.701020621489933,2.35,3.26,3.163,1,"noRScoretop_allseds_sst_107","noRScoretop_allseds_sst"
"108",-2.7388122188955,22.6382590188639,32.8158393855003,49.8072314887447,62.6280302868148,49.4528294288238,20.4762648531565,13.687892296649,11.1707999250368,19.7852062036306,33.8650461750495,15.9229723510374,60.00592973,6.716242991,8.46780359011591,3.82679068503023,72.9198857456244,14.1356507703118,5.254275818,0.313502719469342,1.5231904612846,0.901568779375051,28.3978754102176,0.0336524828851844,0.186448521339702,0.681976757861556,0.170918261434979,0.870232145436411,0.0294678712371544,0.683768812226992,2.35,3.27,3.089,1,"noRScoretop_allseds_sst_108","noRScoretop_allseds_sst"
"109",-3.03985758974333,22.63162797,32.795062354757,49.8141706576057,63.0810540292052,49.2271535765486,20.4774012256952,14.5690625882615,11.1428230476748,19.6840359834027,34.6253749244474,15.9323472840227,60.00592973,6.716242991,8.43729324570209,3.18578023203388,72.9171001638739,14.1478029332001,5.21848845026579,0.314319138,1.55798350354065,0.0826544493283264,28.3956469629723,0.0403763925777958,0.186973587582878,0.682222773507503,0.176749978981232,0.870232145436411,0.0154078700056705,0.701446882,2.35,3.27,3.172,1,"noRScoretop_allseds_sst_109","noRScoretop_allseds_sst"
"110",-2.83085886896887,22.6418746045776,32.79396922,49.80767944,63.069583051203,49.1667146021915,20.4754377307548,13.687892296649,11.1325194952428,19.9083299914793,34.61456235,15.9323472840227,60.00592973,6.716242991,8.437267269,3.18575755778939,72.9146441644563,14.1480539492692,4.95728604651016,0.314319138,1.551652769,0.898451645219004,28.3955997359954,0.0473848681786574,0.18566400458657,0.681976757861556,0.176754050634629,0.870232145436411,0.0217010806399564,0.683768812226992,2.31,3.28,3.228,1,"noRScoretop_allseds_sst_110","noRScoretop_allseds_sst"
"111",-2.80876119823033,22.5311488806244,34.384798709647,49.7367709685759,62.9156885037938,49.1852896436535,20.47543738,11.2017934137253,12.596521931418,19.684001279463,34.6147016402179,15.89696937726,60.0056558872036,6.7370112127532,8.3825142025164,3.17570645883371,73.4962314541352,14.1827371822289,5.08211542941831,0.310892612332548,1.55165705632882,0.969264220638223,28.3331156399517,0.0425798246834977,0.186966458558918,0.68186349800088,0.719220319262715,0.870232145436411,0.123005987045103,0.706754088300214,2.33,3.28,3.023,1,"noRScoretop_allseds_sst_111","noRScoretop_allseds_sst"
"112",-4.767814856,20.8518905886767,32.99105214,37.5291840137205,70.9019945832292,56.5556521490083,23.9880379711805,11.3828750919197,10.6072180552484,14.6721174493207,38.1297991075373,17.0612393454068,60.0219779,6.68845989913928,8.46747457576383,3.18547980420552,74.1797612435076,18.6331417346488,5.12539764875723,0.291918024210926,0.274163497,1.995465717,27.52406487,1.09680345170414,0.224194034170536,0.80534679263056,0.976541495055217,0.990892666356114,0.025258012337747,0.881047542351144,2.92,3.28,2.719,1,"noRScoretop_allseds_sst_112","noRScoretop_allseds_sst"
"113",-4.767814856,20.85817392,32.99105214,41.8961775855134,70.9019945832292,56.5568732881854,23.9880379711805,11.3837134055746,10.6072180552484,14.69998316,38.10607594,17.07066771,60.0219779,6.68845989913928,8.46747457576383,3.18547980420552,74.1797612435076,18.6413420735623,5.119898477,0.313044263949759,0.274163497,1.995465717,27.52406487,1.09680345170414,0.191023848,0.80687555489496,0.977002132,0.990892666356114,0.025258012337747,0.881047542351144,2.88,3.29,2.72,1,"noRScoretop_allseds_sst_113","noRScoretop_allseds_sst"
"114",-3.95209824594137,23.3666539835519,32.8004589782933,49.2665549041774,71.0126534653807,55.8182626239441,21.4312509244678,11.1993259314753,12.4636896619022,15.0131468836903,39.4975312508633,20.185973289316,59.9468528392383,6.99808002238285,7.73939944219607,3.23641098786,74.2941744591966,17.0680571060481,6.25845363227758,0.315371119159406,0.195692136644259,0.109636767331302,30.66770107,0.255879661513697,0.0720386308889907,0.130715667078239,0.555577707111751,0.971613145,0.0172724779730552,0.347226496032181,2.88,3.29,2.731,1,"noRScoretop_allseds_sst_114","noRScoretop_allseds_sst"
"115",1.8831211432326,23.4682082150145,34.4000966864975,42.9972213061018,81.3246620542953,51.7920044125236,18.691672977817,10.0885624201617,13.1239995473769,14.7859098597506,44.2249606907705,15.8967236902081,53.69150708,7.22662849602028,8.383218907,3.16752044421318,84.2674062492794,14.1835060700255,5.55249408671985,0.91068385,1.55005911032224,0.88922401627346,28.3904029590156,0.802471393,0.140532076324857,0.646212766449234,0.317284159105285,0.969606174,0.127275167960271,0.683612844,2.27,3.3,3.595,1,"noRScoretop_allseds_sst_115","noRScoretop_allseds_sst"
"116",-3.68788810793885,22.6311096561046,34.3691155479223,49.7667466662045,63.08117589,49.0492097065732,21.2705529041558,13.4962939110799,13.1898731939644,19.684001279463,34.3341837237318,15.8974828973424,60.00592973,6.69748691679809,8.4384998446074,3.18575773068754,73.4675440208145,14.1826588455211,5.2471030827033,0.314319138,1.51392939544272,0.900631620142865,28.3851932270626,0.0367642331973193,0.187996392421817,0.68186349800088,0.174030658663711,0.918186255773506,0.0188276428064237,0.692567420440165,2.31,3.3,3.166,1,"noRScoretop_allseds_sst_116","noRScoretop_allseds_sst"
"117",-3.71297065500882,22.5311488806244,34.384798709647,49.8084532586417,62.9156885037938,49.1852896436535,20.47543738,11.2017934137253,12.5227289591367,19.684001279463,34.6145625057537,15.89696937726,60.0056558872036,6.7370112127532,8.3825142025164,3.17571331884931,73.4962314541352,14.1478672962883,4.96344120814918,0.31094360308184,1.55165705632882,0.969264220638223,28.3331156399517,0.0425798246834977,0.186957968815888,0.681973778162433,0.719220319262715,0.870232145436411,0.123005987045103,0.706754088300214,2.31,3.31,3.125,1,"noRScoretop_allseds_sst_117","noRScoretop_allseds_sst"
"118",-5.53425310132686,22.4464353700508,32.7851972140299,39.6522639362358,69.5283039615489,55.9207070282644,23.060146101523,9.82485864070966,12.7999102300432,11.412225902599,43.80176291,17.064864099392,62.6886828446713,6.41771711426399,7.96887768609959,3.20538571658046,75.0321730997756,18.1005042162182,3.98891692428669,0.321438031646079,0.155465219139777,0.825865290563195,20.7507287711485,1.06968935652356,0.21254108,0.797662376691014,0.957360814829592,0.701950397982847,0.0128975886647111,0.874346970223661,2.58,3.31,2.711,1,"noRScoretop_allseds_sst_118","noRScoretop_allseds_sst"
"119",0.844302167340659,22.5533884988295,34.3368297515088,43.23471618,82.75290865,51.79385319,18.6372863798985,10.10844935,13.1164033930621,14.7859101406752,45.4630124315599,15.8984743787502,53.69150708,7.22703856783293,8.383218907,3.08918399843594,84.26716457,14.14894166,5.57541711835333,0.910335996263779,1.57339185894668,0.895682250904096,28.3934032016747,0.802471393,0.171720272,0.647128141052475,0.322289876773876,0.981255050145988,0.00691987421086926,0.683612844,2.27,3.32,3.354,1,"noRScoretop_allseds_sst_119","noRScoretop_allseds_sst"
"120",1.06321331927937,22.5620137824597,34.3514912360729,43.23471618,82.75290865,51.79385319,18.6392612444577,10.1084063223034,13.1359841929855,14.7848569838253,45.4289463066822,15.8973571081207,53.69150708,7.21803886277825,8.383218907,3.08918399843594,84.26716457,14.14894166,5.5573900635188,0.91068385,1.57224256201148,0.896911366249167,28.39034567,0.817190526171113,0.168124079966084,0.647144228225739,0.320041786297014,0.970368552076991,0.0219832709833512,0.586324820023607,2.27,3.32,3.373,1,"noRScoretop_allseds_sst_120","noRScoretop_allseds_sst"
"121",-3.06827789318887,20.9503903738516,32.6701964659805,37.9513464971851,82.637672836564,51.8815279840983,20.7206977185667,13.9508486416272,13.0886846033971,12.7100562652296,43.9506380179244,17.8282502094273,59.9347984832501,6.02711183933815,8.38550233820188,3.18038758655362,85.168010024154,13.9641439733039,5.57531615606446,0.284312153104765,0.41024347041488,0.242039045976444,29.2342835026445,0.237565240660484,0.173606255901095,0.647092677816912,0.381954972415886,0.969811665013326,0.0235779879924574,0.683411021592305,2.39,3.32,3.02,1,"noRScoretop_allseds_sst_121","noRScoretop_allseds_sst"
"122",-3.06143645834525,23.0635754187681,33.0213529572289,39.3359507533824,70.9159660182233,55.9463418875588,20.6709837506164,14.498933909636,12.8533252070642,12.6953532274179,39.6196498069847,17.8732291819168,59.8267051252728,6.72515712040499,8.46860837952244,3.18423421330929,74.3338922164771,18.045155266122,6.2314851710453,0.289195479597012,0.154652363327814,1.13917011066572,28.5550632609027,0.24546435454924,0.212449588412023,0.673385028982665,0.584055250723036,0.843781638150256,0.0235634917325106,0.705234995928376,2.49,3.32,2.995,1,"noRScoretop_allseds_sst_122","noRScoretop_allseds_sst"
"123",-5.46742893678724,22.4443316001654,32.7444718285108,39.7561549351434,69.5283039615489,56.5256049667325,23.060146101523,9.82485864070966,12.8579193381734,11.4102563813831,43.80176291,17.064864099392,62.6886828446713,6.43533895235685,7.96887768609959,3.20538571658046,74.1689317043916,18.1005042162182,3.98891692428669,0.902482538807692,0.155465219139777,0.809192046,20.5468741895638,1.06851559673877,0.21254108,0.813099766094156,0.958753424364795,0.700580790083069,0.0511398915621833,0.88096503633416,2.52,3.32,2.706,1,"noRScoretop_allseds_sst_123","noRScoretop_allseds_sst"
"124",-3.69526733532073,22.5545786662712,34.3691155479223,49.7667466662045,63.08117589,49.1831086123042,21.3052442032288,13.4962939110799,13.1898731939644,19.684001279463,34.8288585099972,15.8974828973424,60.00592973,6.6970412172423,8.3825142025164,3.17536218,73.4675440208145,14.1827371822289,5.2471030827033,0.314319138,1.51392939544272,0.900631620142865,28.3851932270626,0.0367396796684667,0.135077254531052,0.68186349800088,0.174030658663711,0.870232145436411,0.123005987045103,0.692567420440165,2.3,3.33,3.243,1,"noRScoretop_allseds_sst_124","noRScoretop_allseds_sst"
"125",-3.690489265,22.5545786662712,34.3691155479223,49.7667466662045,63.08117589,49.1831086123042,21.3052442032288,13.4962939110799,13.1898731939644,19.684001279463,34.8288585099972,15.8974828973424,60.00592973,6.6970412172423,8.3825142025164,3.17536218,73.4675440208145,14.1827371822289,5.2471030827033,0.314319138,1.51392939544272,0.900631620142865,28.3851932270626,0.0367396796684667,0.135077254531052,0.68186349800088,0.174030658663711,0.870232145436411,0.123005987045103,0.692567420440165,2.3,3.33,3.244,1,"noRScoretop_allseds_sst_125","noRScoretop_allseds_sst"
"126",-3.690489265,22.5545786662712,34.3691155479223,49.7667466662045,63.08117589,49.1831086123042,21.3052442032288,13.4962939110799,13.1898731939644,19.684001279463,34.8288585099972,15.8974828973424,60.00592973,6.6970412172423,8.3825142025164,3.17536218,73.4675440208145,14.1827371822289,5.2471030827033,0.314319138,1.55202199894796,0.900631620142865,28.3851932270626,0.0367396796684667,0.135077254531052,0.68186349800088,0.174030658663711,0.870232145436411,0.123005987045103,0.692567420440165,2.3,3.33,3.248,1,"noRScoretop_allseds_sst_126","noRScoretop_allseds_sst"
"127",0.839454682126401,22.5620137824597,34.3514912360729,43.23471618,82.75290865,51.79385319,18.6392612444577,10.1084063223034,13.1359841929855,14.7848569838253,45.4289463066822,15.8973571081207,53.69150708,7.21803886277825,8.383218907,3.08918399843594,84.26716457,14.14894166,5.5573900635188,0.91068385,1.57224256201148,0.896911366249167,28.39034567,0.817190526171113,0.168124079966084,0.647144228225739,0.320041786297014,0.970368552076991,0.0219832709833512,0.586324820023607,2.27,3.34,3.355,1,"noRScoretop_allseds_sst_127","noRScoretop_allseds_sst"
"128",-3.690489265,22.5842283279369,32.79396922,49.80767944,63.1995453005648,49.2271535765486,20.47543738,13.687892296649,13.2278460961096,19.6821783268123,34.61456235,15.8500233667464,60.00592973,6.716242991,8.437267269,3.16950487039658,72.9094737309837,14.1480543431772,6.16646931866293,0.314319138,1.551652769,0.924277803656101,28.3955997359954,0.0403710586473375,0.172251997095664,0.681247134940492,0.176749978981232,0.870232145436411,0.0628526147269071,0.684003283537014,2.31,3.36,3.034,1,"noRScoretop_allseds_sst_128","noRScoretop_allseds_sst"
"129",-2.69526356807557,22.6371496620887,32.8150390628628,50.3674436979987,62.6261613280423,51.7338228763581,20.4759781012905,13.7300769950704,10.4605137035764,19.6787290693287,33.9094246041679,16.1606199486909,60.00592973,6.71458338453444,8.437267269,3.81105362055376,72.92049631,14.1356712573458,5.30969307829805,0.314319138,1.55212762942407,0.895484618927512,28.3979653834892,0.00544132465295478,0.187011426136171,0.679645011087729,0.170748024142039,0.867189423985935,0.025942475536005,0.702579018775411,2.36,3.37,3.002,1,"noRScoretop_allseds_sst_129","noRScoretop_allseds_sst"
"130",-2.69526356807557,22.6371496620887,32.815905723937,50.3674436979987,62.6261613280423,51.7338228763581,20.4759679932744,13.4589742460035,10.45103407,19.6787290693287,33.9207350799843,16.1606199486909,60.00592973,6.716242991,8.437267269,3.81105362055376,72.92049631,14.1356712573458,5.30969307829805,0.314319138,1.55212762942407,1.210885076,28.3979653834892,0.00544132465295478,0.187139816101572,0.679643946804831,0.170748024142039,0.86735164,0.025942475536005,0.701446882,2.4,3.37,3,1,"noRScoretop_allseds_sst_130","noRScoretop_allseds_sst"
"131",-2.86148025829511,22.6371496620887,32.815905723937,50.3674436979987,62.6261613280423,51.7338228763581,20.4759679932744,13.4589742460035,10.45103407,19.6787290693287,33.9207350799843,16.1606199486909,60.00592973,6.716242991,8.437267269,3.81105362055376,72.92049631,14.1356712573458,5.30969307829805,0.314319138,1.55212762942407,1.210885076,28.3979653834892,0.00544132465295478,0.187139816101572,0.679643946804831,0.170748024142039,0.86735164,0.025942475536005,0.701446882,2.4,3.37,3.017,1,"noRScoretop_allseds_sst_131","noRScoretop_allseds_sst"
"132",-3.08555076324555,22.63162797,32.79396922,50.3720687245577,62.6314641329376,51.7290864648078,20.5105662397002,11.2285382370086,10.45103407,19.5928081321505,34.61456235,16.1606199486909,60.00592973,6.71600049255504,8.437267269,3.81105362055376,72.92049631,14.0338718277873,6.33614510988814,0.314319138,1.55212131592877,1.18304122639286,28.3919189891909,0.0122744235747035,0.187139501703072,0.681759960795729,0.1705828843619,0.86735164,0.0016454811219534,0.701446882,2.44,3.37,2.82,1,"noRScoretop_allseds_sst_132","noRScoretop_allseds_sst"
"133",2.11750286647588,22.5645168148549,34.3378267804108,42.9978587742137,81.3246620542953,48.1180157425427,18.6900494746888,10.4269720637762,13.1238817596047,14.7859098597506,44.2249606907705,13.2128059543225,53.69150708,7.22699851462329,8.383218907,3.12269781686505,84.4224710488878,14.1830124535244,2.66063871398482,0.915553730300787,1.54967547772086,0.900586712153524,28.4833186369352,0.798978237364297,0.140173004608264,0.646212766449234,0.317117782837118,0.969606174,0.127275167960271,0.683064043356906,2.25,3.38,3.541,1,"noRScoretop_allseds_sst_133","noRScoretop_allseds_sst"
"134",0.839454682126401,22.709670858853,34.3368297515088,38.2546729740963,82.75290865,51.7938607320376,18.6433936208961,10.1085862270076,13.1164366636488,14.8156111947817,45.4287179824477,15.8973571081207,53.69150708,7.227021098,8.383218907,3.09002370730022,84.26716457,14.14894166,5.556374962,0.91068385,1.58487728523931,0.900988152335796,28.39034567,0.802478957083017,0.171720272,0.646247458053174,0.322299071004266,0.966612164830996,0.0191485164723228,0.678077355446698,2.29,3.38,3.305,1,"noRScoretop_allseds_sst_134","noRScoretop_allseds_sst"
"135",-3.17079321508167,22.5638170391251,32.7676780929278,49.80767944,62.6993828324002,49.2280528601643,20.4902153275833,13.4970423870006,13.2278460961096,19.6841399106022,34.6129731882721,15.9323472840227,60.00592973,6.71640520119511,8.38511987857958,3.17009631580519,72.8933724662929,14.1480539492692,5.254275818,0.314319138,1.55147355032051,0.898451645219004,28.3956843051052,0.0401888790337846,0.171741310180503,0.681976757861556,0.176749978981232,0.870232145436411,0.123010946111377,0.692974645930795,2.3,3.38,3.154,1,"noRScoretop_allseds_sst_135","noRScoretop_allseds_sst"
"136",-2.69526356807557,22.6369651698157,32.8151970140039,49.7757445061135,62.8607987570378,51.7338228763581,20.4759679932744,13.4614774266858,10.45103407,19.5904806381828,33.9207350799843,16.1606199486909,60.00592973,6.716242991,8.437267269,3.81105362055376,74.2765495846501,14.1356712573458,5.24794741636996,0.314319138,1.55212762942407,1.210885076,28.3979653834892,0.00544132465295478,0.187752394404245,0.682164446982299,0.170748024142039,0.86435102809804,0.025942475536005,0.701446882,2.4,3.38,2.947,1,"noRScoretop_allseds_sst_136","noRScoretop_allseds_sst"
"137",-3.23097129808795,22.5638170391251,32.79396922,49.80767944,62.6993828324002,49.2271535765486,20.47543738,13.687892296649,13.2278460961096,19.6753008875993,34.61456235,15.9323472840227,60.00592973,6.716242991,8.437267269,3.17009628910674,72.9193882376967,14.1480543431772,5.254275818,0.314319138,1.551652769,0.898451645219004,28.3955997359954,0.0399116534241597,0.171741310180503,0.681976757861556,0.176749978981232,0.870232145436411,0.123010946111377,0.683768812226992,2.29,3.39,3.153,1,"noRScoretop_allseds_sst_137","noRScoretop_allseds_sst"
"138",-3.23097129808795,22.5638170391251,32.79396922,49.80767944,62.6993828324002,49.2271535765486,20.47543738,13.687892296649,13.2278460961096,19.6821783268123,34.61456235,15.9323472840227,60.00592973,6.716242991,8.437267269,3.17009628910674,72.9193882376967,14.1480543431772,5.254275818,0.314319138,1.551652769,0.898451645219004,28.3955997359954,0.0403710586473375,0.171741310180503,0.681976757861556,0.176749978981232,0.870232145436411,0.123010946111377,0.683768812226992,2.29,3.39,3.153,1,"noRScoretop_allseds_sst_138","noRScoretop_allseds_sst"
"139",-3.690489265,22.5520121500292,32.8549095073725,49.7667466662045,63.08117589,49.1906533080308,20.4550367736754,13.4962939110799,11.0609002050936,19.684001279463,34.8288585099972,15.9228846603397,60.00592973,6.71577158623999,8.46934288372056,3.16742909760175,73.4683352042092,14.1365490719113,5.24710252699836,0.314319138,1.51335271867284,0.901508544794248,28.3975470010991,0.0367396796684667,0.137632933266699,0.681862576172609,0.174030658663711,0.870232145436411,0.123005987045103,0.692567420440165,2.3,3.39,3.133,1,"noRScoretop_allseds_sst_139","noRScoretop_allseds_sst"
"140",-2.81379297152273,22.6295660378265,32.795062354757,51.0448356970349,63.0810540292052,55.5526581584205,20.5939144499615,14.5601938638249,11.187500384029,19.615175453473,34.3400020535666,18.8992761812426,59.9711352554745,6.05939057356146,8.47775896305411,3.18566700168158,73.1388969697163,14.1703257191566,6.20332749300287,0.314290348815456,1.55953010883151,0.0826544493283264,28.1375357334313,0.227613043419487,0.18696843767344,0.804368539134349,0.376161529099499,0.923117548821305,0.0228860264163874,0.70133872660101,2.41,3.39,2.92,1,"noRScoretop_allseds_sst_140","noRScoretop_allseds_sst"
"141",-3.690489265,22.5638170391251,34.4847762551824,49.80767944,62.6993828324002,49.2280528601643,20.4905214590998,13.4970423870006,13.2278460961096,19.9083299914793,34.6129731882721,15.9323472840227,60.00592973,6.71640520119511,8.38477237706818,3.17009631580519,72.8933724662929,14.1480539492692,5.254275818,0.314319138,1.55147355032051,0.898451645219004,28.3956843051052,0.0473848681786574,0.171741310180503,0.681976757861556,0.176749978981232,0.870232145436411,0.123010946111377,0.692657345225669,2.28,3.4,3.11,1,"noRScoretop_allseds_sst_141","noRScoretop_allseds_sst"
"142",-3.25556896250396,22.5303783103066,32.79396922,49.80767944,62.6993828324002,49.2271535765486,20.47543738,13.687892296649,13.2278460961096,19.6821783268123,34.61456235,15.9323472840227,60.00592973,6.716242991,8.437267269,3.17009628910674,72.9968842109114,14.1480543431772,5.254275818,0.314319138,1.551652769,0.898451645219004,28.3955997359954,0.0403710586473375,0.171741310180503,0.681976757861556,0.177462364769521,0.870232145436411,0.123010946111377,0.683768812226992,2.29,3.4,3.149,1,"noRScoretop_allseds_sst_142","noRScoretop_allseds_sst"
"143",-2.81379297152273,22.5952088112214,32.795062354757,51.2818882770857,63.0810540292052,55.5526581584205,20.5939144499615,14.5689679424983,11.1450094942974,19.6839395500261,34.3400020535666,19.1441666782979,59.9470950533366,6.716242991,8.42372537254528,3.25425626653476,72.9171001638739,15.5592292819804,5.62762660479441,0.314290348815456,1.55798350354065,0.0826544493283264,28.3956469629723,0.0332080913955451,0.18696843767344,0.805346982981891,0.176749978981232,0.981910058853997,0.00517611895049463,0.701767393081936,2.4,3.4,2.851,1,"noRScoretop_allseds_sst_143","noRScoretop_allseds_sst"
"144",0.800317647612474,22.5535851018141,34.3368297515088,43.2701851297664,82.75290865,51.7938432306578,18.6399168199844,10.10844935,13.1164033930621,14.8175062766369,45.4287179824477,15.89727839299,53.69150708,7.227021098,8.383218907,3.09499738731017,84.26716457,14.14894166,5.38524334554797,0.91068385,1.57339185894668,0.901061524712692,28.39034567,0.972551903233035,0.171720272,0.646311905982352,0.322299071004266,0.969606174,0.127259583393796,0.683612844,2.27,3.41,3.331,1,"noRScoretop_allseds_sst_144","noRScoretop_allseds_sst"
"145",0.839454682126401,22.5533884988295,34.3368297515088,43.2345958405882,82.75290865,51.79385319,18.6392544616381,10.10844935,13.1164033930621,14.5422953212666,45.428851506078,15.8973571081207,53.69150708,7.227021098,8.383218907,3.08918399843594,84.26716457,14.14894166,5.556374962,0.910797608152454,1.57339185894668,0.900884709581418,28.39034567,0.802471393,0.171720272,0.646237967732578,0.322299071004266,0.969488328308153,0.127259583393796,0.683612844,2.27,3.41,3.355,1,"noRScoretop_allseds_sst_145","noRScoretop_allseds_sst"
"146",-3.690489265,22.5545897928566,34.3691155479223,49.8068473288426,62.7008357740539,49.1862027945193,20.47543738,13.4962939110799,13.1898731939644,19.6822114735069,34.61456235,15.9314869001769,60.00592973,6.716242991,8.3824983051415,3.17536218,73.4699698763451,14.1827371822289,5.254275818,0.314319138,1.55165705632882,0.89822532284787,28.3851932270626,0.0425798246834977,0.17162032076857,0.68186349800088,0.176749978981232,0.870232145436411,0.123005987045103,0.701446882,2.28,3.41,3.096,1,"noRScoretop_allseds_sst_146","noRScoretop_allseds_sst"
"147",-3.690489265,22.5638170391251,34.5110673822546,49.80767944,62.6993828324002,49.2271535765486,20.4757435115165,13.687892296649,13.2278460961096,19.9063683975089,34.61456235,15.9323472840227,60.00592973,6.716242991,8.4369197674886,3.17009628910674,72.9193882376967,14.1480543431772,5.254275818,0.314319138,1.551652769,0.898451645219004,28.3955997359954,0.0475670477922103,0.171741310180503,0.681976757861556,0.176749978981232,0.870232145436411,0.123010946111377,0.683451511521866,2.28,3.41,3.117,1,"noRScoretop_allseds_sst_147","noRScoretop_allseds_sst"
"148",-3.690489265,22.5638170391251,34.539170906023,49.80767944,62.6993828324002,49.2271535765486,20.47543738,13.687892296649,13.2278460961096,19.9190828684724,34.6145325614607,15.9323472840227,60.00592973,6.716242991,8.437267269,3.17009631580519,72.892666145548,14.1480539492692,5.254275818,0.314319138,1.551652769,0.898451645219004,28.3955997359954,0.0473848681786574,0.171741310180503,0.681976757861556,0.176749978981232,0.870232145436411,0.123010946111377,0.683754746508172,2.28,3.41,3.119,1,"noRScoretop_allseds_sst_148","noRScoretop_allseds_sst"
"149",-3.690489265,22.5638170391251,32.7395745691594,49.80767944,62.6993828324002,49.2280528601643,20.4905214590998,13.4970423870006,13.2278460961096,19.9083299914793,34.6130029768114,15.9323472840227,60.00592973,6.71640520119511,8.38477237706818,3.17009631580519,72.893365978895,14.1480539492692,5.254275818,0.314319138,1.55147355032051,0.898451645219004,28.3956843051052,0.0473848681786574,0.171741310180503,0.681976757861556,0.176749978981232,0.870232145436411,0.123010946111377,0.692671410944488,2.29,3.41,3.096,1,"noRScoretop_allseds_sst_149","noRScoretop_allseds_sst"
"150",-3.690489265,22.5545786662712,34.3691155479223,49.7583573978744,63.08117589,49.1831086123042,20.47543738,13.4962939110799,13.1898731939644,19.684001279463,34.61456235,15.8974828973424,60.00592973,6.716242991,8.3825142025164,3.17536218,73.4675440208145,14.1827371822289,5.254275818,0.314319138,1.55165705632882,0.900631620142865,28.3851932270626,0.0425798246834977,0.187999380438205,0.68186349800088,0.176749978981232,0.870232145436411,0.123005987045103,0.701446882,2.28,3.43,3.087,1,"noRScoretop_allseds_sst_150","noRScoretop_allseds_sst"
"151",-8.17525542576284,16.4788802612135,29.8057243175874,32.3663895126835,45.1466946512922,61.32967392712,20.3755697034595,11.96685187,10.5870630547061,11.6708773272074,25.9677860375694,20.67888944,79.7054697445655,6.17238926488449,8.08720324281908,3.69876696394726,73.495991473477,21.9160247840857,2.0172719499972,0.638566762028963,1.13276180339408,0.199170533216018,9.62549179862134,0.869174304270839,0.0622708225016257,0.510238583217265,0.521636991684824,0.980093303425601,0.0308875952218155,0.306954168882798,2.68,2.55,3.817,1,"noRScoretop_allseds_deep_1","noRScoretop_allseds_deep"
"152",-8.40971578547044,16.4788802612135,29.8057243175874,32.370640655781,45.1466946512922,61.3303388270042,20.3709602035589,11.96685187,10.5870630547061,11.4590665532697,25.4119233805613,20.6604653270346,79.582425718559,6.19860781543811,8.08739310103717,3.69876696394726,73.495991473477,21.886031486249,1.63189416579113,0.638566762028963,1.14364950347402,0.199170533216018,9.67198617225095,0.224509630148739,0.0623485975854326,0.510457624667712,0.520802491950651,0.979726044553688,0.0256467724515236,0.306858256375497,2.62,2.56,3.962,1,"noRScoretop_allseds_deep_2","noRScoretop_allseds_deep"
"153",-8.32892090624182,16.4788802612135,29.8057243175874,32.3663895126835,45.1958734670254,61.32967392712,20.3879631930789,11.96685187,10.5870630547061,10.6830221746653,26.2795694803028,20.6766830679974,79.7054697445655,6.20709343517836,8.08720324281908,3.69297432934374,73.495991473477,21.5767704992841,1.68099947024277,0.635222926652893,1.14364950347402,0.199170533216018,10.7743476421083,0.855580652952295,0.0630937007523019,0.501676596814292,0.521665761309561,0.981858914953457,0.0256467724515236,0.285596951980144,2.62,2.57,3.948,1,"noRScoretop_allseds_deep_3","noRScoretop_allseds_deep"
"154",-4.33031942620587,20.8514804,32.1143334131958,34.1432282950439,54.0145008934511,59.6794541151698,19.0433089480911,10.9379339864228,13.4038835330447,11.6966789346182,34.7878670696655,20.6798402150302,68.4920639554757,5.99934557670329,7.7231698531112,3.69472600818384,71.383722616089,16.963113587847,1.63067336713855,1.4677353838411,1.12324021661815,0.19525204241072,9.80920692389881,1.35288533348601,0.0583485,0.471386632848954,0.533963550869112,0.977878119335243,0.024415277081336,0.364479719130385,2.53,2.58,4.236,1,"noRScoretop_allseds_deep_4","noRScoretop_allseds_deep"
"155",-4.89188487949065,20.6487070115473,29.947245877966,32.4232001858442,54.5957266604342,61.3617797908001,19.0433089480911,11.8932273733129,10.5589022183954,11.743549641117,34.78156855,20.6781193057325,68.7086837424049,5.94267355076465,7.74747528651065,3.67904916361586,72.8200725251809,16.8436142257144,1.61409128765235,1.4677353838411,1.14369574190528,0.20949569530601,10.2353082368758,0.841157965194204,0.0583332321499484,0.469189433703165,0.547285769023361,0.979728575949132,0.0312299443314857,0.375619381197105,2.49,2.59,4.696,1,"noRScoretop_allseds_deep_5","noRScoretop_allseds_deep"
"156",-4.85867243243923,20.8667698908894,32.1143334131958,34.1575985783156,54.6817785413108,61.5994561783283,19.017189549223,10.9321552663521,13.4038235,11.6860419376864,34.7708387228427,21.4363305723157,68.4763485366422,5.94267355076465,7.76970226545559,3.67206581668323,72.8200725251809,16.9510832039476,1.62262710626859,1.51294422349942,1.13906556700967,0.20949569530601,9.85830380027927,1.36804461855368,0.0583485,0.50369713236007,0.535157409184286,0.979728575949132,0.0309389828813735,0.375619381197105,2.5,2.59,4.269,1,"noRScoretop_allseds_deep_6","noRScoretop_allseds_deep"
"157",-4.85867243243923,20.8514804,32.1143334131958,34.1432282950439,54.5954570452543,59.5635885335594,19.0433089480911,10.939214357388,13.4038835330447,11.683003874673,34.78156855,20.5334995463744,68.4776042725093,5.99934557670329,7.7231698531112,3.69472600818384,75.1733936970791,16.9629089726161,1.63067336713855,1.4677353838411,1.13281512236272,0.19525204241072,9.80920692389881,1.3710293738382,0.0583485,0.470611475573066,0.533905733707227,0.979718374141883,0.024415277081336,0.364069194715563,2.51,2.59,3.366,1,"noRScoretop_allseds_deep_7","noRScoretop_allseds_deep"
"158",-4.85867243243923,20.8514804,32.1143334131958,34.1432282950439,54.5954622192212,59.5635885335594,19.0433089480911,10.9379339864228,13.4038835330447,11.683003874673,34.78156855,20.6798402150302,68.4776042725093,5.99934557670329,7.7231698531112,3.69472600818384,75.1585137642902,16.963113587847,1.63067336713855,1.4677353838411,1.13281512236272,0.19525204241072,9.80920692389881,1.3710293738382,0.0583485,0.470611475573066,0.533963550869112,0.979718374141883,0.024415277081336,0.364069194715563,2.52,2.59,3.349,1,"noRScoretop_allseds_deep_8","noRScoretop_allseds_deep"
"159",-5.57943256544,20.8514804,32.1143334131958,34.1256231248581,54.5957266604342,61.6017031106285,19.0433089480911,10.9424639389706,13.4038235,11.683003874673,34.78156855,20.5440405660156,68.760921079618,5.94267355076465,7.74747528651065,3.67820634823912,72.8200725251809,16.9510832039476,1.6128267658373,1.4677353838411,1.13906556700967,0.20949569530601,10.2384594234015,1.3710293738382,0.0583485,0.469189433703165,0.548191043504408,0.979728575949132,0.0309389828813735,0.375619381197105,2.46,2.6,4.646,1,"noRScoretop_allseds_deep_9","noRScoretop_allseds_deep"
"160",-4.85867243243923,20.8514804,32.1143334131958,34.1256231248581,54.5957266604342,61.6017031106285,19.0433089480911,10.9424639389706,13.4038235,11.683003874673,34.78156855,20.5440405660156,68.760921079618,5.94267355076465,7.74747528651065,3.67820634823912,72.8200725251809,16.9510832039476,1.6128267658373,1.4677353838411,1.13906556700967,0.20949569530601,10.2384594234015,1.3710293738382,0.0583485,0.469189433703165,0.548191043504408,0.979728575949132,0.0309389828813735,0.375619381197105,2.47,2.6,4.318,1,"noRScoretop_allseds_deep_10","noRScoretop_allseds_deep"
"161",-4.85867243243923,20.8514804,32.1143334131958,34.1435126372442,54.5968778272299,61.5998221407614,19.0453955265119,10.9423849090914,13.4038235,11.683003874673,34.78156855,20.5349093791315,68.760921079618,5.94192188198771,7.74747528651065,3.69522566076613,72.8200725251809,16.9379689125337,1.6128267658373,1.4677353838411,1.13906556700967,0.20949569530601,10.2210536724191,1.3710293738382,0.0583485,0.470687984161591,0.548191043504408,0.979728575949132,0.0309389828813735,0.375604319290084,2.47,2.6,4.318,1,"noRScoretop_allseds_deep_11","noRScoretop_allseds_deep"
"162",-4.85867243243923,20.8514804,32.1143334131958,34.1435126372442,54.5957316214035,61.5998221407614,19.0453955265119,10.9423849090914,13.4038235,11.683003874673,34.78156855,20.5349093791315,68.760921079618,5.94192188198771,7.74747528651065,3.68695114011573,72.8200725251809,16.9379888552341,1.6128267658373,1.4677353838411,1.13906556700967,0.20949569530601,10.2257577502052,1.3710293738382,0.0583485,0.469196098251479,0.548191043504408,0.979728575949132,0.0309389828813735,0.375619381197105,2.47,2.6,4.319,1,"noRScoretop_allseds_deep_12","noRScoretop_allseds_deep"
"163",-4.85867243243923,20.8514804,32.1143334131958,34.1435053426288,54.5957316214035,61.609323505581,19.0453955265119,10.9423849090914,13.4038235,11.683003874673,34.78156855,20.5307431863546,68.760921079618,5.94192188198771,7.74747528651065,3.66468093251823,72.8200725251809,16.9379888552341,1.63111305956545,1.4677353838411,1.13906556700967,0.198606882183801,10.2257577502052,1.3710293738382,0.0583485,0.469196098251479,0.548191043504408,0.979728575949132,0.0239172170409329,0.375619381197105,2.47,2.6,4.322,1,"noRScoretop_allseds_deep_13","noRScoretop_allseds_deep"
"164",-4.85867243243923,20.8514804,32.1143334131958,34.1256231248581,54.5957266604342,61.6017031106285,19.0433089480911,10.9424639389706,13.4038235,11.683003874673,34.78156855,20.5440405660156,68.760921079618,5.94267355076465,7.74747528651065,3.67820634823912,72.7613855695004,16.9510842812437,1.61274772184,1.4677353838411,1.13906556700967,0.198323963013089,10.248663604218,1.3710293738382,0.0583485,0.470586792576494,0.548191043504408,0.979728575949132,0.0238900469106614,0.375667478606789,2.47,2.6,4.339,1,"noRScoretop_allseds_deep_14","noRScoretop_allseds_deep"
"165",-4.99753587569267,20.755150737444,32.1143334131958,34.064010982542,54.5957266604342,61.6501791967226,19.0433089480911,10.0028684128838,13.4038235,11.683003874673,34.78156855,20.5440405660156,68.760921079618,5.94267355076465,8.31547081449898,3.67820634823912,72.8200725251809,16.9510832039476,1.6128267658373,1.4677353838411,1.13906556700967,0.20949569530601,15.5577774253782,1.3710293738382,0.0625301512967162,0.469189433703165,0.548191043504408,0.979728575949132,0.0188893845619516,0.375619381197105,2.49,2.6,4.104,1,"noRScoretop_allseds_deep_15","noRScoretop_allseds_deep"
"166",-5.65989081357676,20.8514804,32.1143334131958,32.8244225333825,54.5968735522835,59.5811473648322,19.107637043588,11.3189213438579,13.4038235,10.5054646609381,34.78156855,20.5452566874213,68.5613012584008,5.98878815246742,7.74747528651065,3.69472600818384,76.3396385191942,16.9513408097483,1.52453296150568,0.849775094183428,1.13281512236272,0.195567391940609,9.80910625256277,0.136475415052691,0.0583485,0.468548801547914,0.517586708783118,0.979723382,0.00991654552506067,0.363396850053977,2.5,2.6,3.868,1,"noRScoretop_allseds_deep_16","noRScoretop_allseds_deep"
"167",-4.85867243243923,20.8514804,32.1143334131958,34.1256231248581,54.5968735522835,59.5811473648322,19.1114017009475,10.9391828190734,13.4038235,11.683003874673,34.78156855,20.5322630654096,68.760921079618,5.99934557670329,7.74747528651065,3.69472600818384,76.3396385191942,16.9513408097483,1.6311281516367,1.4677353838411,1.13281512236272,0.198489190306347,9.80910625256277,1.3710293738382,0.0583485,0.470611475573066,0.548191043504408,0.979723382,0.024519615418139,0.363396850053977,2.51,2.6,3.088,1,"noRScoretop_allseds_deep_17","noRScoretop_allseds_deep"
"168",-4.85867243243923,20.8514804,32.1143334131958,34.1256231248581,54.5957273464571,59.5811473648322,19.1114017009475,10.9391828190734,13.4038235,11.683003874673,34.78156855,20.5322630654096,68.760921079618,5.99934557670329,7.74747528651065,3.68645148753344,76.3396385191942,16.9513607524487,1.6311281516367,1.4677353838411,1.13281512236272,0.198489190306347,9.81381033034887,1.3710293738382,0.0583485,0.469119589662954,0.548191043504408,0.979723382,0.024519615418139,0.363411911960997,2.51,2.6,3.088,1,"noRScoretop_allseds_deep_18","noRScoretop_allseds_deep"
"169",-4.86008848925865,20.8514804,32.1143334131958,34.1256231248581,54.5968735522835,59.5811473648322,19.1114017009475,10.9391828190734,13.4038235,11.683003874673,34.78156855,20.5322630654096,68.760921079618,5.99934557670329,7.74747528651065,3.69472600818384,76.3396385191942,16.9513408097483,1.6311281516367,1.4677353838411,1.13281512236272,0.198489190306347,9.80910625256277,1.3710293738382,0.0583485,0.470611475573066,0.548191043504408,0.979723382,0.024519615418139,0.363396850053977,2.51,2.6,3.088,1,"noRScoretop_allseds_deep_19","noRScoretop_allseds_deep"
"170",-4.85867243243923,20.8514804,32.1143334131958,34.1256231248581,54.5968787262504,59.5811473648322,19.1114017009475,10.9379024481082,13.4038235,11.683003874673,34.78156855,20.6786037340654,68.760921079618,5.99934557670329,7.74747528651065,3.69472600818384,76.3247585864054,16.9515454249791,1.6311281516367,1.4677353838411,1.13281512236272,0.198489190306347,9.80910625256277,1.3710293738382,0.0583485,0.470611475573066,0.548248860666293,0.979723382,0.024519615418139,0.363396850053977,2.52,2.6,3.078,1,"noRScoretop_allseds_deep_20","noRScoretop_allseds_deep"
"171",-8.32892090624182,21.0446349941927,29.847380786487,32.3663895126835,58.4257802977389,61.32967392712,20.3755697034595,11.9695069703384,10.5870630547061,10.6288052388988,26.2781785210091,20.6770508195685,79.7054697445655,6.92018414302305,8.08720324281908,3.69876696394726,73.4934909420381,21.886031486249,1.63189416579113,0.66178767767547,1.16691938972553,0.160251471757563,40.5319938320122,0.172189616734901,0.0623485975854326,0.510238583217265,0.522774037899667,0.97851750957693,0.0189321000682742,0.306287193171844,2.38,2.63,9.132,1,"noRScoretop_allseds_deep_21","noRScoretop_allseds_deep"
"172",-7.25204456687406,20.8603123300152,29.8477369140792,32.3663895126835,58.8043735306937,61.3805505980217,20.3755697034595,11.9695069703384,10.5861939927086,10.6288052388988,26.2781785210091,20.6770508195685,68.812339821471,6.78301562977414,8.08720324281908,3.69876696394726,73.4934909420381,21.886031486249,1.63189416579113,0.680824502473719,1.16691938972553,0.160251471757563,39.9017574024051,0.172189616734901,0.0623485975854326,0.44530113769002,0.522774037899667,0.922551590588484,0.0392779704053557,0.37663943417468,2.4,2.63,5.246,1,"noRScoretop_allseds_deep_22","noRScoretop_allseds_deep"
"173",-8.32892090624182,19.7711969774951,29.0153331818431,32.3663895126835,58.4257802977389,61.329716068713,20.1557693779551,11.9695069703384,11.3280722384303,10.6288052388988,26.035095999477,20.6770508195685,79.7054697445655,6.59393061047446,8.09060426870202,3.69876696394726,73.4934909420381,21.6270256894313,1.63189416579113,0.66178767767547,1.16691938972553,0.369646519205044,40.4916775668727,0.172189616734901,0.0672223480369985,0.634792904282923,0.522939379832742,0.978565536637068,0.0188374534587422,0.306287193171844,2.37,2.67,9.361,1,"noRScoretop_allseds_deep_23","noRScoretop_allseds_deep"
"174",-7.30342408481054,20.8514723551574,29.05025897,33.8740621898225,54.0039089049755,61.6314242850462,20.622870932751,11.9753181841802,10.7970265396684,11.6812722951509,34.6002310069184,20.6809597621525,68.7237300231141,6.19880056813769,8.30787110081492,3.67643167607637,73.4970811572449,23.6388426891391,2.29607247662107,0.272027834556027,1.14989006051447,0.251263310082659,15.78596971253,0.220082924169329,0.0623565900219447,0.457482701828984,0.553242332774186,0.977295166220482,0.0252150589225649,0.370720696544769,2.39,2.67,2.986,1,"noRScoretop_allseds_deep_24","noRScoretop_allseds_deep"
"175",-4.42093965470011,20.8363200969905,29.046932720932,33.8740621898225,54.6011433315394,61.6314242850462,19.0876628082964,11.5388752289725,10.7970265396684,11.6955401340529,34.7902658512548,20.5341290156017,68.6748463005952,7.05837390088105,8.30787110081492,3.70530697608065,72.7127184710181,24.0185823462598,2.29607247662107,0.293256733113157,1.13347835891942,0.219397755034957,15.816482629246,0.129643636198168,0.0583485,0.457352469976063,0.553242332774186,0.977295166220482,0.0245308041827126,0.380290155883227,2.38,2.68,3.232,1,"noRScoretop_allseds_deep_25","noRScoretop_allseds_deep"
"176",-6.54469499887765,20.8514804,29.8725298943716,33.1423513919349,54.1956759935022,61.53959965,20.62782917,9.12791471581897,10.5893110592467,10.6246051853281,34.7710467697449,20.6605771773571,68.3551130370447,6.94062531771838,9.12987327662627,3.70868592416583,73.4800404421987,23.2741531374806,1.63030374986086,1.467014648,0.709315157722353,0.216588167486319,15.8605749411052,0.226228236040874,0.0597874016014485,0.511361501247376,0.557424435203513,0.9754510486264,0.0181162498363438,0.319436941848398,2.38,2.75,2.985,1,"noRScoretop_allseds_deep_26","noRScoretop_allseds_deep"
"177",-5.65281843855846,21.0744368407598,28.0778831519685,33.1922694144435,47.4754490441941,61.201521567288,20.3882911,11.2778755615519,11.3209862122258,10.5037581554288,25.9905316505525,20.2893980960356,53.327784756059,5.3503998870106,7.71191376850701,3.04307265648784,63.7954821923165,27.9123353569739,7.89524775238685,0.214602013139704,0.190588383057144,1.0896112693994,40.2952765833368,0.876810714,0.127146329227001,0.748263029133011,0.545581990810791,0.983941027035497,0.0101815110071348,0.538795987035109,3.02,2.79,2.699,1,"noRScoretop_allseds_deep_27","noRScoretop_allseds_deep"
"178",-5.62215740287977,21.0744368407598,28.0778831519685,33.1920954344694,47.4757115636139,61.201521567288,20.3882911,11.2778755615519,11.3209862122258,10.5037581554288,25.9905316505525,20.2896917272633,53.327784756059,5.3503998870106,7.71191376850701,3.04307265648784,63.7931907863186,27.9123353569739,7.89524775238685,0.214490245030605,0.190588383057144,1.08400538020127,40.1906068060505,0.876810714,0.127121928935383,0.748263029133011,0.545581990810791,0.917378468938159,0.0101815110071348,0.538795987035109,3.02,2.81,2.704,1,"noRScoretop_allseds_deep_28","noRScoretop_allseds_deep"
"179",-6.22746530116056,21.0114532096754,28.1675300196572,32.8306347128646,47.3892193615557,61.8004816164613,20.3880092328021,11.2770562839702,13.4215347734402,10.5018884767016,26.5615825388448,20.2544802910488,53.4448901493133,5.37518256162708,7.68941685321,3.04238059508414,63.79301626,27.7797978793221,7.89415923046338,0.280212445478958,0.165653769490634,1.02456244141675,40.2947344957084,0.876810714,0.129518194434928,0.932687468927933,0.488918351362045,0.980099804429226,0.010133913,0.60577043621972,2.95,2.86,2.685,1,"noRScoretop_allseds_deep_29","noRScoretop_allseds_deep"
"180",-6.20922262773978,20.9690516453374,28.0769990068923,33.15595234,47.2431570950747,61.7837602542622,20.34115061376,11.2767422458305,13.5880977110153,10.7170309107423,26.2517182681723,20.2544851419457,53.4433286552042,5.37559823193303,8.06566402583179,3.04218951135655,63.79301626,27.6526354192893,7.89681959094006,0.279750352129265,0.165653769490634,0.744432080059831,40.2854777174941,0.876834372217306,0.129388781473704,0.934491428686749,0.505287462317418,0.980968572247071,0.0102821736654339,0.605706922592585,2.93,2.87,2.651,1,"noRScoretop_allseds_deep_30","noRScoretop_allseds_deep"
"181",-5.92634548098733,21.0119025526713,28.165534633555,32.822964177529,47.4608849087829,61.845245890018,20.3882911,11.2774908837588,13.3242181064413,10.4412461929612,26.2483241115512,20.2624773629339,53.4469113170411,5.35807674438433,8.07075972040496,3.04148312005488,63.8455976708624,27.8679750380363,7.89609998992247,0.290106750982235,0.165964498975883,0.777438911824539,40.1893343601211,0.876803932768515,0.129497956821787,0.934007036160641,0.515804865394841,0.917992915081363,0.0101520804983515,0.605614112426383,2.94,2.87,2.644,1,"noRScoretop_allseds_deep_31","noRScoretop_allseds_deep"
"182",-4.13056393154108,19.6753665498589,30.4778941918068,33.1615538151907,58.07775043,54.4439287384397,19.2777665755304,11.610206674094,11.3270631961863,9.06257993264618,25.9890806391949,20.5266662783213,55.3428055361168,6.59092992728075,9.22546259889218,3.04830027685314,73.4402623550117,15.0745457656974,7.95935854418045,0.197865149757625,0.187217491511217,1.45210621220696,40.2057094517633,0.066412079923445,0.111780748765475,0.507763978018344,0.716334731873562,0.978509010251719,0.017780586,0.54103028360571,2.45,2.98,2.83,1,"noRScoretop_allseds_deep_32","noRScoretop_allseds_deep"
"183",-4.75546221264211,19.9224076779768,28.1687766049317,33.1635693424947,58.0742544364071,52.7778564649472,19.0083071919355,11.5997886481744,11.3682264733818,10.9392855007757,26.1617633541697,20.4063490359569,61.9055962715284,6.52616916793487,8.78641919565818,3.04592685466156,76.0367208178594,15.0207323562434,1.77945069764449,0.296277084282333,0.197048809569759,0.309032765779198,39.7952995014494,0.0966356573236955,0.197181401193792,0.938044867616416,0.549165934709083,0.979998279207775,0.0171469933015508,0.993971271878759,2.3,2.99,4.551,1,"noRScoretop_allseds_deep_33","noRScoretop_allseds_deep"
"184",-4.76405879886701,19.9224076779768,28.1687766049317,33.210942752395,58.0742544364071,52.7778564649472,19.0083071919355,11.5998103475062,11.3682264733818,10.9821022326448,25.98712055069,20.4063490359569,61.9055962715284,6.52616916793487,8.78641919565818,3.04592685466156,76.0367208178594,15.0207323562434,1.77945069764449,0.202074273237328,0.197048809569759,0.309032765779198,39.7952995014494,0.0966356573236955,0.197181401193792,0.938044867616416,0.549165934709083,0.979998279207775,0.0171667174138079,0.993971271878759,2.3,2.99,4.563,1,"noRScoretop_allseds_deep_34","noRScoretop_allseds_deep"
"185",-4.76274420238764,19.9224076779768,28.1687766049317,33.210942752395,58.0742544364071,52.7778564649472,19.0083071919355,11.5998103475062,11.3682264733818,10.9821022326448,25.98712055069,20.4063490359569,61.9055962715284,6.52616916793487,8.78641919565818,3.04592685466156,76.0367208178594,15.0207323562434,1.77945069764449,0.202074273237328,0.197048809569759,0.309032765779198,39.7952995014494,0.0966356573236955,0.197181401193792,0.938044867616416,0.549165934709083,0.979998279207775,0.0171667174138079,0.993971271878759,2.3,2.99,4.563,1,"noRScoretop_allseds_deep_35","noRScoretop_allseds_deep"
"186",-4.57357125171109,19.9224076779768,28.1687766049317,33.210942752395,58.0742544364071,52.7778564649472,19.0083071919355,11.5998103475062,11.3682264733818,10.9821022326448,25.98712055069,20.4063490359569,61.9055962715284,6.52616916793487,8.78641919565818,3.04592685466156,76.0367208178594,15.0207323562434,1.77945069764449,0.202074273237328,0.197048809569759,0.309032765779198,39.7952995014494,0.0966356573236955,0.197181401193792,0.938044867616416,0.549165934709083,0.979998279207775,0.0171667174138079,0.993971271878759,2.3,2.99,4.567,1,"noRScoretop_allseds_deep_36","noRScoretop_allseds_deep"
"187",-5.32286695107641,19.885627766375,29.1875637011979,32.968969948381,53.9999966640058,47.8756751080979,19.0754939876751,11.2862744652574,10.0422325452758,8.95003261418577,34.4834167782962,16.6293325307122,61.3400880604408,6.81809656265844,9.09946541727756,3.06367212407092,76.359371669939,15.6466385630524,1.71683955203257,0.670325548546639,1.97052414350976,1.02190092616511,15.9585167207158,0.196284093532864,0.196097340284168,0.92529362780469,0.857473133214926,0.920784311361914,0.0303905016040542,0.990732087,2.27,3.01,3.561,1,"noRScoretop_allseds_deep_37","noRScoretop_allseds_deep"
"188",-4.74361466294869,21.1023097824808,28.0734642230771,33.1572616642693,56.7826561169587,52.7907324434428,19.2637384069315,11.6307385238038,11.3769078088771,12.449836257041,25.9900623217543,20.5320681836457,55.070994553111,6.91787157747591,8.2976878502764,3.04485360950213,73.7269042200161,15.0187320171231,7.90930712411506,0.198950254822751,0.19010030327099,0.393026819699273,39.6086449440726,0.0792217462961373,0.114468248760169,0.378402503097962,0.707082577937908,0.978512397199654,0.00983476647849872,0.53766291087066,2.38,3.02,2.977,1,"noRScoretop_allseds_deep_38","noRScoretop_allseds_deep"
"189",-4.5119813535336,21.0025557819956,28.1682083176038,33.1572616642693,56.7826561169587,52.7810108680699,19.2637384069315,11.6229871606117,11.3766007289415,12.449836257041,25.987983232064,20.5320681836457,55.070994553111,6.92175821888453,8.2976878502764,3.04485360950213,73.7269042200161,15.018605059124,7.95841434401288,0.214165445167477,0.204231516275914,0.393026819699273,39.6086449440726,0.0792217462961373,0.112171643680083,0.378402503097962,0.545355595687971,0.978675995466141,0.0177700241996367,0.533050715200203,2.39,3.02,2.983,1,"noRScoretop_allseds_deep_39","noRScoretop_allseds_deep"
"190",-4.71433078120562,20.9798054555459,28.066207487031,33.1812040174599,58.07775043,54.4565914997643,19.8418220806007,11.6162201781363,11.6991055678966,9.08203870417822,26.0370360174687,20.5372699207542,55.3984888583645,6.55037031213634,8.35254307548729,3.04843068690192,73.4938067690511,17.0234552671627,6.40263490261944,0.197109023942415,0.187302327113808,1.4698837338824,39.6663907425272,0.129308411534569,0.108510413644206,0.37896036841272,0.53333121428858,0.979607594887576,0.00943178360223266,0.50528941368346,2.43,3.02,2.722,1,"noRScoretop_allseds_deep_40","noRScoretop_allseds_deep"
"191",-4.74361466294869,21.0025557819956,28.1682083176038,33.1572616642693,56.7826561169587,52.7810108680699,19.2637384069315,11.6229871606117,11.3766007289415,12.449836257041,25.987983232064,20.5320681836457,55.070994553111,6.92175821888453,8.2976878502764,3.04485360950213,73.7269042200161,15.018605059124,7.95841434401288,0.214165445167477,0.204231516275914,0.393026819699273,39.6086449440726,0.0792217462961373,0.112171643680083,0.378402503097962,0.545355595687971,0.978675995466141,0.0177700241996367,0.533050715200203,2.39,3.03,2.969,1,"noRScoretop_allseds_deep_41","noRScoretop_allseds_deep"
"192",-4.54794957932354,20.1241613679676,27.9826266079213,32.6897253355292,57.5404618948996,48.3658690176689,19.0896749185317,10.8026262651618,10.0422325452758,8.95003261418577,37.2168864451887,16.6293325307122,61.321400210804,6.80857441427801,8.75798559767183,3.07007469421931,76.2920235456266,15.7408449937859,2.30006554792245,0.672612947161552,1.97052414350976,1.14699766162101,15.5588675172633,0.690518274,0.196097340284168,0.91179799959908,0.803055291868141,0.959744703419512,0.0303905016040542,0.990732087,2.29,3.04,3.159,1,"noRScoretop_allseds_deep_42","noRScoretop_allseds_deep"
"193",-4.67360006919227,19.8856387726837,28.0057874608145,34.22870203,54.2910308995077,48.3658917603497,19.0785781,10.8026262651618,10.0422325452758,8.95003261418577,34.60993668,16.629204547252,61.3038081278806,6.8161004447658,8.75805462164841,3.049541894,76.11873851,15.6404743610681,1.38521087527235,0.657148951343006,1.350624792,1.17046501286899,15.97380282,0.690518274,0.196097340284168,0.937414475426818,0.710915283273289,0.963756934086897,0.0304029153271398,0.990732087,2.29,3.04,3.555,1,"noRScoretop_allseds_deep_43","noRScoretop_allseds_deep"
"194",-5.02482978291014,20.9780931854622,28.1635107211849,33.1572570597503,58.3214408304639,52.7800070354,19.2673714072376,11.6238847445994,11.377049820285,11.223294648671,25.987983232064,20.5320681836457,55.3788524799634,6.92175821888453,9.18843744367726,3.04482325259142,73.493799737842,15.018605059124,7.95841434401288,0.214165445167477,0.20487576666559,0.393026819699273,40.3144428490201,0.128742948363786,0.112171643680083,0.378402503097962,0.545410605217851,0.977580490677943,0.0177793383589839,0.532806554122403,2.38,3.04,3.006,1,"noRScoretop_allseds_deep_44","noRScoretop_allseds_deep"
"195",-4.60158389923421,19.885627766375,28.0077975249406,32.6897253355292,54.2908636822288,48.3658690176689,19.0754939876751,10.8026262651618,10.0422325452758,8.95003261418577,34.4834167782962,16.6293325307122,61.321400210804,6.8161004447658,8.75798559767183,3.04950925485244,76.343635295036,15.6404743610681,2.30006554792245,0.672355315760041,1.97052414350976,1.17072422501935,15.97380282,0.690518274,0.196097340284168,0.91179799959908,0.803055291868141,0.959744703419512,0.0303905016040542,0.990732087,2.27,3.06,3.298,1,"noRScoretop_allseds_deep_45","noRScoretop_allseds_deep"
"196",-4.6000047169473,19.885627766375,28.0077975249406,32.6897253355292,54.2908636822288,48.3642672164423,19.0754939876751,10.8026262651618,10.0422325452758,8.95003261418577,34.4834167782962,16.6293303534602,61.3212374202288,6.8161004447658,8.7643807191345,3.04950925485244,76.343635295036,15.6404743610681,2.34005956096646,0.672355315760041,1.97052414350976,1.17072422501935,15.97380282,0.690518274,0.196097340284168,0.9124284299232,0.803055291868141,0.959744703419512,0.0314974180457283,0.990732087,2.27,3.06,3.3,1,"noRScoretop_allseds_deep_46","noRScoretop_allseds_deep"
"197",-4.60162213471904,19.8697421951235,27.9613073901751,34.2540552611764,54.285211342341,48.3659083866129,19.0785781,10.7202675966758,10.0422325452758,9.05052097572825,34.60993668,16.6292876245905,61.3036453373054,6.8161004447658,8.75491367938568,3.04703543178778,76.342603560004,15.6400025418903,1.44106390646611,0.653940581703377,1.96706905698715,1.17046501286899,15.97380282,0.690518274,0.195380526646613,0.909847515131499,0.711908031999378,0.9631791599395,0.0361945916288236,0.990732087,2.28,3.06,3.342,1,"noRScoretop_allseds_deep_47","noRScoretop_allseds_deep"
"198",-4.67344758624483,19.885627766375,28.0065324200301,32.6897253355292,54.2908636822288,48.3658690176689,19.0754939876751,10.7201531076728,10.0422325452758,8.94692737567084,34.608402188169,16.6293325307122,61.3045251146613,6.8161004447658,8.75501116671085,3.04953965089027,76.3417991715131,15.6404950143329,2.30006554792245,0.672355315760041,1.34604742245222,1.17046140369989,15.97380282,0.690518274,0.196119317629812,0.909907304453248,0.709034701824997,0.917390600722428,0.0303905016040542,0.990732087,2.28,3.06,3.412,1,"noRScoretop_allseds_deep_48","noRScoretop_allseds_deep"
"199",-4.67198265142053,19.885627766375,28.0077975249406,32.6643721043528,54.5489455724412,48.3642505901791,19.0754939876751,10.8028453649603,10.0422325452758,8.95003261418577,34.4834167782962,16.6293325307122,61.321400210804,6.8161004447658,8.75798559767183,3.04950925485244,76.3649030697181,15.6404743610681,2.30258875818593,0.672355315760041,1.35295245521793,1.17072422501935,15.97380282,0.690518274,0.196097340284168,0.91179799959908,0.803055291868141,0.913757433738397,0.0302893039752306,0.990732087,2.28,3.06,3.418,1,"noRScoretop_allseds_deep_49","noRScoretop_allseds_deep"
"200",-5.09103480886489,20.989861852701,28.0654669390457,33.1838464096201,58.07775043,54.5877144930232,19.2799864567575,11.6174914043395,11.3773733970312,11.2229808939818,25.9896590235204,20.246867642149,55.05777987,6.92420616961815,8.28709641292392,3.04707907671928,73.494224656218,17.00556939,7.94568992667648,0.199916853862959,0.481726713764656,0.436702611076485,39.6434911855853,0.11534268979247,0.109826427287888,0.352095743612992,0.542058984389255,0.978499483249532,0.0197268651784,0.541014523172304,2.37,3.06,3.034,1,"noRScoretop_allseds_deep_50","noRScoretop_allseds_deep"
"201",-4.67202088690536,19.8856544678137,28.0057874608145,34.22870203,54.2948081245139,48.3642903129674,19.0785781,10.7986936630694,10.0422325452758,9.0543576646788,34.6142730468718,16.6293325307122,61.3036724404355,6.8161004447658,8.75798559767183,3.04953427268176,76.3581063458878,15.6404743610681,2.327443494637,0.657306126388934,1.95617975923971,1.17072422501935,15.97380282,0.690518274,0.196097340284168,0.909972033786119,0.707884333703468,0.959744703419512,0.0362129158264186,0.990732087,2.28,3.07,3.288,1,"noRScoretop_allseds_deep_51","noRScoretop_allseds_deep"
"202",-5.35722621514683,21.0025557819956,28.1710552924788,33.1572570597503,56.755065789151,52.7800070354,19.0773917678965,11.6270601443073,11.377049820285,12.449836257041,26.1186976054093,20.4764331054921,55.0728794227013,6.92175821888453,8.76370168545826,3.04482325259142,73.493799737842,15.018605059124,7.95841434401288,0.214165445167477,0.140065932940467,0.393026819699273,40.3130017640759,0.128742948363786,0.113546822335381,0.373407412719593,0.556125194144075,0.979745182932546,0.0177793383589839,0.531721444728689,2.36,3.08,3.009,1,"noRScoretop_allseds_deep_52","noRScoretop_allseds_deep"
"203",-4.75232564726328,21.0025557819956,28.1682083176038,33.1572570597503,56.755065789151,52.7800070354,19.0715476903974,11.6238847445994,11.377049820285,12.449836257041,25.987983232064,20.5320681836457,55.3045577773347,6.92127327819447,9.18843744367726,3.04301150806434,73.493799737842,15.018605059124,8.21657451432724,0.214165445167477,0.2044129438717,0.390823319617751,40.3085101791632,0.128742948363786,0.112171643680083,0.378402503097962,0.545355595687971,0.979608067511147,0.0153958941800922,0.532570511216561,2.36,3.08,3.141,1,"noRScoretop_allseds_deep_53","noRScoretop_allseds_deep"
"204",-4.74326677233072,21.0043008575775,28.1664748701854,33.2065907276212,58.07775043,52.7597659246486,19.2761909058618,11.5059830177074,11.377049820285,12.4980602736891,25.9890707012745,20.5320681836457,55.3924129081849,6.92125789701806,8.32643433658761,3.04294467873105,73.4937608783681,15.018605059124,7.96630674273293,0.197110100912603,0.582839003029918,0.338640100746266,39.6654861960863,0.129257258511156,0.108498862486971,0.378473028549401,0.545355595687971,0.979607830497685,0.017780586,0.540992271192981,2.38,3.08,2.897,1,"noRScoretop_allseds_deep_54","noRScoretop_allseds_deep"
"205",-4.74361466294869,21.0025557819956,28.0270839563815,33.1572616642693,56.7826561169587,52.8624685725489,19.2637384069315,11.6229871606117,11.3769078088771,12.449836257041,25.9890781913866,20.5320681836457,55.070994553111,6.92167435841169,8.2976878502764,3.04485360950213,73.7269042200161,15.0187320171231,7.95840774724525,0.198950254822751,0.204231516275914,0.393026819699273,39.6086449440726,0.0792217462961373,0.114468248760169,0.378402503097962,0.716210345234901,0.978512397199654,0.0177700241996367,0.541372578933504,2.38,3.08,2.961,1,"noRScoretop_allseds_deep_55","noRScoretop_allseds_deep"
"206",-4.83630664009456,20.749921728961,28.0619267102103,33.2887563397505,58.085127075654,54.4396135178719,19.8189409083381,11.6164122556581,11.6991055678966,11.0084687931837,26.0370360174687,20.8237909552187,55.1216152536414,6.55912395681426,8.35267769197786,3.04669959822567,73.5085848411414,16.9882038786302,6.45334454757098,0.198062150644286,0.187302327113808,1.46984180565123,39.6675489092003,0.128782805634835,0.111989645723077,0.519008616922926,0.543454306217706,0.980762954297355,0.0178857921561713,0.505173154524771,2.47,3.08,2.686,1,"noRScoretop_allseds_deep_56","noRScoretop_allseds_deep"
"207",-5.32286695107641,19.885627766375,28.0057840261191,33.2057473422903,54.2627932480828,48.3658690176689,19.0754939876751,10.8205752056107,10.0422325452758,9.10729567787197,34.4647849425856,16.6293325307122,61.3202955260921,6.81809656265844,8.75798559767183,3.04950925485244,76.359371669939,15.6466385630524,1.71683955203257,0.672355315760041,1.968829144389,1.17049750598264,15.9746208041544,0.680905334981104,0.195919675635787,0.911441709890482,0.847848965527107,0.828235836967408,0.0278711410836335,0.989840465070636,2.27,3.09,3.398,1,"noRScoretop_allseds_deep_57","noRScoretop_allseds_deep"
"208",-5.32286695107641,19.885627766375,28.0077975249406,32.968969948381,54.310463307163,48.3658690176689,19.0754939876751,10.8205752056107,10.0422325452758,8.95003261418577,34.4834167782962,16.6293325307122,61.3202955260921,6.81809656265844,8.75798559767183,3.04950925485244,76.359371669939,15.6466385630524,1.71683955203257,0.672355315760041,1.97052414350976,1.17049750598264,15.9745024780606,0.680905334981104,0.196097340284168,0.91179799959908,0.857473133214926,0.835767074234292,0.0303905016040542,0.990732087,2.27,3.09,3.403,1,"noRScoretop_allseds_deep_58","noRScoretop_allseds_deep"
"209",-5.38732576968712,20.8363200969905,29.046932720932,33.8740621898225,54.0039089049755,61.6314242850462,19.0876628082964,11.5388752289725,10.7970265396684,11.6951556599018,34.7902658512548,20.717743077452,68.6692487317378,6.90498101844373,8.30787110081492,3.70530697608065,72.8162537893649,23.9378022033568,2.29607247662107,0.293256733113157,1.14975622273897,0.219409090765933,15.816482629246,0.220082924169329,0.0583485,0.457352469976063,0.553242332774186,0.977295166220482,0.0257801677345973,0.992176763450898,2.36,3.1,3.089,1,"noRScoretop_allseds_deep_59","noRScoretop_allseds_deep"
"210",-5.45636591875244,19.9076502639965,28.0000471015543,34.3406671702641,54.1766901687401,48.5168767547035,19.0785805874134,10.8069350911679,10.0424108822354,8.93063906,34.60993668,16.62920237,62.1320635805,6.816071297,8.74574085342773,3.04950441788913,76.1256328058447,15.6526575885736,2.30011707455606,1.63257399088627,1.94056991924421,1.16900760715391,17.039977704345,0.690518274,0.1960983249271,0.91069663526217,0.53599133743869,0.917287801632239,0.0361445576688245,0.990732087,2.27,3.11,3.16,1,"noRScoretop_allseds_deep_60","noRScoretop_allseds_deep"
"211",-4.61491362882761,19.8697421951235,27.12442228412,34.22870203,54.535957279524,48.3671932611174,19.0785454543455,10.7288071515049,10.0428713595496,9.0492107917568,34.60993668,16.6292876245905,61.3036453373054,6.83515511318556,8.75491367938568,3.04703543178778,76.363356483057,15.6531488214485,1.44358711672959,0.653940581703377,1.350624792,1.17046501286899,15.97380282,0.234739824633162,0.195380526646613,0.934787678238242,0.711908031999378,0.917309458742441,0.036093394,0.990732087,2.26,3.12,3.562,1,"noRScoretop_allseds_deep_61","noRScoretop_allseds_deep"
"212",-5.44804115823382,19.6618236344437,27.1318218835115,33.1343362734052,54.17388896,48.5168767547035,19.0587696500352,10.8148556174506,10.0218476945382,8.92892375625374,34.6052937655427,16.6525780138327,61.9040523167042,6.18229454874354,8.18722563782046,3.05218831045651,76.3617364346738,15.4623028502526,2.30014157283357,1.65768716693069,1.96187842700222,1.17351338253032,18.5163469694626,0.225229890259812,0.193594473657385,0.93490202310722,0.853469052523446,0.917937878550953,0.036093394,0.990732087,2.32,3.13,3.076,1,"noRScoretop_allseds_deep_62","noRScoretop_allseds_deep"
"213",-6.18070614538033,18.0645416332783,29.0080782623875,33.1720364650257,58.8822887045085,48.2789173213722,20.2014219847411,11.3115682468679,11.3919673267864,10.6913786669093,38.4978944715108,16.7627530455031,61.4971756298471,6.59232989677028,8.04325181405576,3.04377601986367,76.3603242279472,15.64677166,2.33280477020704,0.85978729,1.99128807836491,1.17024718402778,16.1795977020262,0.266601293249836,0.198149080980203,0.713678055308806,0.704155385945461,0.836754169983572,0.0216808535300041,0.970161929535112,2.3,3.15,3.026,1,"noRScoretop_allseds_deep_63","noRScoretop_allseds_deep"
"214",-5.65290782249051,18.0645416332783,29.0080782623875,33.1826925703427,58.7363314348682,48.2395190054946,20.2014219847411,11.5858044720982,11.3919673267864,10.6913786669093,38.4978944715108,16.7627530455031,61.4310367594473,6.59232989677028,8.21507769106661,3.04377601986367,76.3603242279472,15.64677166,2.33280477020704,0.85978729,1.99128807836491,1.17024718402778,16.1795977020262,0.221663409255219,0.196092697056914,0.717242373420481,0.704155385945461,0.836754169983572,0.0222595809014587,0.970161929535112,2.3,3.15,3.072,1,"noRScoretop_allseds_deep_64","noRScoretop_allseds_deep"
"215",-4.5119813535336,21.0026630812782,28.026071557366,33.1572616642693,56.7901455567131,52.7810108680699,19.2641137154712,11.6229871606117,11.3764188954982,12.449836257041,25.987983232064,20.532956635741,55.070994553111,6.92629301403211,8.29777434270877,3.04485360950213,73.7204570340021,14.9683888316235,7.95841452392985,0.196963365542746,0.59757780081389,0.393026819699273,39.6086449440726,0.0792217462961373,0.112171643680083,0.378402503097962,0.541888068900347,0.978677802192336,0.0177700241996367,0.533050715200203,2.36,3.15,2.938,1,"noRScoretop_allseds_deep_65","noRScoretop_allseds_deep"
"216",-4.73464041092772,19.6754069511617,28.171675229929,33.1566663318647,56.7557074945132,54.4125725844038,19.2400555381665,11.6129409466642,11.3716327314953,12.449836257041,25.9890707012745,20.526167784258,55.0648930962839,6.92120770492196,8.3520166409513,3.04482325259142,73.4938193289766,15.018605059124,7.95841434401288,0.214165445167477,0.205737264129343,0.338640100746266,39.6147594678493,0.128742948363786,0.108498862486971,0.378498816817895,0.545355595687971,0.979590503217755,0.017780586,0.540992271192981,2.35,3.17,2.915,1,"noRScoretop_allseds_deep_66","noRScoretop_allseds_deep"
"217",-6.22746530116056,21.0116818536262,28.1675300196572,33.15595234,47.242083004433,61.8032690136535,20.3411171050842,11.2767582437685,13.5868602240244,10.50191535,26.2510729916282,20.2544802910488,53.4433286552042,6.25106076008406,7.68941685321,3.04218951135655,63.79301626,27.6527819454514,7.89693050420757,0.292357106537752,0.165653769490634,1.07306589693664,40.1953200490846,0.218556226187255,0.129508921052494,0.96314693364827,0.487362820582624,0.981151579293648,0.010133913,0.605778391751572,2.67,3.18,2.652,1,"noRScoretop_allseds_deep_67","noRScoretop_allseds_deep"
"218",-6.227426774,20.9992690689172,28.0920571456708,33.1529547957634,47.41705031,61.8003670620216,20.3871417841873,11.3046242739865,13.4139844828795,10.5019064766767,26.5649712875572,20.2357166597188,53.3297613802166,6.20837199218574,8.05741420560497,3.04172444327878,63.79301626,27.6521486202834,7.8840254497965,0.292636083,0.165744745,1.01973974181865,40.2951771404721,0.224728895958422,0.132862731669016,0.931927226369749,0.488697337650577,0.920355296968965,0.010142182,0.601318928220406,2.68,3.18,2.627,1,"noRScoretop_allseds_deep_68","noRScoretop_allseds_deep"
"219",-5.65464745899454,18.0645416332783,29.0080782623875,33.2721561628413,57.9596728033244,48.23933874,19.0589316106083,11.568334022034,10.6941921898797,10.5685725324033,38.6400031740557,16.7319569055664,61.7786430900737,6.69000527897892,8.21507769106661,3.0515954846228,76.3603242279472,15.64677166,2.33280477020704,0.869925532791874,1.94898957228106,1.17338793883327,15.7567989041971,0.223240578624195,0.196092697056914,0.717242373420481,0.854493595440513,0.836754169983572,0.135825383794499,0.951941167905331,2.29,3.19,3.152,1,"noRScoretop_allseds_deep_69","noRScoretop_allseds_deep"
"220",-5.45348790774023,19.918261001449,27.1863902601107,43.3182280952999,57.8791957780282,48.7521391006426,19.1775502494896,10.7844850161717,10.81002464,16.8610178244242,38.5195436194157,16.62153777,61.8764342809032,6.52163704997275,8.0934902811691,3.05216644123207,76.3592695848808,16.7089917984826,2.33403562000995,0.859911402072585,1.94056572884448,1.17617620568501,15.9746199669901,0.193844769183054,0.197691867842394,0.915103751892585,0.539801964211002,0.91873059575202,0.135122773493856,0.966177583725696,2.31,3.19,2.93,1,"noRScoretop_allseds_deep_70","noRScoretop_allseds_deep"
"221",-5.41324520247101,19.885627766375,28.006552501702,32.6897253355292,54.2908636822288,48.3776540144181,19.0754939876751,10.8026262651618,10.0422325452758,8.95003261418577,34.4834167782962,16.5982802588289,61.321400210804,6.8161004447658,8.75798559767183,3.04947611224247,76.3431633783511,15.6467255613617,2.30006554792245,0.663782117378383,1.95466657643117,1.17034247612105,15.97380282,0.695681530334555,0.196097340284168,0.91094983434379,0.803055291868141,0.962374623155735,0.0303905016040542,0.619558686821925,2.27,3.21,3.344,1,"noRScoretop_allseds_deep_71","noRScoretop_allseds_deep"
"222",-5.65464745899454,19.9316939171078,29.0080782623875,32.9632407427962,57.965384051734,48.23933874,19.0589316106083,10.8011923566951,11.7549087586252,10.5914131558447,38.4979149742701,16.7319569055664,62.1226107093383,6.69000527897892,8.21507769106661,3.05159101383042,76.3603512314912,15.64677166,2.33282479264626,0.853683028218115,1.97443462335117,1.17024718402778,15.9882895043201,0.199114973062865,0.196092697056914,0.717242373420481,0.854493595440513,0.836754169983572,0.135173923,0.970161929535112,2.28,3.21,3.066,1,"noRScoretop_allseds_deep_72","noRScoretop_allseds_deep"
"223",-5.45348790774023,19.9229506644984,27.1576413212864,43.3182280952999,57.9000615491307,48.3573960250783,19.0384134277125,10.7844850161717,10.7873888307383,16.8896883369444,38.6184763531967,16.6977374274041,62.0253311563731,6.52163704997275,8.0934902811691,3.05216644123207,76.4181329145966,15.6107961022534,2.33396743584995,0.848141308601699,1.94056572884448,1.18400707082038,15.9746199669901,0.229197396674709,0.063496410897319,0.911420074157388,0.541687886710209,0.828156478283932,0.135122773493856,0.997897545493117,2.3,3.22,2.976,1,"noRScoretop_allseds_deep_73","noRScoretop_allseds_deep"
"224",-5.45348790774023,19.9229506644984,27.1572548143173,43.3182280952999,57.8784659454718,48.7521391006426,19.0373247023186,10.7844850161717,10.81002464,16.8610178244242,38.6179331556264,16.7008963062178,62.0253311563731,6.52163704997275,8.0934902811691,3.05216644123207,76.358678689377,15.5985501284743,2.33403562000995,0.848141308601699,1.94056572884448,1.17587746167556,15.9746199669901,0.234293544751304,0.0630816742880658,0.911664438760463,0.539801964211002,0.828156478283932,0.135122773493856,0.962640356318092,2.31,3.22,3.002,1,"noRScoretop_allseds_deep_74","noRScoretop_allseds_deep"
"225",-5.65464745899454,18.0645416332783,29.0080782623875,32.9632407427962,57.9596728033244,48.23933874,19.0589316106083,11.5858044720982,11.7730106518688,10.5685725324033,38.4978944715108,16.7319569055664,61.3263067481711,6.69000527897892,8.21507769106661,3.0515954846228,76.3603242279472,15.64677166,2.33280477020704,0.85978729,1.97443462335117,1.17024718402778,15.9882895043201,0.223240578624195,0.196092697056914,0.717242373420481,0.854493595440513,0.836754169983572,0.135173923,0.970161929535112,2.27,3.24,3.118,1,"noRScoretop_allseds_deep_75","noRScoretop_allseds_deep"
"226",-5.45348790774023,19.9229385305463,27.1201160034072,44.0238606213647,58.0718813629249,48.7521391006426,19.0708967150103,10.7943666528417,10.0257311292431,16.4099276896059,38.5168948561211,16.5976342687116,62.1234527533634,6.81153917903788,8.0934902811691,3.05188788730843,76.3592695848808,15.64677166,2.33081710816348,0.853638674110118,1.94056572884448,1.17033247602232,15.9746199669901,0.101059744154378,0.0657325764010566,0.938542382537511,0.539801964211002,0.828194320267039,0.135122773493856,0.996941185576883,2.29,3.28,3.048,1,"noRScoretop_allseds_deep_76","noRScoretop_allseds_deep"
"227",-5.44785844815025,19.885627766375,28.0077975249406,32.2727405235093,54.2908636822288,48.7460722027861,19.0710693854959,10.8026262651618,10.0422325452758,9.1230023760525,34.4834167782962,16.5977437151835,62.1038756761915,6.81610034864796,8.75798559767183,3.05203461937737,76.3429610232767,15.6404743610681,2.30006554792245,0.862185300928513,1.97052414350976,1.17072422501935,15.97380282,0.689727605642822,0.190663478610387,0.911796242932691,0.790972865333935,0.818103534306781,0.0303905016040542,0.602275344539053,2.26,3.31,3.187,1,"noRScoretop_allseds_deep_77","noRScoretop_allseds_deep"
"228",-5.45348790774023,19.6606853769418,27.1572548143173,43.1988708674112,57.8791957780282,48.512817308033,19.0708967150103,10.7844850161717,10.81002464,16.8722690306146,38.5200517623399,16.62153777,61.8982721405428,6.81504978526142,8.0934902811691,3.05054898672023,76.3724882766476,15.64677166,2.31679545206456,0.883334365818478,1.95592938669943,1.18283056870301,15.9746199669901,0.883169398738423,0.0629437865015081,0.911427004540768,0.534588099537915,0.828194320267039,0.135122773493856,0.616298307318143,2.3,3.33,3.002,1,"noRScoretop_allseds_deep_78","noRScoretop_allseds_deep"
"229",-5.45348790774023,19.918261001449,27.1188999088188,43.3182277625396,57.8791957780282,48.7521391006426,19.0708967150103,10.7844778371807,10.079990140249,16.4179629084064,38.5200543446562,16.62153777,61.8986066731394,6.81162285265604,8.0934902811691,3.05216644123207,76.3591205174754,15.64677166,2.33538068638924,0.853638674110118,1.95592938669943,1.17025757253838,15.9746199669901,0.883169398738423,0.063525408254205,0.911427004540768,0.539801964211002,0.828194320267039,0.135122773493856,0.609031145588091,2.3,3.34,2.976,1,"noRScoretop_allseds_deep_79","noRScoretop_allseds_deep"
"230",-5.45348790774023,19.885608493078,27.1201160034072,43.3182280952999,57.8791957780282,48.7521391006426,19.0708967150103,10.7846463549543,10.065406599915,16.4099276896059,38.4955037002208,16.5976342687116,62.1194828783733,6.81173195364056,8.0934902811691,3.05218645508665,76.3594339695717,15.64677166,2.33403562000995,0.853638674110118,1.95457520484901,1.17033247602232,15.9746048184793,0.883188830184922,0.0620950072904113,0.910965626403261,0.539801964211002,0.828194320267039,0.135122773493856,0.609031145588091,2.3,3.34,2.999,1,"noRScoretop_allseds_deep_80","noRScoretop_allseds_deep"
"231",-5.45348790774023,19.885608493078,27.1201160034072,43.3182280952999,57.8791957780282,48.7521391006426,19.0708967150103,10.7846463549543,10.0800188423546,16.4099276896059,38.5194559564669,16.5976342687116,62.1234527533634,6.81153917903788,8.0934902811691,3.05218645508665,76.3592695848808,15.64677166,2.33403562000995,0.853638674110118,1.94056572884448,1.17033247602232,15.9746199669901,0.883188830184922,0.0620588724205391,0.911427004540768,0.539801964211002,0.828194320267039,0.135122773493856,0.609031145588091,2.3,3.34,3.001,1,"noRScoretop_allseds_deep_81","noRScoretop_allseds_deep"
"232",-5.07354824855936,19.7085699254963,28.1785246269168,33.153671618058,56.5870630820426,54.4968334369136,19.3022260916903,11.6134816102256,11.3713387151304,12.5613947425059,25.9891665390299,20.5386736585863,55.0520312514409,6.95719619107557,9.09599494818551,3.04929227026882,73.5028180488909,15.7978051048583,7.95996267538881,0.199402801841006,0.490078636878718,0.402291261139141,39.6664162425713,0.12869104250397,0.129886480527884,0.376147208424324,0.561836646981884,0.980339949705872,0.0177143016677246,0.540992271192981,2.33,3.35,2.839,1,"noRScoretop_allseds_deep_82","noRScoretop_allseds_deep"
"233",-5.76896216601228,19.8860865037045,27.2091942140268,43.2446260814176,57.5666162685699,48.3668846000028,19.0087409337288,10.7841884108556,10.8020166800713,16.7960660350558,38.474414977992,16.6214807054471,61.9003487029746,6.81314882879614,8.0934902811691,3.0494014161029,76.3581487838858,15.6435581820563,2.31625649272117,0.865527984590117,1.95561936605732,1.18328164333237,15.5636305316638,0.742455951267951,0.10431438064612,0.910959204478848,0.785817205425202,0.8386717614447,0.135122773493856,0.995346181616492,2.29,3.36,2.965,1,"noRScoretop_allseds_deep_83","noRScoretop_allseds_deep"
"234",-5.09751452952754,18.2346264164755,28.2228957212213,32.8563875263917,57.8887904559992,53.907281618264,20.2189120331696,11.3238570163844,11.4627975314261,12.7593274341187,26.0282785585362,20.7733563338811,55.0989373016378,6.54315708715132,7.72273293368143,3.02722330397548,73.7197134792765,15.74795109,7.90897383728805,0.293697108753603,0.474007316238462,0.292956364427466,40.2177433774386,0.07911249349651,0.19988764202445,0.909475362166478,0.543368232822424,0.893740581703882,0.0177924525354114,0.997926876002758,2.53,3.36,2.681,1,"noRScoretop_allseds_deep_84","noRScoretop_allseds_deep"
"235",-5.09427758239008,18.20117768,28.2228957212213,33.2004049562354,57.8887904559992,54.0001082577486,20.2189120331696,11.3238570163844,11.4627975314261,12.7593274341187,26.0282785585362,20.7733563338811,55.0989373016378,6.54315708715132,7.72273293368143,3.02722330397548,73.7197134792765,15.74795109,8.023265755,0.293697108753603,0.474896546994606,0.292956364427466,40.2177433774386,0.07911249349651,0.19988764202445,0.911284564660715,0.543368232822424,0.893740581703882,0.0177924525354114,0.997926876002758,2.53,3.37,2.673,1,"noRScoretop_allseds_deep_85","noRScoretop_allseds_deep"
"236",-5.09427758239008,18.20117768,28.2228957212213,33.2004049562354,58.0586465549703,54.6159427393628,20.2189120331696,11.3238570163844,11.3740330419389,12.7537019399081,26.0282785585362,20.7730202455499,55.0982278655914,6.54315708715132,7.71212790408951,3.02718866904258,73.7197134792765,15.74795109,8.023265755,0.296081429,0.474896546994606,0.292956364427466,40.21225299149,0.07911249349651,0.199936221187825,0.91124898336636,0.543963214988307,0.920778939602707,0.0177924525354114,0.997926876002758,2.51,3.39,2.672,1,"noRScoretop_allseds_deep_86","noRScoretop_allseds_deep"
"237",-5.76896216601228,19.7571887579129,27.2233170975579,43.2446260814176,57.5666162685699,48.5251973730123,19.0087409337288,10.7844850161717,10.8020166800713,16.7082445858546,38.474414977992,16.62153777,61.9003487029746,6.81317632698951,8.0934902811691,3.05216644123207,76.3489983794066,15.7400784057875,2.31625649272117,0.864225804296634,1.95561936605732,1.1828085353823,15.5636305316638,0.742455951267951,0.108104445374805,0.910959204478848,0.785817205425202,0.8386717614447,0.135122773493856,0.609031145588091,2.29,3.43,2.967,1,"noRScoretop_allseds_deep_87","noRScoretop_allseds_deep"
"238",-7.24969998432651,19.885608493078,27.1201160034072,36.8983472447784,57.8791957780282,48.6161305252903,20.603233208335,11.2785570261753,10.0604125804211,11.446148342591,38.5194559564669,16.5150713389398,62.1234527533634,6.81153917903788,8.0934902811691,3.05218645508665,76.3592695848808,15.6494186048405,2.33403562000995,0.853638674110118,1.94056572884448,1.03045892918251,15.7674664514919,0.230804181249943,0.0620970674936734,0.911427004540768,0.554096959803534,0.827768840195715,0.135122773493856,0.612255715933166,2.27,3.44,3.052,1,"noRScoretop_allseds_deep_88","noRScoretop_allseds_deep"
"239",-4.745081637717,20.98970096,28.0242623158782,33.2106826914913,58.077981132849,54.1997206153604,19.3379344895556,11.5089140101328,13.5794706320918,9.11693373247043,25.9893272399553,20.5320755134484,55.05777987,6.92637476116368,8.34627143606548,3.04177740595565,73.4950003338305,15.020660078619,7.958612815,0.196997708738604,0.192401597205038,1.16640417949245,39.6644449826257,0.129002112897566,0.115214506552375,0.358121018095677,0.545160112895172,0.978509010251719,0.0103325720400226,0.541014523172304,2.33,3.56,2.74,1,"noRScoretop_allseds_deep_89","noRScoretop_allseds_deep"
"240",-5.09866852836079,20.9946900516279,28.06552633,33.1563442207216,58.7918108844437,54.4362305376352,20.2194772854654,11.6180033121725,13.5677184978065,10.4178048820635,25.9765283510007,20.5320111446554,55.0721762028487,6.93323978943855,8.29767154630973,3.04551542387783,73.4937959981896,15.0162728797161,7.95863064998803,0.214356996698178,0.204205517300472,1.16798475547872,39.664680769557,0.128918900954022,0.112864189617099,0.378890130645838,0.547171606114936,0.89867374766374,0.0177691748453117,0.816282155981407,2.35,3.8,2.672,1,"noRScoretop_allseds_deep_90","noRScoretop_allseds_deep"
"241",-5.62783599790283,21.1024175791483,28.0735907597942,32.8310155387795,47.4300523080961,61.8019710039311,20.3882911,11.2732606768551,13.5858956715231,10.5020141690243,26.01888940238,20.2623695872101,53.4059621139149,6.57625165835031,7.6908346956609,3.03674440095417,63.1920773188952,27.910845987316,7.91334035865453,0.837861386468091,0.454014811471308,0.372712060417812,40.19062914,0.128267378545175,0.129487619544357,0.932579893076532,0.516237700476815,0.920518928389979,0.010127987,0.312677678998388,2.63,4.09,2.625,1,"noRScoretop_allseds_deep_91","noRScoretop_allseds_deep"
"242",-4.75197398591345,19.7603410638417,28.1719608502979,34.2125786662038,58.8817013193,54.1401336043696,19.2639511142739,11.6496691129977,13.5478381630714,10.4285052032988,25.2790176104716,20.52678957,55.056471212232,6.92116371065257,8.29464795218859,3.04139771268052,76.3730408833056,15.11412213,6.09103278990456,0.862275078698569,0.114182017454386,1.0190229881908,39.6085982286023,0.0793852377701038,0.112230512758114,0.927089830117551,0.783676281414362,0.920553675021096,0.0182773181534479,0.534486147825197,2.26,4.7,3.121,1,"noRScoretop_allseds_deep_92","noRScoretop_allseds_deep"
"243",0.798956411558541,25.0332063695235,32.5483892955784,38.9319574719247,70.6996665129575,46.5303631512389,18.5710361044548,14.8723945500176,13.0168153461144,15.0159511185168,45.2957257636193,10.9686363670904,60.0396932570196,6.15967766622191,7.80180117675259,3.70917144709043,66.0672447204238,19.6763977936444,2.84908899880335,0.315933121766435,1.54479676469722,0.103618976788519,24.5535220755716,0.956467514704023,0.132447634821483,0.756146155003685,0.26297504841959,0.829615646382653,0.065494898539634,0.589149954024227,2.39,2.87,5.669,1,"noRScoretop_noMesoseds_sst_1","noRScoretop_noMesoseds_sst"
"244",-0.996946331670544,24.9587082073043,32.5464041282659,38.9327684181455,70.6849820268709,46.6921126179615,20.4318451353316,14.9296157090972,11.092847595204,15.0159511185168,42.7808442389312,11.132491976373,60.0396932570196,6.16329756226468,8.46484113725942,3.08999621489676,66.0672447204238,19.6763977936444,2.85821636447698,0.315933121766435,0.210345574077535,0.121299568692604,28.7370914118075,0.955668453162403,0.135818998667281,0.755940827522393,0.0889141252803445,0.9799511853814,0.0625010029656225,0.699402064888439,2.35,2.91,5.751,1,"noRScoretop_noMesoseds_sst_2","noRScoretop_noMesoseds_sst"
"245",-1.0072782178925,25.0015411802176,32.5464041282659,39.1173010168561,70.6990509629665,46.6857055023477,20.905666104927,14.9482718627496,11.126317835115,15.0159511185168,40.2101126714535,11.1327998737378,60.070238773994,6.0857322498273,7.8112211384725,3.09005043970139,77.6190915506239,19.698653793869,2.85830997161105,0.315933121766435,1.53062111446973,0.319132503840614,24.8450328734478,0.955379052936153,0.135818998667281,0.740656791129289,0.270495498186613,0.979781095016022,0.0199850155164608,0.695787003352342,2.38,2.94,4.044,1,"noRScoretop_noMesoseds_sst_3","noRScoretop_noMesoseds_sst"
"246",-0.886458746674333,25.0015411802176,32.5464041282659,39.1173010168561,70.6992272477381,46.6857055023477,20.4246198728537,14.9772349389241,11.092847595204,15.0159511185168,40.2101126714535,11.1327998737378,60.070238773994,6.0857322498273,7.80264089344519,3.09001479067375,72.4031046278746,19.6752974521031,2.85841731286787,0.315933121766435,1.53062111446973,0.730336055954139,24.8448814455098,0.951701339180767,0.135818998667281,0.740656791129289,0.270495498186613,0.979781095016022,0.0199850155164608,0.693842114031676,2.38,2.94,4.087,1,"noRScoretop_noMesoseds_sst_4","noRScoretop_noMesoseds_sst"
"247",-0.886458746674333,25.0015411802176,32.5464280174942,39.1197156783648,70.5135212010039,46.4689480673416,20.4707467163202,14.9785513244531,10.4080422121192,15.0159511185168,40.2101076802419,11.1327998737378,61.2587376769338,6.0857322498273,7.78199708733594,3.09001479067375,72.9228270845145,19.9366101061021,2.87090208439666,0.315933121766435,1.56704623932177,0.73985786898281,24.8448814455098,0.952870201921119,0.138225658339103,0.740468300032736,0.276467456399891,0.979778304120328,0.0193075968753969,0.69270482290546,2.42,2.94,4.007,1,"noRScoretop_noMesoseds_sst_5","noRScoretop_noMesoseds_sst"
"248",-0.692494256130359,25.0015411802176,32.5464041282659,39.1197156783648,70.5135212010039,46.4689480673416,20.4246198728537,14.9785513244531,11.092847595204,15.0159511185168,40.2101126714535,11.1327998737378,61.2587376769338,6.0857322498273,7.80264172079065,3.09001479067375,72.6271780459791,19.9366101061021,2.85841731286787,0.315933121766435,1.54635831827117,0.73985786898281,24.8448814455098,0.951988178253576,0.135818998667281,0.740468300032736,0.270411621324843,0.979778304120328,0.0198571137923825,0.69667911753126,2.43,2.94,4.031,2,"noRScoretop_noMesoseds_sst_6","noRScoretop_noMesoseds_sst"
"249",-0.854961892091762,23.7360512106315,32.5464041282659,39.0472887412753,70.6985995268628,46.451185830402,20.4318429114296,13.481353186875,10.4153328013232,15.0157694513001,40.167034175214,11.192779298075,61.2007717729067,6.4933446969151,7.97466805686085,3.09001479067375,72.9212545899869,19.6763977936444,2.85819680872725,0.719904458869448,1.51975366859284,0.203584821206708,28.6405730443154,0.957888916726018,0.135882622208264,0.7421244505521,0.0980471809732425,0.979680926287276,0.0625815348347323,0.699240970183491,2.34,2.95,4.314,1,"noRScoretop_noMesoseds_sst_7","noRScoretop_noMesoseds_sst"
"250",-0.909310461597859,23.7360512106315,32.8007285935562,39.1246899280327,70.6877466100686,46.451185830402,20.4328606640272,13.531796091429,10.4285957422629,15.0161968255956,41.16679165085,10.8042952939376,61.2752469003672,6.51939654811411,8.44117516026092,3.09001479067375,66.1017571800486,19.6763977936444,2.85819680872725,0.322259437036734,1.50213212255199,0.73985786898281,28.6405730443154,0.957789241281551,0.135882622208264,0.740712781968247,0.0995698904829539,0.979680926287276,0.062527631483716,0.699240970183491,2.36,2.95,5.874,2,"noRScoretop_noMesoseds_sst_8","noRScoretop_noMesoseds_sst"
"251",-1.04874038406255,23.7357891684231,32.3967479540141,39.0464669591553,70.6831294667605,46.7788949752853,20.4446002664501,14.9195391487942,11.1262814997122,15.0159511185168,41.232125807072,10.8361796930587,61.3842604023023,6.08685242284246,7.80582418432731,3.08835712535108,72.6449353179722,20.3812108727761,2.85434077400265,0.310688017009641,1.6059170212959,0.781009092883288,24.1028034419047,0.951933577981432,0.136955588427792,0.756340824632601,0.0612851742505043,0.975509721231499,0.0653211578364341,0.666775949597419,2.37,2.95,4.047,1,"noRScoretop_noMesoseds_sst_9","noRScoretop_noMesoseds_sst"
"252",-0.904005603615478,23.7369704045518,32.5464041282659,39.0472887412753,70.5196751585592,46.451185830402,20.4318907120599,14.9511127482393,11.0850650933219,15.0159519571545,40.167034175214,10.8042952939376,61.2555334848351,6.08032889489,7.79834765761722,3.09001479067375,72.9212545899869,19.6763977936444,2.85841567359137,0.317134387648989,1.55096474800413,0.73985786898281,24.9178654023865,0.957888916726018,0.135882622208264,0.740295299144387,0.105463870745731,0.979680926287276,0.062527631483716,0.696735306375094,2.37,2.95,4.111,2,"noRScoretop_noMesoseds_sst_10","noRScoretop_noMesoseds_sst"
"253",-1.09210627747321,25.0015411802176,32.5464041282659,39.1197156783648,70.5135212010039,46.4689480673416,20.4246198728537,14.9785513244531,11.092847595204,15.0159511185168,40.2101126714535,11.1327998737378,61.2587376769338,6.0857322498273,7.80264172079065,3.09001479067375,72.6271780459791,19.9366101061021,2.85841731286787,0.315933121766435,1.54635831827117,0.73985786898281,24.8448814455098,0.951988178253576,0.135818998667281,0.740468300032736,0.270411621324843,0.979778304120328,0.0198571137923825,0.69667911753126,2.4,2.95,4.041,1,"noRScoretop_noMesoseds_sst_11","noRScoretop_noMesoseds_sst"
"254",-0.886458746674333,25.0015411802176,32.5464041282659,39.1197156783648,70.5135212010039,46.4689480673416,20.4246198728537,14.9785513244531,11.092847595204,15.0159511185168,40.2101126714535,11.1327998737378,61.2587376769338,6.0857322498273,7.80264172079065,3.09001479067375,72.6271780459791,19.9366101061021,2.85841731286787,0.315933121766435,1.54635831827117,0.73985786898281,24.8448814455098,0.951988178253576,0.135818998667281,0.740468300032736,0.270411621324843,0.979778304120328,0.0198571137923825,0.69667911753126,2.42,2.95,4.033,1,"noRScoretop_noMesoseds_sst_12","noRScoretop_noMesoseds_sst"
"255",-4.79951347994411,23.7436487053078,32.5161857266437,40.964516845508,70.6855062258241,46.68534211,23.1432289716559,14.0439174112597,10.0187032046377,15.0159511185168,41.2033387827421,10.6932004987629,61.2810406706933,5.77728727025384,7.7984657368177,3.22849968148441,72.6271780459791,20.3732367822761,2.85895233529919,0.598793990617489,1.65739001805204,0.739936301071315,24.8599878042258,1.14091251724924,0.137120220876082,0.742429291501102,0.0975609720323364,0.979778304120328,0.00155310628034282,0.595131838205117,2.42,2.95,3.996,2,"noRScoretop_noMesoseds_sst_13","noRScoretop_noMesoseds_sst"
"256",-4.25778875922383,23.7436487053078,32.5161857266437,40.964516845508,70.6855062258241,46.68534211,23.1432289716559,14.0439174112597,10.0187032046377,15.0159511185168,41.2033387827421,10.6932004987629,61.2810406706933,5.77728727025384,7.7984657368177,3.22849968148441,72.6271780459791,20.3732367822761,2.85895233529919,0.598793990617489,1.65739001805204,0.739936301071315,24.8599878042258,1.14091251724924,0.137120220876082,0.742429291501102,0.0975609720323364,0.979778304120328,0.00155310628034282,0.595131838205117,2.44,2.95,3.943,2,"noRScoretop_noMesoseds_sst_14","noRScoretop_noMesoseds_sst"
"257",-0.904005603615478,24.9522952801341,32.5464041282659,39.0472887412753,70.7001426593877,46.6973118595404,20.4318429114296,13.481353186875,10.4153328013232,15.0159519571545,40.0056279408707,10.8042952939376,60.104870439456,6.53619032714188,8.44117516026092,3.08990720827141,72.9212545899869,19.6763977936444,2.85819680872725,0.317163845416992,1.55096474800413,0.135479827336845,28.0673981679372,0.957888916726018,0.135882622208264,0.757344853064351,0.262883328242945,0.979680926287276,0.0656334924433814,0.699240970183491,2.27,2.96,4.096,1,"noRScoretop_noMesoseds_sst_15","noRScoretop_noMesoseds_sst"
"258",-3.85019240301883,25.2379218379546,32.5476338608875,39.0472887412753,70.6855062258241,46.7698047522228,20.4697679115016,14.0296096547799,10.4153328013232,15.0159511185168,40.0816074734787,11.0905690577915,63.0237687815029,6.51058456381561,8.41610723204827,3.09043331161023,73.1333396222707,19.6896502239879,5.37434701738813,0.317631065840976,1.56064639495628,0.276066038287882,28.6062904769426,0.952876052608724,0.1382346765948,0.806888951683434,0.0937902176184325,0.976002828148328,0.0686331202833796,0.615904410843086,2.28,2.96,4.055,1,"noRScoretop_noMesoseds_sst_16","noRScoretop_noMesoseds_sst"
"259",-0.904005603615478,23.7809670500923,32.5464041282659,39.0472887412753,70.6998447041153,46.4480423238059,20.4318429114296,13.3501300544435,10.4153328013232,15.0159519571545,40.167034175214,10.8042952939376,60.1121848423505,6.51939654811411,8.44117516026092,3.0940666706297,72.9212545899869,19.6763977936444,2.85819680872725,0.317149419618782,1.55096474800413,0.113714624198729,24.4127431285179,0.957888916726018,0.135882622208264,0.740295299144387,0.255183450484244,0.979680926287276,0.0625201308327927,0.699240970183491,2.3,2.96,4.198,1,"noRScoretop_noMesoseds_sst_17","noRScoretop_noMesoseds_sst"
"260",-0.732344842165626,23.7360512106315,32.5464041282659,39.0472887412753,70.6855062258241,46.451185830402,20.4318429114296,13.481353186875,10.4153328013232,15.0159519571545,40.167034175214,10.8042952939376,61.2555334848351,6.51939654811411,8.44117516026092,3.09001479067375,72.9212545899869,19.6763977936444,2.85819680872725,0.317149419618782,1.55096474800413,0.73985786898281,28.6405730443154,0.957888916726018,0.135882622208264,0.740295299144387,0.105463870745731,0.979680926287276,0.062527631483716,0.699240970183491,2.3,2.96,4.456,2,"noRScoretop_noMesoseds_sst_18","noRScoretop_noMesoseds_sst"
"261",-3.28718274931481,25.2654157502565,32.5529369930214,39.0472887412753,70.6818292459903,46.5306783015717,20.4697679115016,13.4985032217114,10.4492236157591,15.0159511185168,40.2096753842304,11.0905690577915,61.2587376769338,6.51939654811411,8.41610723204827,3.09001479067375,72.9239940774907,19.6896502239879,5.37434701738813,0.317115804838282,1.56798860470102,0.321551844640761,31.0256168107518,0.952876052608724,0.1382346765948,0.806888951683434,0.103085888141954,0.974607217524353,0.0685967322402293,0.582992101623666,2.31,2.96,4.185,1,"noRScoretop_noMesoseds_sst_19","noRScoretop_noMesoseds_sst"
"262",-0.904005603615478,23.7360512106315,32.5420463939736,39.0472887412753,70.6863825222851,46.4314198651987,20.4318429114296,13.4795704554787,11.0919203105989,15.0159519571545,40.167034175214,10.7480385227497,61.2557060461209,6.51939654811411,8.45439839553274,3.09001479067375,72.9303606927844,19.6763977936444,2.85819680872725,0.311373844957571,0.447967318781378,0.747212747406842,28.6020017767475,0.957888916726018,0.135882622208264,0.740295299144387,0.105463870745731,0.979680926287276,0.0591046887199388,0.667702265308527,2.31,2.96,4.397,2,"noRScoretop_noMesoseds_sst_20","noRScoretop_noMesoseds_sst"
"263",-2.24039466158802,23.6868098092349,32.5476050319885,39.0470133764938,70.6931534879641,46.4360651150497,20.3099918718152,13.4974147685991,11.0807314258217,15.0159511185168,40.209792364287,10.8064163080443,61.2587376769338,6.51939654811411,8.44050104257672,3.09001479067375,72.5553833773829,19.689666369118,5.37434701738813,0.317115804838282,1.56798860470102,0.268646710833477,28.5372843272817,1.13497932810791,0.136971984519837,0.806888951683434,0.103145641700145,0.979791922098214,0.0685967322402293,0.582992101623666,2.28,2.97,4.072,1,"noRScoretop_noMesoseds_sst_21","noRScoretop_noMesoseds_sst"
"264",-3.24770416504771,25.2379218379546,32.5476338608875,39.0472887412753,70.6855062258241,46.6239186208136,20.4697679115016,13.4974146622676,10.4153328013232,15.0159511185168,40.2096753842304,11.0905690577915,61.2587376769338,6.51939654811411,8.41610723204827,3.09001479067375,72.9239940774907,19.6896502239879,5.37434701738813,0.317115804838282,1.56798860470102,0.287695361081313,28.5967565937282,0.952876052608724,0.1382346765948,0.806888951683434,0.103085888141954,0.974540738071919,0.0685967322402293,0.582992101623666,2.29,2.97,3.918,1,"noRScoretop_noMesoseds_sst_22","noRScoretop_noMesoseds_sst"
"265",-3.24770416504771,25.2379218379546,32.5476099716593,39.0472887412753,70.6855062258241,46.6239186208136,20.4236410680351,13.4974146622676,11.1001381844079,15.0159511185168,40.209680375442,11.0905690577915,61.2587376769338,6.51939654811411,8.43675186550298,3.09001479067375,72.6283450389553,19.6896502239879,5.36186224585981,0.317115804838282,1.54730068365042,0.287695361081313,28.5967565937282,0.951994028941182,0.135828016922977,0.806888951683434,0.0970300538460512,0.974540738071919,0.0691462539334959,0.586966396249466,2.29,2.97,3.924,2,"noRScoretop_noMesoseds_sst_23","noRScoretop_noMesoseds_sst"
"266",-1.01314780271712,23.7351924667967,32.5463953051688,39.0464669591553,70.6855062258241,49.9681653426799,20.448917792005,14.9152534689466,10.4269796038922,15.0159511185168,41.2400182266051,12.5807289173678,61.3842604023023,6.10310757947469,7.80582418432731,3.08835712535108,72.6449353179722,20.3658729781651,2.73133004010976,0.310979668841759,1.65500007441947,0.753090395710671,24.1028034419047,0.951933577981432,0.135818998667281,0.7562839044345,0.0612851742505043,0.975413598932193,0.0653211578364341,0.699751357451715,2.36,2.97,3.575,1,"noRScoretop_noMesoseds_sst_24","noRScoretop_noMesoseds_sst"
"267",-1.78221796144806,23.7360512106315,32.5488432590308,38.9216761693154,70.6855062258241,46.451185830402,20.4312780283279,13.4581963806795,10.565528538973,15.0159519571545,40.167034175214,10.8533178576922,61.2555334848351,6.51939654811411,8.44117516026092,3.09001479067375,73.0275402373472,19.6763977936444,2.85819680872725,0.317149419618782,1.55096474800413,0.737324307046515,28.6405730443154,0.967281232023403,0.135882622208264,0.740295299144387,0.105463870745731,0.979680926287276,0.062527631483716,0.698429641777623,2.28,2.98,4.286,2,"noRScoretop_noMesoseds_sst_25","noRScoretop_noMesoseds_sst"
"268",-3.69189989969207,23.8039295378901,32.3978936924318,40.7500237273506,70.7521117592606,46.6748402227808,20.8975311296613,14.047817737999,10.3770125564238,15.0159511185168,40.2606728630067,10.8605281100705,59.9571426188862,6.08605913734366,7.81091785106296,3.12760802436821,72.9483917478181,19.6991406647626,2.84908899880335,0.315933121766435,1.60774478886557,0.31351122033285,24.8620235012964,1.04583351635633,0.136966541695832,0.740805058809077,0.105408818184056,0.979778304120328,0.0622951136689197,0.669338249391583,2.27,2.99,4.812,1,"noRScoretop_noMesoseds_sst_26","noRScoretop_noMesoseds_sst"
"269",-3.83202344006695,25.2379218379546,32.5476338608875,39.0472887412753,70.6855062258241,46.6239186208136,20.4697679115016,13.4974146622676,10.4153328013232,15.0159511185168,40.2096753842304,11.0905690577915,61.2587376769338,6.51939654811411,8.41610723204827,3.09001479067375,72.9239940774907,19.6896502239879,5.37434701738813,0.317115804838282,1.56798860470102,0.287695361081313,28.5967565937282,0.952876052608724,0.1382346765948,0.806888951683434,0.103085888141954,0.974540738071919,0.0685967322402293,0.582992101623666,2.29,2.99,3.939,2,"noRScoretop_noMesoseds_sst_27","noRScoretop_noMesoseds_sst"
"270",-2.41280261446239,23.7360512106315,32.5718825312089,43.0483330634975,62.6653132643365,46.451185830402,20.4312780283279,13.4581963806795,10.5656231917285,15.0019336770435,34.6092016033629,10.8533178576922,61.2555334848351,6.51939654811411,8.44117516026092,3.09001479067375,72.9229885597788,19.6763977936444,2.85819680872725,0.317149419618782,1.50330811475948,0.732416372061295,28.6405730443154,0.978626549885553,0.135895976387389,0.794947902169989,0.106063393684389,0.979680926287276,0.06143748906162,0.698429641777623,2.27,3.01,4.045,1,"noRScoretop_noMesoseds_sst_28","noRScoretop_noMesoseds_sst"
"271",-2.41280261446239,23.7360512106315,32.5488432590308,38.9216761693154,70.6855062258241,46.451185830402,20.4312780283279,13.4581963806795,10.565528538973,15.0159519571545,40.167034175214,10.8533178576922,61.2555334848351,6.51939654811411,8.44117516026092,3.09001479067375,73.0275402373472,19.6763977936444,2.85819680872725,0.317149419618782,1.55096474800413,0.737324307046515,28.6405730443154,0.967281232023403,0.135882622208264,0.740295299144387,0.105463870745731,0.979680926287276,0.062527631483716,0.698429641777623,2.28,3.01,4.252,2,"noRScoretop_noMesoseds_sst_29","noRScoretop_noMesoseds_sst"
"272",-2.41280261446239,23.7360512106315,32.5488432590308,38.7785510996609,70.6855062258241,47.0004260883395,21.320302830656,14.2898261732881,10.5717308713735,15.0159519571545,40.167034175214,10.8533178576922,61.2555334848351,6.51939654811411,8.44041426316776,3.01150251308918,73.0275402373472,19.7990804191149,2.85819680872725,0.317149419618782,1.55096474800413,0.0695638817202349,30.6805741402932,0.967281232023403,0.135882622208264,0.742799508902043,0.105463870745731,0.979082293498229,0.062527631483716,0.698429641777623,2.28,3.01,4.421,2,"noRScoretop_noMesoseds_sst_30","noRScoretop_noMesoseds_sst"
"273",-3.84097550681394,23.7723283939359,32.3978936924318,40.7500237273506,70.7521117592606,46.68534211,20.8975311296613,14.047817737999,11.123989933372,15.0159511185168,40.2606728630067,10.8605281100705,61.3289694828109,6.08605913734366,7.81091785106296,3.12786343801392,77.9182977666506,19.6991406647626,2.84908899880335,0.315933121766435,1.60774478886557,0.317833378713281,24.8620235012964,1.1348305961233,0.136966541695832,0.741916382150366,0.105408818184056,0.979778304120328,0.0622951136689197,0.667519537077104,2.31,3.01,3.852,1,"noRScoretop_noMesoseds_sst_31","noRScoretop_noMesoseds_sst"
"274",-3.24770416504771,25.248844446923,32.5476338608875,39.0472887412753,70.6855062258241,46.6239186208136,20.4697679115016,13.4898416735914,10.4149027910705,19.3734367135852,40.4435515448462,10.9837883236474,59.9987718746276,6.51900963294474,8.41663898543271,3.09125025559945,72.9239940774907,18.4086466667192,5.37434701738813,0.314308888030088,1.56798860470102,0.281426922795224,28.5967565937282,0.952447421980367,0.1382346765948,0.806888951683434,0.103085888141954,0.972009152619008,0.0685967322402293,0.698385622391329,2.33,3.01,3.824,1,"noRScoretop_noMesoseds_sst_32","noRScoretop_noMesoseds_sst"
"275",-0.886458746674333,23.7524972261869,32.5464041282659,39.0463267350925,70.5135212010039,50.1015004586729,20.4488981330476,14.9785513244531,10.4195084227747,15.0159511185168,40.2101126714535,12.5583119695005,61.2587376769338,6.10239459696587,7.80233507503527,3.09001479067375,72.6271780459791,19.9393121855054,2.85841731286787,0.310933815992499,1.54635831827117,0.73985786898281,24.832068096502,0.951988178253576,0.135818998667281,0.740468300032736,0.267238627967261,0.975391459389031,0.0198571137923825,0.69979342222151,2.35,3.01,3.614,1,"noRScoretop_noMesoseds_sst_33","noRScoretop_noMesoseds_sst"
"276",-3.23924058602521,23.6868098092349,32.5476050319885,39.0470133764938,70.6931534879641,46.4360651150497,20.3099918718152,13.4974147685991,11.0807314258217,15.0159511185168,40.209792364287,10.8064163080443,61.2587376769338,6.51939654811411,8.44050104257672,3.09001479067375,72.5553833773829,19.689666369118,5.37434701738813,0.317115804838282,1.56798860470102,0.268646710833477,28.5372843272817,1.13497932810791,0.136971984519837,0.806888951683434,0.103145641700145,0.979791922098214,0.0685967322402293,0.582992101623666,2.26,3.02,3.994,1,"noRScoretop_noMesoseds_sst_34","noRScoretop_noMesoseds_sst"
"277",-2.41280261446239,23.7077047098794,32.5718825312089,43.0483330634975,62.6653132643365,46.4444009296723,20.4308482992373,13.4581963806795,10.5656231917285,15.0019336770435,34.6092016033629,10.8533178576922,61.2586287946245,6.51939654811411,8.44117516026092,3.09001479067375,72.9230043481062,19.6763977936444,5.05997049906147,0.317149419618782,1.50330811475948,0.753590033160889,28.6405730443154,0.978613538022125,0.135895976387389,0.807202715873256,0.103043489354498,0.97969735774559,0.06143748906162,0.699191875268083,2.28,3.02,4.23,2,"noRScoretop_noMesoseds_sst_35","noRScoretop_noMesoseds_sst"
"278",-3.92765145324967,23.8255556789229,32.5463953051688,38.93192627791,70.6855062258241,49.9165374343407,23.3186965668941,14.9504803464639,11.092847595204,15.01439423801,40.7810038300251,12.5807289173678,61.3844947549871,6.11210613844562,7.80582418432731,3.08835712535108,72.6271780459791,20.3729382890124,2.7367217059195,0.314690205834761,0.451082754329922,0.334769802174944,24.1028034419047,0.955329363756356,0.135818998667281,0.755940827522393,0.0611310165583966,0.97539199505882,0.0713816744094686,0.595574156964967,2.41,3.02,3.456,1,"noRScoretop_noMesoseds_sst_36","noRScoretop_noMesoseds_sst"
"279",-3.84097550681394,23.7723283939359,32.3978936924318,39.1021667151768,70.7521117592606,46.6869149047606,20.4589270295065,14.047817737999,11.1124610015983,15.0159511185168,40.2099744755329,10.8605281100705,61.2590688824415,6.07924878807571,8.39825493761204,3.08870131101049,72.7604665074972,19.6905545676666,2.84908899880335,0.315933121766435,1.60778425049382,0.287183984985003,24.8620235012964,1.14433853084757,0.136966541695832,0.741916382150366,0.102991539709429,0.974648187137523,0.0623528880632888,0.582946646633521,2.27,3.03,4.775,2,"noRScoretop_noMesoseds_sst_37","noRScoretop_noMesoseds_sst"
"280",-2.4155043084913,22.7038635869763,32.7432269095134,49.8083329057057,63.08117589,49.23248618,20.47543738,13.4578569187644,10.0205710821305,19.5916080757571,34.6141606619356,13.3698235704873,60.7267417142252,6.08345310771738,8.437267269,3.88808526476516,73.0324956371952,18.3239021199259,5.25596548553169,0.317885963838994,1.62369418917494,0.298387944661254,28.60362002,0.040143049,0.137664434330747,0.681786237,0.170659588,0.942474885232405,0.024841029,0.698392241250826,2.36,3.03,3.592,2,"noRScoretop_noMesoseds_sst_38","noRScoretop_noMesoseds_sst"
"281",-0.979451305745901,23.7351924667967,32.6047371071654,39.0464669591553,70.6344132881992,49.9681653426799,20.448917792005,14.9152534689466,10.4261370028222,15.0159511185168,41.2400182266051,13.072883745949,61.3842604023023,6.10310757947469,8.42164196373004,3.08835712535108,72.6449353179722,18.2952069572522,5.24051181105738,0.312259548340269,1.65500007441947,0.753090395710671,24.1028034419047,0.81820661298858,0.13752387029146,0.759171515643256,0.0612851742505043,0.975413598932193,0.0238349085211842,0.713644565592898,2.38,3.03,3.408,1,"noRScoretop_noMesoseds_sst_39","noRScoretop_noMesoseds_sst"
"282",-3.98262793552178,24.9587082073043,32.5463953051688,38.9607657184791,70.6855062258241,49.9681653426799,23.3410379872329,14.9152534689466,11.092847595204,15.0159511185168,41.1851537661365,12.5807289173678,61.3842604023023,6.11210613844562,7.80582418432731,3.08835712535108,72.6271780459791,20.3729382890124,2.73133004010976,0.310979668841759,0.451082754329922,0.334769802174944,24.1028034419047,0.951933577981432,0.135818998667281,0.755940827522393,0.0612851742505043,0.97539199505882,0.0653211578364341,0.595574156964967,2.4,3.03,3.445,1,"noRScoretop_noMesoseds_sst_40","noRScoretop_noMesoseds_sst"
"283",-3.24770416504771,23.6868098092349,32.5476338608875,39.0572046210495,70.6931534879641,46.6267190760778,20.3060025680588,13.4974146622676,11.0807314258217,15.0159511185168,40.209792364287,11.0905690577915,61.2587376769338,6.51939654811411,8.36843481817107,3.09001479067375,72.5553833773829,19.6896502239879,5.37434701738813,0.317115804838282,1.56798860470102,0.287602271225704,28.5360984990598,1.13497932810791,0.136971984519837,0.806888951683434,0.103145641700145,0.979791922098214,0.0685967322402293,0.582992101623666,2.26,3.04,3.929,1,"noRScoretop_noMesoseds_sst_41","noRScoretop_noMesoseds_sst"
"284",-2.73758428159405,23.7181088549936,32.5273786265572,48.8962831035476,62.9639532628337,49.2163632805305,20.4732532631605,13.457340260428,10.3280179118354,19.6324498463741,34.6098891418985,12.9759779191167,60.7204088373083,6.03741037770093,8.46561623305789,3.89505656659865,72.6260628695154,18.3194241895576,5.12324292387462,0.314319138,1.58002344134949,0.290080198741777,28.8057039290729,0.92860411852004,0.138217940268548,0.804443287678474,0.259572266315621,0.867518631425893,0.0219713291574431,0.702552396805717,2.33,3.04,3.559,1,"noRScoretop_noMesoseds_sst_42","noRScoretop_noMesoseds_sst"
"285",-3.68888826078823,23.7357636757767,30.3678181012932,39.2507350724073,71.0061885087047,49.23248618,20.4763016396887,13.4802395917748,10.4111027304992,14.8927414165238,40.2294387393698,13.3668422465016,60.7480785828609,6.08344886664964,8.43572199005521,3.06042937626624,72.9224337398941,18.3176725053997,5.21765880561274,0.314335434887258,1.62344633988613,0.743649059652022,28.6039689761075,0.0690943244492935,0.136374728290973,0.680797066590177,0.170659588,0.86735164,0.0246544975990356,0.551356141760125,2.41,3.04,3.555,2,"noRScoretop_noMesoseds_sst_43","noRScoretop_noMesoseds_sst"
"286",-2.49611178166526,25.1062095044599,31.3449629679546,49.80767944,63.3845697005574,49.3411313934692,20.3330889155319,13.4948978860038,10.4471225086554,19.3974504174166,34.487033172648,12.98235682,59.9739048097302,6.57564050228475,8.43694583691168,3.86009999658006,72.6323300301936,18.0270437138842,5.26021996663137,0.314319138,0.0623572012243157,0.206212436209424,28.6800923627706,0.847331045282339,0.137610528151944,0.805253999760631,0.259510888178469,0.945999000322911,0.0639146539635907,0.701146054270005,2.3,3.05,3.38,1,"noRScoretop_noMesoseds_sst_44","noRScoretop_noMesoseds_sst"
"287",-1.69287569167254,25.1489366862392,31.2883732537882,49.8073491835874,63.0980204334961,49.2123604168285,20.4796211768112,13.4980329903648,10.4474512310957,19.3974504174166,34.4885733529616,12.98235682,59.9739151718786,6.71249702276675,8.4369493838243,3.17865848952984,72.6260628695154,18.4022837573093,5.25943380198438,0.320639710801644,1.551652769,0.887076803589479,28.6087475291498,0.928438929053718,0.138217940268548,0.805690339996013,0.169288387761296,0.9648701442791,0.0639301586245494,0.701160944992649,2.31,3.05,3.663,1,"noRScoretop_noMesoseds_sst_45","noRScoretop_noMesoseds_sst"
"288",-7.69293229178296,25.1015940531088,32.6462867576138,42.6671335479506,54.0604930323922,64.1850037570783,24.4851678871715,13.4576084917088,11.107815062104,14.5685888189436,35.94690688,19.8505092731263,62.9715300775311,6.0087950513652,8.42667864074408,3.11610057105435,63.1518983,27.3851345504968,4.1121232399437,0.952840687694407,0.446369874423014,0.145065763672229,24.3998029509401,0.326153117595527,0.136587710994759,0.753031354168503,0.309909327652825,0.992881473285562,0.0171583630304379,0.614075738775364,2.44,3.05,2.991,1,"noRScoretop_noMesoseds_sst_46","noRScoretop_noMesoseds_sst"
"289",-3.05596874394981,25.1062095044599,31.3449629679546,49.80767944,63.3845697005574,49.3411313934692,20.3330889155319,13.4948978860038,10.4471225086554,19.3974504174166,34.487033172648,12.98235682,59.9739048097302,6.57564050228475,8.43694583691168,3.86009999658006,72.6323300301936,18.0270437138842,5.26021996663137,0.314319138,0.0623572012243157,0.206212436209424,28.6800923627706,0.847331045282339,0.137610528151944,0.805253999760631,0.259510888178469,0.945999000322911,0.0639146539635907,0.701146054270005,2.31,3.06,3.492,2,"noRScoretop_noMesoseds_sst_47","noRScoretop_noMesoseds_sst"
"290",-3.64503556607746,24.9563511528751,30.4611987889503,49.7680646865969,62.9551097146022,49.129097827337,20.4646652686117,13.4582072,10.4145125374553,19.7235113624026,34.4956242812703,12.9849127465182,61.20574801354,6.75978486576089,8.41568912409742,3.89905620377602,72.6250070484342,18.325147099461,6.78488130004455,0.401597843860194,1.55308148716832,0.302770008013939,28.6036094127,0.967384294667268,0.138123951576013,0.735748979075566,0.104729059535679,0.943219057039931,0.00236824528476882,0.666929507658593,2.3,3.07,3.797,1,"noRScoretop_noMesoseds_sst_48","noRScoretop_noMesoseds_sst"
"291",-2.77097435353032,22.712003180208,30.6371290738356,48.8661575129815,62.961648730491,49.2163632805305,20.4732532631605,13.4148999084898,10.4469681251329,19.4133050953785,34.487033172648,12.9830253588491,60.7042748638959,6.04487447832719,8.41527963091703,3.88398742074012,72.6260628695154,18.2985049472748,5.28855925656166,0.314199206147086,1.43520713061385,0.290080198741777,28.8057039290729,0.926965563395933,0.16356613310835,0.805690339996013,0.259572266315621,0.867009221211333,0.0716364601605519,0.606675424368456,2.35,3.07,3.371,1,"noRScoretop_noMesoseds_sst_49","noRScoretop_noMesoseds_sst"
"292",-3.69054029019577,23.7346340896026,30.3839866361023,49.8040504431273,63.1596394428003,49.23248618,20.4750382847389,13.4416924795236,10.0418392853586,19.5907181600885,34.4985665040102,13.6871464875445,60.7616978565836,6.08344886664964,8.43999248535657,3.88808526476516,73.0378989463889,18.3176765343263,5.21929074312623,0.314319138,1.62344633988613,1.20794314965276,28.6039579276005,0.0399220668698547,0.135547517511354,0.671333094019719,0.170659588,0.868636046574383,0.0248440232078629,0.554755245349858,2.42,3.07,3.348,1,"noRScoretop_noMesoseds_sst_50","noRScoretop_noMesoseds_sst"
"293",-3.64622369683237,23.7346340896026,30.381355951619,49.8036952220083,63.1596394428003,49.2319413349249,20.4869694687627,13.4580226618216,10.0138733860697,19.7260271318324,34.4955749845499,13.6871464875445,60.7616978565836,6.08344886664964,8.43999248535657,3.88808526476516,72.6425834544699,18.3252028451786,5.25797810765217,0.314319138,1.69504196635495,1.20794314965276,28.6039579276005,0.0399220668698547,0.135547517511354,0.671333094019719,0.170659588,0.86886111029241,0.00199681686467949,0.55253241372566,2.43,3.07,3.309,1,"noRScoretop_noMesoseds_sst_51","noRScoretop_noMesoseds_sst"
"294",-2.68923480187628,25.0155939204672,32.8049683419089,48.8556519517938,63.1148486453866,49.2177175737244,20.7245008803266,13.4574798766597,10.447022378862,19.3959236396718,34.6092696355723,12.9767513812343,59.9927431795229,6.71765830716278,8.4159609091753,3.16571455202022,72.6250135798867,18.2987265955741,5.14293015230268,0.306223965727511,1.55207248263636,0.877646759566919,28.60362002,0.701221702182034,0.138123951576013,0.681786237,0.258738847153999,0.867360383589956,0.0243649989462793,0.698746513967056,2.28,3.08,3.528,1,"noRScoretop_noMesoseds_sst_52","noRScoretop_noMesoseds_sst"
"295",-2.51101607866407,25.0155939204672,32.8049683419089,48.8556519517938,63.1148486453866,49.2177175737244,20.7245008803266,13.4574798766597,10.447022378862,19.3959236396718,34.6092696355723,12.9767513812343,59.9927431795229,6.71765830716278,8.4159609091753,3.16571455202022,72.6250135798867,18.2987265955741,5.14293015230268,0.306223965727511,1.55207248263636,0.877646759566919,28.60362002,0.701221702182034,0.138123951576013,0.681786237,0.258738847153999,0.867360383589956,0.0243649989462793,0.698746513967056,2.28,3.08,3.558,1,"noRScoretop_noMesoseds_sst_53","noRScoretop_noMesoseds_sst"
"296",-3.93952135279528,24.9532691741384,30.5548146160206,49.683048896272,63.2245915090572,49.1148515522991,20.7431530017247,13.4576679275389,10.4510194710969,19.7265571024523,34.50075888105,12.9419415700905,60.7060638319107,6.51817735580763,8.41708381705239,3.16357280811467,72.9646270157706,18.3260540825877,5.18162056408903,0.311604071130444,1.49528073048494,1.22313008940187,28.6063270960823,0.69072359675664,0.136926752093771,0.681680676523587,0.170945762606258,0.867448999719487,0.024842006718238,0.593594916616854,2.34,3.08,3.316,1,"noRScoretop_noMesoseds_sst_54","noRScoretop_noMesoseds_sst"
"297",-3.61421168085246,22.7313365837289,30.4730924059327,49.8087308915065,63.2685843627229,49.3363715164581,21.0795175511257,13.5241334791865,10.326568039725,19.6451660700255,34.6090732960364,12.9763575534145,59.9846703557467,6.05612624749909,8.46619670692986,3.86084393730825,72.9230252233764,18.31753707,5.29360001931763,0.612603869681152,0.0626814922822307,0.219700895646751,28.5102281484019,1.04724380664652,0.163946634370877,0.805666881471672,0.361035488040441,0.97631170132504,0.0644690400431454,0.699914622455861,2.37,3.08,3.288,1,"noRScoretop_noMesoseds_sst_55","noRScoretop_noMesoseds_sst"
"298",-2.65023735393412,23.7181088549936,32.5416143120545,48.8661575129815,62.9603557958985,49.2163632805305,20.4718891823491,13.457340260428,10.4469681251329,19.3974504174166,34.487033172648,12.9830253588491,60.6918404191382,6.56858799639344,8.44117950569809,3.89505656659865,72.6260628695154,18.2983819148826,2.88917310944875,0.314482509089477,1.551652769,0.290080198741777,28.8057039290729,0.92860411852004,0.138217940268548,0.805690339996013,0.0996168957952496,0.867518631425893,0.0687709353805034,0.699231299348445,2.25,3.09,3.352,1,"noRScoretop_noMesoseds_sst_56","noRScoretop_noMesoseds_sst"
"299",-3.25404044436504,25.0155939204672,32.8049683419089,49.8025727755405,63.1233172152468,49.2123578028116,20.725487908394,13.4574798766597,10.447022378862,19.3959236396718,34.6092696355723,12.9767513812343,60.0099843809708,6.57561845605739,8.41526341737771,3.07459711538353,72.6260954021914,18.2959305347107,5.14198855893738,0.327917081457427,1.55207248263636,0.877987740336304,28.6036363804177,0.712141715110154,0.138123951576013,0.679180250589375,0.258738847153999,0.866819673695389,0.0256557588493851,0.698864514220715,2.29,3.09,3.468,1,"noRScoretop_noMesoseds_sst_57","noRScoretop_noMesoseds_sst"
"300",-3.25402229562768,25.0155939204672,32.8049683419089,48.8556519517938,63.11760898734,49.2177175737244,20.725487908394,13.4574798766597,10.447022378862,19.3959236396718,34.6092696355723,12.9767513812343,59.9930504812371,6.59325114899651,8.4159609091753,3.16565433054065,72.625017717481,18.2979307501275,5.14198855893738,0.306223965727511,1.55207248263636,0.877987740336304,28.6036363804177,0.701221702182034,0.138123951576013,0.679180250589375,0.258738847153999,0.867360383589956,0.0240632507712757,0.698864514220715,2.29,3.09,3.483,1,"noRScoretop_noMesoseds_sst_58","noRScoretop_noMesoseds_sst"
"301",-3.25275098240626,24.8450575159995,30.6446330414238,49.8174605904517,62.9901011239113,49.2118754260117,20.47543738,13.4899617003797,10.4528135724039,19.3974504174166,34.3210257124002,12.9672006330782,60.7075267832566,6.57530363219105,8.43562695592545,3.07582483604921,72.6260628695154,18.3250438358105,5.34908500673378,0.327347203628071,1.551652769,0.733715024245041,28.658574928783,0.927984149844209,0.135805891576507,0.686278203352609,0.168125846685018,0.980712053675851,0.0254438994340351,0.702473082846435,2.31,3.09,3.293,1,"noRScoretop_noMesoseds_sst_59","noRScoretop_noMesoseds_sst"
"302",-3.69288223853927,25.0126919765417,30.6604255805394,49.7708278262816,63.1220471205145,49.1274833780997,21.1159285075613,13.4582072,10.451166231374,19.7235113624026,34.4956242812703,12.9407135224668,59.9890292272325,6.71636895030385,8.41684754967711,3.165740013673,72.6303463877951,18.3230691728647,5.18709397407016,0.247874224072174,1.58486029639795,0.878430163955917,28.60362002,0.826673218977422,0.138123951576013,0.681786237,0.0960446691074728,0.866921080452057,0.00267123964525038,0.666360483767134,2.31,3.09,3.322,1,"noRScoretop_noMesoseds_sst_60","noRScoretop_noMesoseds_sst"
"303",-3.2527328336689,24.8450575159995,30.6446330414238,48.870539766705,62.9843928960046,49.2172351969244,20.47543738,13.4899617003797,10.4528135724039,19.3974504174166,34.3210257124002,12.9672006330782,60.6905928835229,6.59293632513018,8.43632444772303,3.16688205120632,72.624985184805,18.3270440512273,5.34908500673378,0.305654087898156,1.551652769,0.733715024245041,28.658574928783,0.91706413691609,0.135805891576507,0.686278203352609,0.168125846685018,0.981248582311138,0.0238513913559257,0.702473082846435,2.3,3.1,3.308,1,"noRScoretop_noMesoseds_sst_61","noRScoretop_noMesoseds_sst"
"304",-2.73758428159405,23.7181088549936,31.2753932876437,48.8661575129815,63.1177546501465,49.2163632805305,20.4732532631605,13.4899611660745,10.4471909684156,19.3974504174166,34.487033172648,12.9830325489715,60.694481417239,6.57528514905849,8.41623771895332,3.08441791363536,72.6260628695154,18.2983819148826,5.17039332373994,0.314319138,1.551652769,0.290080198741777,28.6521519618032,0.928124110780882,0.138217940268548,0.805690339996013,0.259572266315621,0.867518631425893,0.0687611285521179,0.70250289907027,2.3,3.1,3.309,1,"noRScoretop_noMesoseds_sst_62","noRScoretop_noMesoseds_sst"
"305",-2.70054665137439,22.6333179911075,30.5947985350068,49.4959485264937,63.2766532428861,49.2326495630645,20.3230733727317,11.1552038768816,8.60716966176666,19.5881921211336,34.6479437542432,12.98235682,59.9743895765628,6.71017877575997,8.43729905135032,3.1930215319472,72.9264753620225,18.3997372632817,5.34516019428868,0.629186878049311,1.55164933619061,0.887634273520319,28.6032270002055,1.04722086766422,0.142890445091543,0.686963588502104,0.164404163740308,0.85764934207524,0.0249037834772372,0.611293499675968,2.31,3.1,3.036,1,"noRScoretop_noMesoseds_sst_63","noRScoretop_noMesoseds_sst"
"306",-3.63438523240786,24.953340481197,30.4582334427781,49.683048896272,63.2245915090572,49.1154816240545,20.7431530017247,12.1863641691069,10.4503578949234,19.7214212219487,34.5006058433127,12.9461172509037,60.7060638319107,6.51817735580763,8.41708381705239,3.16357280811467,72.9162471879908,18.3260540825877,5.24504844647206,0.31495533146712,1.49528073048494,1.21720514666108,28.6062840838866,0.707599111335369,0.137812219557081,0.800370071847257,0.170945762606258,0.867419959848507,0.0248455889953414,0.599321390885966,2.35,3.1,3.215,2,"noRScoretop_noMesoseds_sst_64","noRScoretop_noMesoseds_sst"
"307",-3.26851772541004,24.9333800629611,31.2896373854902,49.80767944,63.1177546501465,49.2134522557208,20.4785226377225,13.4899611660745,10.4471225086554,19.3974504174166,34.6119015776979,12.98235682,59.9739048097302,6.75845295484201,8.43727687772231,3.17896987859851,72.6260628695154,18.4041085787966,5.26042116243722,0.314319138,1.551652769,0.869998210977082,28.607149511809,0.928438929053718,0.138217940268548,0.810657721123852,0.173692188557676,0.867488839206558,0.0649541656886311,0.666041725998631,2.28,3.11,3.346,1,"noRScoretop_noMesoseds_sst_65","noRScoretop_noMesoseds_sst"
"308",-3.690489265,24.9563511528751,32.8049683419089,49.7200597091895,63.0729950264583,49.1685905020158,20.7245008803266,13.4582072,10.45103407,19.59155315,34.616661022113,12.9766914817544,59.9927431795229,6.71543992467302,8.4159609091753,3.16571455202022,72.6250135798867,18.3231111870987,5.14276516315218,0.306223965727511,1.55209197844867,0.877646759566919,28.60362002,0.701221702182034,0.138123951576013,0.681786237,0.155300461605103,0.867360383589956,0.0243649989462793,0.69872525096365,2.29,3.11,3.51,2,"noRScoretop_noMesoseds_sst_66","noRScoretop_noMesoseds_sst"
"309",-3.68205750256561,23.7280469920875,31.2896373854902,49.80767944,63.1177546501465,49.2114787750783,20.4746145994015,12.3371127786206,10.4473000857689,19.3964939933321,34.487033172648,12.98235682,60.5433717942517,6.56603683498442,8.41693412761821,3.15335248282116,72.9283443411164,18.4041085787966,5.24823740158424,0.260035624195244,1.55180476360969,0.878007582656349,28.5994878592578,0.923866056288779,0.139840457917182,0.684184719248727,0.261736825839497,0.867228412788911,0.02493979787581,0.602447659246357,2.27,3.12,3.256,1,"noRScoretop_noMesoseds_sst_67","noRScoretop_noMesoseds_sst"
"310",-3.22819884960557,23.6764826122985,31.2896373854902,48.9458297182664,63.0765032791363,49.092715547062,20.4729322169383,12.2976959087726,10.4499523162895,19.5780196291823,34.6579204286784,13.0930643706317,60.7344590679276,6.75478115371944,8.41705612748723,3.09326978319916,72.6297368488776,18.4007994119054,5.35096291160315,0.313814786169151,1.54902846909961,0.87000960729217,28.4595769623987,0.970087634277772,0.138205425963844,0.75765788750761,0.183153160416466,0.867518631425893,0.0247073836586837,0.597633259961572,2.27,3.12,3.267,1,"noRScoretop_noMesoseds_sst_68","noRScoretop_noMesoseds_sst"
"311",-2.73758428159405,23.7181088549936,31.2753932876437,48.8882258278358,63.1159591508576,49.2116031957722,20.4732532631605,13.4899611660745,10.4471909684156,19.3959734501474,34.4864873755187,13.086543468283,59.752562799286,6.57624688064375,8.41629791503659,3.08441791363536,72.6224014500523,18.3010660938124,5.25490797717149,0.314319138,1.48311675989607,0.28567217062327,28.6503582512969,0.827289356991552,0.138217940268548,0.805690339996013,0.183890823698341,0.867518631425893,0.0687611285521179,0.54953633360162,2.3,3.12,3.254,1,"noRScoretop_noMesoseds_sst_69","noRScoretop_noMesoseds_sst"
"312",-7.53418077246748,25.0997310571074,32.83599945729,43.3513354418298,54.3885110564774,64.1043086601744,24.7696873778412,14.1515298590308,11.1113788202891,17.3572099764761,35.94690688,19.672654017045,63.0302625787346,6.01172374984523,8.42560581650667,3.17371053532862,62.9341118794096,27.3773680653551,4.18354019407677,0.952848087435094,0.0732369605130779,0.152500296090497,24.4001577990486,0.298143597031218,0.111487451600277,0.753191579524015,0.363363231094289,0.952424722580726,0.0171534201746767,0.615877525053759,2.43,3.12,2.91,1,"noRScoretop_noMesoseds_sst_70","noRScoretop_noMesoseds_sst"
"313",-7.5270559552982,24.9674515557904,32.9507594517477,43.3513354418298,54.4703877385544,64.1564976207861,24.8166025510489,13.4664651735254,12.5378310374761,17.4145351445961,35.94690688,19.8520223890158,63.0302733892599,5.96254894704554,8.41471538157143,3.14981896119633,62.9331914203019,27.1880783554662,4.183487976,0.952848087435094,0.054872436,0.152344791,24.4271369378227,0.713994023270177,0.163755762057085,0.758254631734059,0.548490726339785,0.951835362177474,0.0171534201746767,0.615824423750597,2.48,3.12,2.778,1,"noRScoretop_noMesoseds_sst_71","noRScoretop_noMesoseds_sst"
"314",-7.5270559552982,25.0903661816855,32.9380935863141,43.3513354418298,54.4704019564387,64.3282854095727,24.8166025510489,14.0263129845174,12.5378310374761,17.4540868881173,35.94690688,19.8520223890158,63.030251346864,6.01170859818831,8.45908505763156,3.14981896119633,62.9331914203019,27.1880783554662,4.183487976,0.952848087435094,0.054872436,0.152344791,24.4006494269346,0.844485094214916,0.163743610740492,0.75933619333463,0.556933478679873,0.951835362177474,0.0171534201746767,0.615817654887461,2.48,3.12,2.811,1,"noRScoretop_noMesoseds_sst_72","noRScoretop_noMesoseds_sst"
"315",-2.73758428159405,23.7182534504308,32.5542776628932,48.8727716194711,62.9603557958985,49.2163289465825,20.4732532631605,13.4895860459875,10.4469640977005,19.3974504174166,34.487033172648,12.9823437657502,59.9722944044325,6.57200729230844,8.41590620340492,3.89505656659865,72.6260628695154,18.2983819148826,5.11479830157839,0.314319138,1.551652769,0.258422011628057,28.8039702075937,0.928437520650502,0.1947849166818,0.805690339996013,0.259572266315621,0.867518631425893,0.065129225044118,0.70250289907027,2.26,3.13,3.53,2,"noRScoretop_noMesoseds_sst_73","noRScoretop_noMesoseds_sst"
"316",-3.24216237433186,23.6764826122985,31.2896373854902,49.80767944,63.0808800654677,50.2236818555022,20.47543738,12.2977204968226,10.4499523162895,19.5880960539154,34.6510615495777,12.9893519400734,60.7344590679276,6.71672023443922,8.41705662436951,3.09299928381862,72.6297368488776,18.4007994119054,5.3479992705751,0.313814786169151,1.54902846909961,0.87000960729217,28.4636093868039,1.11554026771247,0.138205425963844,0.75765788750761,0.183153160416466,0.867518631425893,0.0265033764218005,0.5970324147875,2.27,3.13,3.19,1,"noRScoretop_noMesoseds_sst_74","noRScoretop_noMesoseds_sst"
"317",-2.64101085523896,22.5777628499668,31.2896373854902,49.8391023234091,63.1183507590348,49.2123604168285,20.4796211768112,11.1966618173462,10.4474512310957,19.3974504174166,34.6119015776979,12.98235682,59.9739151718786,6.71249702276675,8.43612453712333,3.17865848952984,72.6260628695154,18.4041085787966,5.25943380198438,0.25901831155318,1.551652769,0.887076803589479,28.6070409195747,0.928438929053718,0.138217940268548,0.805690339996013,0.173692188557676,0.9648701442791,0.0611717902179101,0.70250289907027,2.28,3.13,3.118,1,"noRScoretop_noMesoseds_sst_75","noRScoretop_noMesoseds_sst"
"318",-7.5270559552982,22.5470691326992,32.9299281320502,43.3513354418298,54.1501771640698,64.1564976207861,24.8166025510489,13.4803100386957,12.539506013294,17.4147551109617,35.94690688,19.9957643790542,62.9562275288718,5.87362607067059,8.42560581650667,3.14981896119633,62.8693020396082,27.1880783554662,3.07744831867669,0.952848087435094,0.054872436,0.152485480106141,24.4271395509395,0.0092563439095028,0.163085915809165,0.75933619333463,0.550083396074734,0.968507603562379,0.00301084843841477,0.615973099190056,2.41,3.13,2.995,1,"noRScoretop_noMesoseds_sst_76","noRScoretop_noMesoseds_sst"
"319",-2.64101085523896,22.5777628499668,31.2896373854902,49.8391023234091,63.2674957622019,49.2312272142675,20.4777321229011,11.1984376324721,10.4474512310957,19.3974504174166,34.6119015776979,12.98235682,59.9397489249592,6.71251233995619,8.43612453712333,3.18233615419216,72.6260628695154,18.4006390070448,5.25943380198438,0.25901831155318,1.551652769,0.887076803589479,28.6069559092221,0.928438929053718,0.138217940268548,0.687036810766449,0.175671528421727,0.9648701442791,0.0611717902179101,0.713617272483572,2.28,3.14,3.094,1,"noRScoretop_noMesoseds_sst_77","noRScoretop_noMesoseds_sst"
"320",-7.52725299819538,25.0338060404083,32.6428233888043,42.6119283181054,54.477626265142,64.1564976207861,24.816310021737,14.0263129845174,11.0574619961281,17.4111604190466,35.94690688,19.8520223890158,63.0296371745354,6.42377971084755,8.63178930856422,3.14981896119633,63.1514246865977,27.1880783554662,4.10211246492054,0.952848087435094,0.411650801140154,0.152248337642273,24.4271395509395,0.726308840312769,0.163743610740492,0.75933619333463,0.315440994131049,0.991927866717024,0.0171534201746767,0.615973099190056,2.42,3.14,2.945,1,"noRScoretop_noMesoseds_sst_78","noRScoretop_noMesoseds_sst"
"321",-3.24216237433186,23.6764826122985,31.2896373854902,49.80767944,63.1177546501465,49.2117973197362,20.47543738,12.3115191607907,10.4499523162895,19.5880960539154,34.6503944111961,12.9801898728997,59.9739048097302,6.71672023443922,8.43683860350623,3.86682425412972,72.6260628695154,18.4020846537088,5.26021996663137,0.314319138,1.54902846909961,0.87000960729217,28.6800923627706,0.936592557524608,0.138217940268548,0.805690339996013,0.183589644060307,0.867518631425893,0.0649541656886311,0.712887856512,2.27,3.15,3.314,1,"noRScoretop_noMesoseds_sst_79","noRScoretop_noMesoseds_sst"
"322",-3.24216237433186,23.6770807517311,31.2896373854902,49.80767944,63.1177546501465,49.2123569613418,20.47543738,12.3115191607907,10.4499047201692,19.586843486087,34.6503944111961,12.9801898728997,59.9739048097302,6.71527357764453,8.43727836757903,3.86682425412972,72.6260628695154,18.4020846537088,5.26021996663137,0.314319138,1.55168998291044,0.87000960729217,28.6800923627706,0.936592557524608,0.138217940268548,0.805690339996013,0.183589644060307,0.867518631425893,0.0649541656886311,0.702745738279816,2.27,3.15,3.315,1,"noRScoretop_noMesoseds_sst_80","noRScoretop_noMesoseds_sst"
"323",-2.63747410700337,22.5777628499668,31.2896373854902,49.8391023234091,63.2684744344362,49.2312272142675,20.4777321229011,11.3545180044197,10.4473886874162,19.3974504174166,34.6119015776979,12.98235682,59.9388822501511,6.71251233995619,8.43612453712333,3.18233615419216,72.6260628695154,18.4006390070448,5.25946431793112,0.250150426933472,1.551652769,0.887076803589479,28.6069559092221,0.966433954042528,0.138217940268548,0.687545045100142,0.183785739437217,0.868024447102147,0.0235792274252885,0.713617272483572,2.28,3.15,3.11,1,"noRScoretop_noMesoseds_sst_81","noRScoretop_noMesoseds_sst"
"324",-2.59957893110943,22.6333179911075,30.6071584438088,49.8077353738727,63.0670590749611,49.2326495630645,20.4795882565812,11.2330735608152,10.4642568480178,19.7092945702675,34.1207136174406,12.9924581509989,59.9743895765628,6.70405834080877,8.43615491395662,3.21987999496986,72.624610261728,18.31753707,5.29331216211544,0.257728088686735,1.55164933619061,0.887807631411298,28.6048843286371,1.04722086766422,0.140022473412541,0.809566555406888,0.181074974948317,0.965061967976355,0.0248427892699074,0.715440323315664,2.3,3.15,3.048,1,"noRScoretop_noMesoseds_sst_82","noRScoretop_noMesoseds_sst"
"325",-7.5270559552982,22.5729643440963,32.9380935863141,44.2964775407614,54.4703877385544,63.5135678867404,24.121075684109,14.0263129845174,12.5378310374761,17.4147551109617,35.94690688,19.8520223890158,63.0266191084198,6.01190468320091,8.42560581650667,3.14981896119633,62.9331914203019,27.1880783554662,4.18345447674826,0.952968560661125,0.054872436,0.152344791,24.4271395509395,0.00749057898571115,0.163743610740492,0.759324915637829,0.544121293916595,0.951835362177474,0.0540293592779791,0.616209872781324,2.38,3.15,2.959,1,"noRScoretop_noMesoseds_sst_83","noRScoretop_noMesoseds_sst"
"326",-7.5270559552982,22.5729643440963,32.9776106003545,43.3513354418298,54.4703877385544,64.1545628587018,24.8166025510489,14.0263129845174,12.5378310374761,17.4147551109617,35.94690688,19.8627235944199,63.0302733892599,6.01170859818831,8.42560581650667,3.14981896119633,62.9331914203019,27.1880783554662,4.183487976,0.299022423013428,0.054872436,0.152344791,24.4271395509395,0.051312797689697,0.163526856390192,0.758144704860308,0.556500548014739,0.951835362177474,0.0175465009078199,0.615973099190056,2.4,3.15,2.81,1,"noRScoretop_noMesoseds_sst_84","noRScoretop_noMesoseds_sst"
"327",-7.52478306935903,25.1145647757087,32.6504966075471,42.6678816873108,54.0317746414656,64.325401447735,24.4727535393832,14.0195583810638,11.0642503480972,17.3328642490338,35.94690688,19.848996035724,63.0302960408509,6.4478347571932,8.63297589355506,3.15158969640099,62.9279276390752,27.1714869862972,4.1128341424947,0.952841718676163,0.0470724873751302,0.152327353107935,24.4263353999325,0.703963636366706,0.164395733740292,0.758126183831629,0.309909327652825,0.945494547189947,0.0173270485058776,0.615823018404311,2.42,3.15,2.908,1,"noRScoretop_noMesoseds_sst_85","noRScoretop_noMesoseds_sst"
"328",-7.68718304301152,25.0930791099204,32.6462867576138,42.6678816873108,54.0317746414656,64.325401447735,24.4727535393832,13.4576084917088,11.059824267927,17.3013678440098,35.94690688,19.8505092731263,63.029412144297,6.4478347571932,8.63297589355506,3.12339108065787,63.1518983,27.1714869862972,4.1128341424947,0.953377399710392,0.0470724873751302,0.147381446856852,24.39980618179,0.703963636366706,0.138963098019594,0.758208256011918,0.309909327652825,0.851385136106845,0.0173270485058776,0.616091828,2.42,3.15,2.914,1,"noRScoretop_noMesoseds_sst_86","noRScoretop_noMesoseds_sst"
"329",-3.69342529804368,22.771582509115,30.6634382151602,43.6581909366277,63.3737939064702,49.152506606932,20.7701091929517,12.3179906051315,10.4717471402395,19.59155315,34.6491408234243,13.0822643509487,60.7285063056778,6.74347649979978,8.416853125736,3.08628322485084,72.9573176564243,18.8622649454873,4.16461965378199,0.250326334383594,1.54166263168382,0.163220722982111,28.60362002,0.823360157279801,0.187337367787352,0.759237543586732,0.183952550833121,0.86735164,0.0247299114151579,0.71129788670318,2.25,3.16,3.145,1,"noRScoretop_noMesoseds_sst_87","noRScoretop_noMesoseds_sst"
"330",-3.69342529804368,22.7789012605064,30.3520095266584,48.8882423143765,63.6072738424053,49.152506606932,20.7701091929517,12.2973740732985,10.4499584282484,19.59155315,34.6491408234243,13.0790459225478,60.7659916124111,6.716242991,8.416853125736,3.27163855742271,72.9564543617209,17.9097122564882,5.254275818,0.250326334383594,1.49057024363769,0.881632760145589,28.6043296638931,0.852475683471293,0.187337367787352,0.75786364290806,0.183952550833121,0.86735164,0.024841029,0.713559035708105,2.28,3.16,3.094,1,"noRScoretop_noMesoseds_sst_88","noRScoretop_noMesoseds_sst"
"331",-3.69342529804368,22.7789012605064,30.6634382151602,48.9106805761951,63.1769903473136,49.152506606932,20.7701091929517,12.2930186311828,10.4499584282484,19.5954285403585,34.6488929751132,13.0822643509487,59.967098593445,6.71597005432925,8.43713423066429,3.08628322485084,72.9195487839624,18.3017318205123,5.254275818,0.249928859020274,1.49057024363769,0.881594730026466,28.603830340101,0.823360157279801,0.187107753331891,0.759237543586732,0.183936450161477,0.874470362924424,0.024841029,0.713556047644796,2.28,3.16,3.119,1,"noRScoretop_noMesoseds_sst_89","noRScoretop_noMesoseds_sst"
"332",-3.71325973497887,22.5777628499668,31.2876233118161,49.8391023234091,63.1183507590348,49.1540248376718,20.766751716919,11.1966618173462,10.4474512310957,19.3974504174166,34.6119015776979,13.081319612659,60.7284381209857,6.71620723616792,8.41739790884237,3.17865848952984,72.9635626433784,18.3010939604875,5.25944627062295,0.259052114196457,1.49111180866837,0.887076803589479,28.6070409195747,0.827198570102513,0.138217940268548,0.805690339996013,0.173692188557676,0.962934066893301,0.0611717902179101,0.702287040699693,2.28,3.16,3.129,1,"noRScoretop_noMesoseds_sst_90","noRScoretop_noMesoseds_sst"
"333",-3.68318037482354,22.7789012605064,30.6566190831103,48.8882423143765,63.1769903473136,49.152506606932,20.7707766711396,11.1352106361296,10.449084008831,19.5919183275813,34.6491408234243,13.0822643509487,60.7285063056778,6.716242991,8.416853125736,3.09098668650663,72.6278387544234,18.3015592711663,5.25428563985912,0.249087192063556,1.5564332460089,0.881632760145589,28.60362002,0.81937587383815,0.187795389451594,0.80472321200188,0.183952550833121,0.867353414455993,0.0248561594157788,0.713460340849285,2.29,3.16,3.057,1,"noRScoretop_noMesoseds_sst_91","noRScoretop_noMesoseds_sst"
"334",-7.52942926688536,25.0809733058579,30.5102818362991,42.6670406648035,54.0087488379066,64.1564976207861,24.8866290718349,14.0334540179412,11.045720048885,17.4958554477541,35.94690688,19.9865918164933,63.0313148099065,6.40633443299835,8.42560581650667,3.12040516207071,63.151890507839,27.1277019752942,4.18356305885546,0.952856913900453,0.0528418569761686,0.152344791,24.4255434153146,0.00749057898571115,0.136755054610777,0.752447780548605,0.309218651218985,0.878307408895895,0.0173240101074527,0.616794658826232,2.36,3.16,2.944,1,"noRScoretop_noMesoseds_sst_92","noRScoretop_noMesoseds_sst"
"335",-7.5270559552982,22.5729643440963,32.6432506627111,43.3513354418298,54.4005313402373,64.1564976207861,24.8166025510489,14.0263129845174,12.5378310374761,17.4280355399664,35.94690688,19.8482477422254,63.0302733892599,6.01170859818831,8.42475268546177,3.14981896119633,62.9331914203019,27.1846606602658,4.183487976,0.301288810771658,0.054872436,0.152344791,24.4269023347767,0.00749057898571115,0.163743610740492,0.75933619333463,0.538149009143016,0.971224951473504,0.0171534201746767,0.615968055699399,2.39,3.16,2.817,1,"noRScoretop_noMesoseds_sst_93","noRScoretop_noMesoseds_sst"
"336",-7.68847928848596,22.5729643440963,32.9377281568164,43.3513354418298,54.4703877385544,64.1564976207861,24.8214285284195,14.0129102408675,12.5378310374761,17.4147551109617,35.94690688,19.8520223890158,63.0302733892599,6.01170859818831,8.42560581650667,3.14981896119633,62.9381197919338,27.1880783554662,4.183487976,0.221248009265202,0.054872436,0.152344791,24.4271395509395,0.00749057898571115,0.163743610740492,0.75933619333463,0.547468565438715,0.951835362177474,0.0171534201746767,0.613847689956046,2.39,3.16,2.894,1,"noRScoretop_noMesoseds_sst_94","noRScoretop_noMesoseds_sst"
"337",-3.60868980639623,22.7789012605064,30.6634382151602,48.8882423143765,63.1246890059646,49.1308833031994,20.7512915348241,12.2973740732985,10.4499584282484,19.7212929144005,34.4985230429705,13.0822643509487,59.9739929027739,6.75449170771845,8.41689253115359,3.08975513142999,72.9573176564243,18.304808473822,5.254275818,0.250326334383594,1.502039536205,0.878296933254769,28.60362002,0.966289845493338,0.187337367787352,0.761030508894106,0.183952550833121,0.86735164,0.0246653639191345,0.713559035708105,2.27,3.17,3.124,1,"noRScoretop_noMesoseds_sst_95","noRScoretop_noMesoseds_sst"
"338",-3.69342529804368,22.789526403938,30.3709172555862,48.8882423143765,63.1769903473136,49.3607957548155,20.7701091929517,12.2973740732985,10.4510333757109,19.5806160359343,34.6491408234243,13.1819206530711,59.9770882994288,6.716242991,8.416853125736,3.08628322485084,72.6138378859235,18.4040149144969,5.25403568268368,0.218478169879575,1.55319720250667,0.881632760145589,28.60362002,0.823360157279801,0.187337367787352,0.759237543586732,0.183952550833121,0.86735164,0.024841029,0.703796554414307,2.28,3.17,3.068,1,"noRScoretop_noMesoseds_sst_96","noRScoretop_noMesoseds_sst"
"339",-3.69051438554549,22.7707452261828,30.3685932764433,48.8661739995222,63.1787858466025,49.0907580717255,20.7687049972439,12.2973740732985,10.4500003948532,19.4423415702512,34.6298243931303,12.9787534316372,60.7173703797406,6.71528125941475,8.43760210220815,3.08628322485084,72.9609790758874,18.2982771478612,5.16976116456845,0.250326334383594,1.55301293995772,0.885969516155702,28.6078506459725,0.924194911069132,0.187337367787352,0.759237543586732,0.259633993450401,0.86735164,0.024841029,0.699120556238692,2.28,3.17,3.173,2,"noRScoretop_noMesoseds_sst_97","noRScoretop_noMesoseds_sst"
"340",-7.69293229178296,25.0239451225087,32.6462867576138,42.6671758628051,54.0317418464501,64.3222482717768,24.4727535393832,13.4576084917088,11.059824267927,17.3013678440098,35.94690688,19.8505092731263,63.0311841151775,6.4478347571932,8.63297589355506,3.11610057105435,63.1518983,26.557687745439,4.1121232399437,0.952971367409465,0.446369874423014,0.145134559407408,24.39980618179,0.701861942696402,0.137376331196323,0.758208256011918,0.309909327652825,0.992881473285562,0.0173270485058776,0.616091828,2.37,3.17,2.913,1,"noRScoretop_noMesoseds_sst_98","noRScoretop_noMesoseds_sst"
"341",-7.69293229178296,25.0239451225087,32.6462867576138,42.6671335479506,54.0317418464501,64.1850037570783,24.4727535393832,13.4576084917088,11.059824267927,17.3013678440098,35.94690688,19.8505092731263,62.9715300775311,6.4478347571932,8.63297589355506,3.11610057105435,63.1518983,26.557687745439,4.1121232399437,0.952971367409465,0.446369874423014,0.145065763672229,24.39980618179,0.701861942696402,0.137376331196323,0.758208256011918,0.309909327652825,0.992881473285562,0.0173270485058776,0.616091828,2.38,3.17,2.905,1,"noRScoretop_noMesoseds_sst_99","noRScoretop_noMesoseds_sst"
"342",-7.37288609473163,22.5729643440963,32.9380935863141,43.3513354418298,54.4703877385544,64.1564976207861,24.8166025510489,14.0263129845174,12.5378310374761,17.4147551109617,35.94690688,19.8520223890158,63.0302733892599,6.01170859818831,8.42560581650667,3.14981896119633,62.9331914203019,27.1880783554662,4.183487976,0.952848087435094,0.054872436,0.152344791,24.4271395509395,0.00749057898571115,0.163743610740492,0.75933619333463,0.547468565438715,0.951835362177474,0.0171534201746767,0.615973099190056,2.39,3.17,2.673,1,"noRScoretop_noMesoseds_sst_100","noRScoretop_noMesoseds_sst"
"343",-7.68246161465905,22.55824930199,32.9380935863141,43.3513354418298,54.4703877385544,64.1564976207861,24.8166025510489,13.4398643802355,12.5378310374761,17.4147551109617,35.94690688,19.8520223890158,63.0302733892599,6.01170859818831,8.42560581650667,3.14860171712577,63.1538280167501,27.1880783554662,4.183487976,0.952848087435094,0.054872436,0.152344791,24.4271395509395,0.00749057898571115,0.163743610740492,0.75933619333463,0.547468565438715,0.951835362177474,0.0171534201746767,0.615973099190056,2.39,3.17,2.723,1,"noRScoretop_noMesoseds_sst_101","noRScoretop_noMesoseds_sst"
"344",-7.68650079303704,22.5729643440963,32.9380935863141,43.3513354418298,54.4703877385544,64.1564976207861,24.8166025510489,13.4622183123987,12.5378310374761,17.4147551109617,35.94690688,19.8520223890158,63.0293897161825,6.01170859818831,8.42560581650667,3.12169894967757,62.9331914203019,27.1880783554662,4.183487976,0.953360290286597,0.054872436,0.152344791,24.40011106707,0.00749057898571115,0.163743610740492,0.75933619333463,0.547468565438715,0.951835362177474,0.0171534201746767,0.615973099190056,2.39,3.17,2.786,1,"noRScoretop_noMesoseds_sst_102","noRScoretop_noMesoseds_sst"
"345",-7.67839246764441,25.0930791099204,32.6750148391099,42.6710625465867,54.4711494608427,64.3306250212236,24.8767899533468,13.4576084917088,12.513319708186,17.4145337500018,35.94690688,19.8505092731263,63.0294243274262,6.43689760702026,8.41496833093601,3.12339108065787,63.1745888829936,27.1880627225321,4.1128341424947,0.952836738910967,0.0548756124405602,0.147381446856852,24.4270207337326,0.738693390221359,0.138963098019594,0.758206036222573,0.310045206881533,0.849825110079536,0.00308023181093647,0.615817545349258,2.39,3.17,2.862,1,"noRScoretop_noMesoseds_sst_103","noRScoretop_noMesoseds_sst"
"346",-7.6905589801958,25.0239451225087,32.6462867576138,43.3439244276195,54.0313804777025,64.1850037570783,24.4727535393832,13.442356244615,11.059824267927,17.3013678440098,35.94690688,19.8520714910721,62.9702238997263,6.44989773496374,8.63297589355506,3.11610057105435,63.150718155586,26.5557638123731,4.11204815708824,0.952973511745742,0.446369874423014,0.145065763672229,24.4000771260999,0.701861942696402,0.164364887326038,0.758251142253272,0.309909327652825,0.952339457282457,0.0177815223184971,0.608082729590037,2.39,3.17,2.895,1,"noRScoretop_noMesoseds_sst_104","noRScoretop_noMesoseds_sst"
"347",-3.24770416504771,23.6868098092349,32.5163182039265,39.0572046210495,70.6931534879641,46.6267190760778,20.3320115866099,13.4992219065158,11.0807314258217,15.0189591627,40.206571752827,11.0905690577915,61.2740817006722,6.53922940358399,8.36843481817107,3.09001479067375,72.5553833773829,16.9797726258799,2.88922781881199,0.317115804838282,1.56798860470102,0.287602271225704,28.5195058308854,1.13497932810791,0.136954317316236,0.806888951683434,0.524580540119466,0.979791922098214,0.0685967322402293,0.595267974080241,2.25,3.18,4.733,1,"noRScoretop_noMesoseds_sst_105","noRScoretop_noMesoseds_sst"
"348",-3.69342529804368,22.7789012605064,30.7217397381116,48.8882423143765,63.1769903473136,49.152506606932,20.7701091929517,12.2973740732985,10.4071658211833,19.59155315,34.5794877081513,13.0822643509487,60.7285063056778,6.716242991,8.41654151395242,3.08625695864794,72.9500200638654,18.3015592711663,2.79546696640345,0.250323740516628,1.49057024363769,0.871868069781125,28.60362002,0.823360157279801,0.187337367787352,0.741919085927547,0.183963828292328,0.98012950375572,0.024841029,0.713559035708105,2.26,3.18,3.386,2,"noRScoretop_noMesoseds_sst_106","noRScoretop_noMesoseds_sst"
"349",-3.61222655463182,22.7789012605064,30.6634382151602,48.8882423143765,63.1237103337303,49.1308833031994,20.7512915348241,12.1412937013508,10.4500209719279,19.7212929144005,34.4985230429705,13.0822643509487,59.974859577582,6.75449170771845,8.41689253115359,3.08975513142999,72.9573176564243,18.304808473822,5.25424530205325,0.259194219003302,1.502039536205,0.878296933254769,28.60362002,0.928294820504528,0.187337367787352,0.760522274560413,0.175838339817631,0.964197324289853,0.0622579267538403,0.713559035708105,2.27,3.18,3.112,1,"noRScoretop_noMesoseds_sst_107","noRScoretop_noMesoseds_sst"
"350",-7.52478306935903,25.1145647757087,32.6422102244386,43.3606966155007,54.0317746414656,64.325401447735,24.4727535393832,14.0197913154048,12.5589757561212,17.3328642490338,35.94690688,19.848996035724,63.0302960408509,6.4478347571932,8.63297589355506,3.15159700581387,62.9330731576766,27.1714869862972,4.1128341424947,0.952841718676163,0.0545653029383064,0.152327353107935,24.4271366098382,0.703963636366706,0.164402513934268,0.758126183831629,0.329801773173542,0.945481334959108,0.0171481482824881,0.61582279956754,2.36,3.18,2.827,1,"noRScoretop_noMesoseds_sst_108","noRScoretop_noMesoseds_sst"
"351",-7.5270559552982,22.5744328468727,32.9380935863141,43.3581266211669,54.4703877385544,64.1564976207861,24.7186947101983,14.0225192907219,12.5378310374761,17.4147551109617,35.94690688,19.8520223890158,63.0302733892599,6.01018969308589,8.42560581650667,3.14981896119633,62.9331914203019,27.1035513841671,4.183487976,0.952848087435094,0.054872436,0.152344791,24.4271395509395,0.00749057898571115,0.163743610740492,0.75933619333463,0.547468565438715,0.951565936142236,0.0171534201746767,0.609616432127923,2.38,3.18,2.745,1,"noRScoretop_noMesoseds_sst_109","noRScoretop_noMesoseds_sst"
"352",-7.5270559552982,25.0876535587789,32.9375196147564,43.3513354418298,54.4703987987341,64.1539340670992,24.8166025510489,14.0263129845174,12.5436752959961,19.3926350978862,35.94690688,19.8520223890158,63.0302733892599,6.01170859818831,8.42560581650667,3.14981896119633,62.9331914203019,27.1880783554662,4.183487976,0.952848087435094,0.054872436,0.152344791,24.3997036795124,0.00749057898571115,0.163743610740492,0.75933619333463,0.547468565438715,0.951835362177474,0.0171534201746767,0.615973099190056,2.38,3.18,2.782,1,"noRScoretop_noMesoseds_sst_110","noRScoretop_noMesoseds_sst"
"353",-7.53668946020281,25.0876535587789,32.9375196147564,43.3513354418298,54.4703987987341,64.1564783268713,24.7319270616479,14.0220338319222,12.5430659067215,19.5084040245112,35.94690688,19.8520223890158,63.0302733892599,6.01170859818831,8.42560581650667,3.14935266833875,62.9330972573976,27.1880783554662,4.183487976,0.966712336930455,0.0550151237198273,0.152344791,24.3997105975532,0.00749057898571115,0.163743610740492,0.75933619333463,0.547468565438715,0.951835362177474,0.0171534201746767,0.606278508015683,2.38,3.18,2.783,1,"noRScoretop_noMesoseds_sst_111","noRScoretop_noMesoseds_sst"
"354",-7.61685880631874,25.0876535587789,32.9375196147564,43.3513354418298,54.4703987987341,64.1539340670992,24.8166025510489,14.0263129845174,12.5436752959961,19.3926350978862,35.94690688,19.8520223890158,63.0302733892599,6.01170859818831,8.42560581650667,3.14981896119633,62.9331914203019,27.1880783554662,4.183487976,0.952848087435094,0.054872436,0.152344791,24.3997036795124,0.00749057898571115,0.163743610740492,0.75933619333463,0.547468565438715,0.951835362177474,0.0171534201746767,0.615973099190056,2.38,3.18,2.796,1,"noRScoretop_noMesoseds_sst_112","noRScoretop_noMesoseds_sst"
"355",-7.53001109121185,22.5582480960013,32.9380935863141,43.3513354418298,54.4703877385544,64.1564976207861,24.8166025510489,14.0142328381145,12.5334049573058,17.4147551109617,35.94690688,19.8520223890158,63.0302731657835,6.01170859818831,8.42560581650667,3.14974035697196,63.155236379209,27.1880783554662,4.183487976,0.95287156561782,0.054872436,0.152344791,24.4276388166666,0.00749057898571115,0.163743610740492,0.75940843238818,0.547468565438715,0.951835362177474,0.0171534201746767,0.615973099190056,2.39,3.18,2.677,1,"noRScoretop_noMesoseds_sst_113","noRScoretop_noMesoseds_sst"
"356",-7.5270559552982,22.5729643440963,32.9369876494891,43.3513354418298,54.4703877385544,64.1564976207861,24.8166025510489,14.0263129845174,12.5591739873624,17.4147551109617,35.94690688,19.8489900476802,63.0482354678228,6.01170859818831,8.42560581650667,3.14981896119633,62.9331914203019,27.1880783554662,4.183487976,0.952784740448469,0.0323008105351964,0.152344791,24.4271395509395,0.061790400335006,0.163743610740492,0.75933619333463,0.547468565438715,0.951860811656723,0.0171534201746767,0.615973099190056,2.39,3.18,2.693,1,"noRScoretop_noMesoseds_sst_114","noRScoretop_noMesoseds_sst"
"357",-7.5270559552982,22.5729643440963,32.9380935863141,43.3513354418298,54.4703877385544,64.1564976207861,24.8166025510489,14.0263129845174,12.5378310374761,17.4147551109617,35.94690688,19.8520223890158,63.0302733892599,6.01170859818831,8.42560581650667,3.14981896119633,62.9331914203019,27.1880783554662,4.183487976,0.952848087435094,0.054872436,0.152344791,24.4271395509395,0.00749057898571115,0.163743610740492,0.75933619333463,0.547468565438715,0.951835362177474,0.0171534201746767,0.615973099190056,2.39,3.18,2.702,1,"noRScoretop_noMesoseds_sst_115","noRScoretop_noMesoseds_sst"
"358",-3.68745243968289,22.7698483903449,30.6634382151602,49.7938884565152,63.1769903473136,49.1497549234825,20.7513025219216,11.1435361148684,10.3936621830996,19.59155315,34.4873160222554,13.6098900876626,60.7070814407824,6.71629841188797,8.416853125736,3.16895012151003,72.6382581533226,18.3016114837804,5.29256565467556,0.250326334383594,1.49240515168459,0.887537395794386,28.60362002,0.956189950938901,0.187337367787352,0.757592716994329,0.356719930022443,0.867349018348236,0.024841029,0.552318919800042,2.3,3.19,3.024,1,"noRScoretop_noMesoseds_sst_116","noRScoretop_noMesoseds_sst"
"359",-7.5270559552982,22.5729643440963,32.9380935863141,43.3513354418298,54.4703877385544,64.3356309712914,24.8151479383754,14.0271387469526,12.5506705516164,17.4147551109617,35.94690688,19.8444443943621,63.0302730838132,6.01170859818831,8.42560581650667,3.14981896119633,62.9331914203019,27.1880783554662,4.183487976,0.952900718759337,0.0549897591204827,0.152344791,24.4266746589847,0.00749057898571115,0.163743610740492,0.755554539528011,0.547468565438715,0.952004062161884,0.0171534201746767,0.615973099190056,2.39,3.19,2.718,1,"noRScoretop_noMesoseds_sst_117","noRScoretop_noMesoseds_sst"
"360",-3.69170718788741,22.6830656375096,30.4618772397377,49.8099404058391,63.268291827129,49.133982083632,21.0893458864588,11.1570771869073,10.3913581216251,19.5906445725173,34.6170527528145,13.1906957415682,60.0062665662264,6.76026125274311,8.46442744915172,3.08724791381283,72.9230252233764,18.3181032630021,5.25024278683627,0.311640035213255,1.53999385272515,0.876427838392187,28.6051693625768,1.04724380664652,0.165290319000363,0.679804455343761,0.360491568007307,0.864832844344614,0.00234878572258157,0.707492728789221,2.3,3.2,3.058,2,"noRScoretop_noMesoseds_sst_118","noRScoretop_noMesoseds_sst"
"361",-7.5270559552982,24.966854860178,32.4137680066658,43.3513354418298,54.4979414217771,64.1886784898041,24.8166025510489,14.0263129845174,12.5599945437181,17.4117191085648,35.94690688,19.8525876013549,63.0257483317594,6.09509060766397,8.42965466344067,3.14981896119633,62.9331914203019,27.0273674503978,4.17388214059497,0.961366204806605,0.189726367066782,0.152299855034343,24.4317356011742,0.0586243848604029,0.163743610740492,0.759300888957049,0.547468565438715,0.951835362177474,0.0171534201746767,0.609356755773403,2.36,3.2,2.739,1,"noRScoretop_noMesoseds_sst_119","noRScoretop_noMesoseds_sst"
"362",-7.52751753859204,22.5729643440963,32.9380935863141,43.3513354418298,54.4703877385544,64.1586613939118,24.8166025510489,14.0348823655604,12.5823333287608,17.4147551109617,35.94690688,19.6657438018361,63.0302733892599,6.01170859818831,8.42560581650667,3.14981896119633,62.9331914203019,27.1880783554662,4.183487976,0.952848087435094,0.054872436,0.152344791,24.3989867422795,0.00749057898571115,0.163743610740492,0.75933619333463,0.547468565438715,0.945595698473411,0.00246631130721645,0.615818530020794,2.38,3.2,2.722,1,"noRScoretop_noMesoseds_sst_120","noRScoretop_noMesoseds_sst"
"363",-3.24770416504771,23.6868098092349,32.5476338608875,39.0572046210495,70.6931534879641,46.6267190760778,20.3060025680588,13.4992219065158,11.0807314258217,15.0189591627,40.206571752827,11.0905690577915,60.035307562315,6.53922940358399,8.36843481817107,3.09001479067375,72.5553833773829,17.0332289752474,5.63596532872895,0.317115804838282,1.56798860470102,0.287602271225704,28.5195058308854,1.13497932810791,0.136971984519837,0.806888951683434,0.524658459485451,0.979791922098214,0.0685967322402293,0.582992101623666,2.25,3.21,4.02,1,"noRScoretop_noMesoseds_sst_121","noRScoretop_noMesoseds_sst"
"364",-7.5270559552982,25.0651764485268,32.9380935863141,43.3513354418298,54.0058423599528,64.1846701163536,24.8032314217756,14.0263129845174,12.5378310374761,17.4147551109617,35.94690688,19.8504538157396,63.0302733892599,6.46088188698543,8.63029130170188,3.11519098683045,63.1495570926157,27.1944845602986,4.18280282220754,0.952851720220765,0.059821178003319,0.145099723697789,24.4271395509395,0.0332300958570551,0.163896515100143,0.758177171505471,0.306435258342907,0.951835362177474,0.0171534201746767,0.616095669770144,2.31,3.21,2.916,1,"noRScoretop_noMesoseds_sst_122","noRScoretop_noMesoseds_sst"
"365",-7.5270559552982,22.5729643440963,32.9655106658704,43.3513354418298,54.4716006749824,64.1564976207861,24.8166025510489,14.0263129845174,12.5378310374761,19.6136308926759,35.94690688,19.8430609280695,63.0267037132556,6.01170859818831,8.42560581650667,3.14981896119633,62.9331914203019,26.7977047812439,4.16218245015125,0.971902834770542,0.054872436,0.152344791,24.4271395509395,0.00749057898571115,0.163743610740492,0.75933619333463,0.547796041727062,0.952330402594701,0.0171534201746767,0.615973099190056,2.39,3.21,2.7,1,"noRScoretop_noMesoseds_sst_123","noRScoretop_noMesoseds_sst"
"366",-3.69051438554549,22.7707452261828,30.3685932764433,48.8882423143765,63.1769903473136,49.0859979869672,20.7687049972439,12.2973740732985,10.4500003948532,19.440864602982,34.629278596001,13.0822643509487,59.7754517617876,6.716242991,8.43766229829141,3.08628322485084,72.9573176564243,18.3009613267911,5.254275818,0.250326334383594,1.4844769308538,0.881561480827955,28.6060569354662,0.823360157279801,0.187337367787352,0.759237543586732,0.183952550833121,0.86735164,0.024841029,0.546153990770042,2.28,3.22,3.099,1,"noRScoretop_noMesoseds_sst_124","noRScoretop_noMesoseds_sst"
"367",-2.41798253283304,22.6333179911075,30.5947985350068,49.4959485264937,63.2766532428861,49.2326495630645,20.3301105727531,11.1552038768816,8.67007357763252,19.59155315,34.1388503553748,12.98235682,59.9743895765628,6.71017877575997,8.43729905135032,3.18736150761868,72.9264753620225,18.3997372632817,5.29325478813594,0.629186878049311,1.55164933619061,0.887671295016748,28.6036313610771,1.04722086766422,0.202951000934735,0.689596175414988,0.164404163740308,0.85764934207524,0.0248427892699074,0.916941669957506,2.31,3.22,3.007,1,"noRScoretop_noMesoseds_sst_125","noRScoretop_noMesoseds_sst"
"368",-3.7482802812692,22.7039568773922,31.3087676826986,49.4993344496519,63.08117589,48.7823954459235,20.4742078272675,12.4715168260641,10.4471225086554,19.3511161914396,34.61456235,12.98235682,59.9959638138664,6.71739775495525,8.437267269,3.8988568122875,73.2345748205591,18.2604354865221,5.17949159703757,0.314414097272232,1.551652769,0.278967992050845,28.6514597516717,1.02866592462441,0.163681237271768,0.681786237,0.172237941574833,0.867443564128948,0.0175440764483333,0.711273812647744,2.25,3.23,3.372,2,"noRScoretop_noMesoseds_sst_126","noRScoretop_noMesoseds_sst"
"369",-3.68869149855738,22.6361039001204,30.5601747766898,49.5034931646389,63.0808495051668,49.2330160134252,20.3362935822466,12.2345535079828,10.0303767035125,17.3674732324331,34.9229709117586,13.6058161855252,59.9704608042886,6.71543914021366,8.4372633610579,3.19040844630831,72.6239309862918,18.4036239996534,5.20431063463614,0.314319138,1.49241305310069,1.10357943803585,28.1619447782792,0.951367895762389,0.186710189886194,0.800749713236971,0.173204158054304,0.867168350639351,0.0178409384736018,0.561741687018187,2.28,3.23,3.094,1,"noRScoretop_noMesoseds_sst_127","noRScoretop_noMesoseds_sst"
"370",-7.69293229178296,25.028536175036,32.6292406438384,42.6187800913917,54.391278161581,64.2699577226811,24.1148101219231,13.4576084917088,12.5080356684965,17.3847123971185,35.94690688,19.6648102125039,63.0256197113903,6.4478347571932,8.60936303628231,3.16104951663503,63.1518983,26.557687745439,4.1121232399437,0.931896391514076,0.446369874423014,0.145155133327297,24.3995276320816,0.701861942696402,0.137426567672535,0.758208256011918,0.309909327652825,0.992881473285562,0.0160106824212015,0.615942514286179,2.31,3.23,2.828,1,"noRScoretop_noMesoseds_sst_128","noRScoretop_noMesoseds_sst"
"371",-7.5270559552982,22.620551396224,32.4162108108479,43.3513354418298,54.4703877385544,64.1863038780604,24.8166025510489,14.0263129845174,12.5426587924615,17.4147551109617,35.94690688,20.0036251215179,63.0257483317594,6.09509060766397,8.42560965520048,3.14981896119633,62.9331914203019,27.1886358141322,4.1837887780625,0.961366204806605,0.194366927755877,0.152344791,24.427216752131,0.00685530244319811,0.163743610740492,0.573012135336191,0.547468565438715,0.951835362177474,0.0171534201746767,0.616244329076898,2.38,3.23,2.656,1,"noRScoretop_noMesoseds_sst_129","noRScoretop_noMesoseds_sst"
"372",-7.52751753859204,22.5714077576133,32.8853809432865,43.3513354418298,54.4882307103144,64.1593341139321,24.8166025510489,14.0348823655604,12.5823333287608,17.4147551109617,35.94690688,19.6490196737411,63.0302733892599,6.01170859818831,8.41675164231819,3.14981896119633,62.9331914203019,27.1924694162698,4.183487976,0.952798397221205,0.460234612901077,0.152344791,24.3989867422795,0.00749057898571115,0.163743610740492,0.75933619333463,0.547468565438715,0.951912387325212,0.00254807842160148,0.713102129964972,2.38,3.23,2.674,1,"noRScoretop_noMesoseds_sst_130","noRScoretop_noMesoseds_sst"
"373",-7.5270559552982,22.6168354517547,32.4162108108479,43.3513354418298,54.4703877385544,64.1886784898041,24.8166025510489,14.0263129845174,12.5423682041665,17.4147551109617,35.94690688,20.0036251215179,63.0257483317594,6.09509060766397,8.42965466344067,3.14981896119633,62.9331914203019,27.014681641811,4.17388214059497,0.961366204806605,0.194366927755877,0.152344791,24.431471235205,0.0586243848604029,0.163743610740492,0.577278048535251,0.547468565438715,0.951835362177474,0.0171534201746767,0.609356755773403,2.38,3.23,2.676,1,"noRScoretop_noMesoseds_sst_131","noRScoretop_noMesoseds_sst"
"374",-3.69360342220289,22.7789012605064,30.6634382151602,48.8883610308854,63.001205288465,49.1522321129506,20.7701091929517,11.1418267133232,10.4495901297881,19.59155315,34.4901713461894,13.0822643509487,60.7285063056778,6.94343643889887,8.416853125736,3.09783011390726,72.9573176564243,18.3015592711663,5.254275818,0.262723046932763,1.49057024363769,0.881708528707466,28.60362002,0.824754391706079,0.187337367787352,0.684758357081877,0.181968470285798,0.86735164,0.024841029,0.909966441875411,2.28,3.24,3.078,1,"noRScoretop_noMesoseds_sst_132","noRScoretop_noMesoseds_sst"
"375",-3.69360481970331,22.7915826586119,30.6447394258851,48.868270997189,63.0006308735212,49.1552150742899,20.7716564066213,11.1767747219269,10.3877409785371,19.5090073961367,34.4963051413277,12.9672109147033,59.9903106017945,6.94368524274731,8.43615366238908,3.09803856978642,72.9547445590424,18.2983047144473,5.25467624519755,0.26211911430196,1.55164933619061,0.733020733943772,28.6036313610771,1.04784642181573,0.185275600568419,0.682890983739861,0.156972947453966,0.971268956576526,0.0248427892699074,0.916941669957506,2.27,3.25,3.049,1,"noRScoretop_noMesoseds_sst_133","noRScoretop_noMesoseds_sst"
"376",-3.69360481970331,22.7753415775804,30.6410331481165,48.868270997189,63.0006308735212,49.1552150742899,20.7711196575936,11.1767747219269,10.3921533710775,19.5287801397396,34.4907440976983,12.9678278858441,59.9749088346011,6.94368524274731,8.43615491395662,3.09803856978642,72.9547445590424,18.3003548087821,5.25467624519755,0.262492743025465,1.55164933619061,0.888149830886366,28.6036313610771,1.04784642181573,0.1872564851217,0.682890983739861,0.361035488040441,0.971268956576526,0.0248427892699074,0.916941669957506,2.27,3.27,3.048,1,"noRScoretop_noMesoseds_sst_134","noRScoretop_noMesoseds_sst"
"377",-3.69079577634553,23.1274461368077,30.3668443678229,49.8060900241068,63.1199518218829,55.1979162507083,20.4452542080282,12.2842299841014,10.449897415806,19.5917240752206,34.4985481798979,17.9879997897368,60.7284642522916,6.716242991,8.437267269,3.08461281153236,72.9195102871676,18.3015454535068,5.25460524314379,0.249275370889776,1.55135225744722,0.881575013156371,28.6058622201457,0.0320660318399511,0.19702995113018,0.760579855405359,0.18396950570724,0.86735164,0.024844936104519,0.712690771898152,2.29,3.28,2.93,1,"noRScoretop_noMesoseds_sst_135","noRScoretop_noMesoseds_sst"
"378",-3.6906541094918,23.1274461368077,30.3668443678229,49.8060900241068,63.1216523743487,55.1979162507083,20.4577445060827,13.4596684455216,10.449897415806,19.5810027141738,34.4985481798979,17.9879997897368,60.7365991500637,6.716242991,8.437267269,3.08459147354654,72.9195102871676,18.3174327195687,5.25460524314379,0.249244927948826,1.5519005278381,0.881575013156371,28.6060523354238,0.0320660318399511,0.196973557327802,0.799529911748921,0.170659588,0.86735164,0.024844936104519,0.712690771898152,2.29,3.28,2.984,1,"noRScoretop_noMesoseds_sst_136","noRScoretop_noMesoseds_sst"
"379",-7.68831999290769,22.5470691326992,32.9292192081956,42.6742779785236,54.1518574457276,64.1512740472976,24.8222969178407,14.1967532546958,11.0880126552614,17.3015892049697,35.94690688,19.9957643790542,62.956260211702,6.45409121312221,8.95993900053993,3.14981896119633,62.8466114566146,27.1880783554662,4.17744210288888,0.953388748234519,0.461641970588406,0.14747231759899,24.3999234658532,0.00261636245793712,0.163085915809165,0.758199352826649,0.309688247834167,0.970067208476404,0.0172438598261194,0.615973099190056,2.35,3.29,2.811,1,"noRScoretop_noMesoseds_sst_137","noRScoretop_noMesoseds_sst"
"380",-3.26124863939373,22.6054560891994,29.8851607482651,49.6896647069912,63.1724459170465,54.949442615744,20.4563013855075,12.21601371489,10.4505049736734,19.59155315,34.7445161580976,17.9984865987175,59.9821996433172,6.71258812718711,8.43729606341845,3.15199627429802,73.1655770993114,18.3175008229108,5.26000656402905,0.262201588314151,1.49394637434862,1.21769620921537,28.60362002,0.218161465318867,0.189564036572548,0.797650380583749,0.171620214132569,0.837612427630958,0.0247812834608015,0.701613005796668,2.31,3.3,3.002,2,"noRScoretop_noMesoseds_sst_138","noRScoretop_noMesoseds_sst"
"381",-3.52798885925325,22.7099464813237,34.186745697722,43.2756481529363,63.233287799159,49.23248618,20.4757305569429,13.4899611660745,13.2603527843248,14.6288731442479,34.61456235,12.9278466189251,59.9739455409747,6.70650651597896,8.437267269,3.7244034948406,72.9651839905947,18.3168372477806,5.25252744510882,0.897719919875917,1.77531502872392,0.894853648969446,28.5975427697399,1.02866592462441,0.138217940268548,0.681786237,0.311815952967679,0.86735290093009,0.156342248704389,0.699675440527253,2.25,3.31,3.953,1,"noRScoretop_noMesoseds_sst_139","noRScoretop_noMesoseds_sst"
"382",-5.01173022203071,23.7430160506542,30.7198360054643,48.8223496911268,63.0045755163116,54.9001919778517,23.318146091439,12.3359501207397,10.4067007669975,19.6520928512173,34.5782709291703,15.9588993673258,61.238164919418,6.73808329337422,8.41652977952333,3.09001479067375,72.6180719431817,18.3006122953153,2.77900458796491,0.249829551716215,1.55408018105685,0.872007014482486,28.6398035701841,0.00975289774897753,0.135031599767471,0.741002585965875,0.183254822859994,0.979754618028956,0.0248693880610216,0.699046470574142,2.37,3.31,2.72,1,"noRScoretop_noMesoseds_sst_140","noRScoretop_noMesoseds_sst"
"383",-3.52798885925325,22.7099464813237,34.1670999668587,43.2756481529363,63.08117589,49.23248618,20.47543738,13.4899611660745,13.2603527843248,14.6288731442479,34.61456235,12.9278466189251,59.9739455409747,6.70648030341801,8.437267269,3.71754366791152,72.9651839905947,18.3173548859743,5.25252744510882,0.89758424007561,1.76703374677354,0.894853648969446,28.8763242606798,1.02866592462441,0.138217940268548,0.681786237,0.311815952967679,0.86735290093009,0.156342248704389,0.699675440527253,2.25,3.32,3.999,1,"noRScoretop_noMesoseds_sst_141","noRScoretop_noMesoseds_sst"
"384",-3.68994492391796,22.7772180972734,30.4606698819141,49.7813459078149,63.1211553259465,54.9235289025476,20.4351996102237,12.3092092142139,10.3082800293835,19.5811432813619,34.6482283510221,17.6168924458899,60.7415286672915,6.716242991,8.43744676055318,3.08589152705559,72.9197956509938,18.3175410989266,5.27681971578102,0.250948325570136,1.53802094636834,0.877972983555919,28.6037052860015,0.0320660318399511,0.139031277162206,0.670485499108863,0.18432141924118,0.86735164,0.00203792027812529,0.715560665410242,2.28,3.33,2.955,1,"noRScoretop_noMesoseds_sst_142","noRScoretop_noMesoseds_sst"
"385",-3.64485719782757,23.1274461368077,30.3666543039746,42.6811869778746,63.1220471205145,55.3451808282624,20.4578332641941,13.4582072,10.45103407,19.5810027141738,34.4985481798979,18.0944272999512,59.9549750110155,6.44386917324286,8.437267269,3.11185890732165,72.9195102871676,18.317469842339,3.95078250818784,0.314319138,1.51956562366735,0.164991708739723,28.6061056577324,0.0572175729341461,0.139066991890439,0.681786237,0.178466627018947,0.851229185874069,0.024844936104519,0.52485817753061,2.26,3.36,3.081,1,"noRScoretop_noMesoseds_sst_143","noRScoretop_noMesoseds_sst"
"386",-7.69300817939364,22.7743288716154,32.887364020071,43.3720293239893,54.4885453614671,64.1845848968196,24.7262277142676,14.1640589451316,12.4662947741637,19.507859373486,35.94690688,19.8520223890158,62.974027039942,6.44314937896372,8.41690307007285,3.08615174181628,62.9381564534177,26.670207082586,5.2244603342084,0.958233895549698,0.463599584197792,0.152344791,24.4005723280567,0.00749057898571115,0.164219319957942,0.759423606522774,0.547468565438715,0.951835362177474,0.0177968655502044,0.713618668431496,2.33,3.37,2.771,2,"noRScoretop_noMesoseds_sst_144","noRScoretop_noMesoseds_sst"
"387",-7.67839246764441,22.6985918982262,32.6623489736763,42.6710625465867,54.4711494608427,64.3306250212236,24.8767899533468,14.0174563027009,12.513319708186,17.4147537163674,35.94690688,19.8505092731263,63.0294243274262,6.48605725816302,8.42585876587126,3.12339108065787,63.1745888829936,27.1880627225321,4.1128341424947,0.952836738910967,0.0548756124405602,0.147381446856852,24.4270233468495,0.0385485702032218,0.138950946703001,0.759287597823144,0.309023045980471,0.849825110079536,0.00308023181093647,0.615966220788717,2.32,3.4,2.683,1,"noRScoretop_noMesoseds_sst_145","noRScoretop_noMesoseds_sst"
"388",-2.62180413726856,22.7772180972734,30.4596443459998,49.8337734281611,63.117549493248,54.9235289025476,20.4351996102237,12.3092092142139,10.3082800293835,19.5814345863756,34.0962345246318,17.6168924458899,59.9787068802276,6.7158845481188,8.43744676055318,3.08589152705559,72.9264593764625,18.3175410989266,5.29251325839449,0.250948325570136,1.55088842851301,0.877972983555919,28.6037052860015,0.0320660318399511,0.139027290647895,0.670485499108863,0.189829152415318,0.964624927150473,0.00203792027812529,0.92035021465377,2.3,3.41,2.913,2,"noRScoretop_noMesoseds_sst_146","noRScoretop_noMesoseds_sst"
"389",-3.26851772541004,22.627125198871,31.2896404194931,49.80767944,63.1183594333559,49.1543968099976,20.4785226377225,13.4899611660745,10.447431444712,19.3974504174166,34.6119015776979,13.0905980043887,59.9739048097302,6.75852848917976,8.41728431232284,3.17897209700981,72.6265812793733,18.3017118957824,5.25944847673785,0.314319138,1.55603234278352,0.869998210977082,28.6071480974521,0.929947239077666,0.138217940268548,0.810657721123852,0.173692188557676,0.867488839206558,0.0649541656886311,0.702284217103441,2.27,3.42,3.262,2,"noRScoretop_noMesoseds_sst_147","noRScoretop_noMesoseds_sst"
"390",0.491754986103317,22.7662496514645,33.0279903422338,43.1275671877636,82.58915129,51.79385319,18.714154622183,11.8556808,13.0730922022509,14.7826047303378,45.3988879603887,15.91250835,53.7970122907389,6.91163506125166,8.36798404518756,3.711315269,84.0642180441712,15.6670115802352,5.374105502,0.908323844398501,1.50802546807202,0.898672002282622,28.88623295,0.798353042974339,0.172565999160104,0.653186221569515,0.31288764949377,0.829302462247534,0.140554945858603,0.733843436239984,2.25,3.58,3.526,1,"noRScoretop_noMesoseds_sst_148","noRScoretop_noMesoseds_sst"
"391",0.491754986103317,22.7625464614105,33.0279903422338,43.1260702453596,82.5978734551303,51.7893637162698,18.7144518653094,11.8662495297022,13.0730922022509,14.7753828555943,45.3988879603887,15.91250835,53.8243643160206,6.905056626,8.37065445112165,3.71132880750121,84.26716457,15.6670115802352,5.33085279474734,0.908323844398501,1.51073185137805,0.878393867493073,28.88623295,0.798353042974339,0.171721623125919,0.646985550644495,0.314395171710231,0.829284653506987,0.14533044477721,0.733361661861814,2.25,3.59,3.553,1,"noRScoretop_noMesoseds_sst_149","noRScoretop_noMesoseds_sst"
"392",0.491754986103317,22.7662496514645,33.0279903422338,43.0032333209077,83.4613088207492,51.79385319,18.7072234511407,11.8556808,13.0730922022509,14.7826047303378,45.3988879603887,15.91250835,53.7965222966036,6.91163506125166,8.36798404518756,3.71486054586115,84.0642180441712,15.6670115802352,5.374105502,0.908323844398501,1.65310812369397,0.898672002282622,28.88623295,0.798353042974339,0.172565999160104,0.653191898558035,0.312952447296583,0.848029098023345,0.140480315053107,0.733837889345033,2.25,3.59,3.415,2,"noRScoretop_noMesoseds_sst_150","noRScoretop_noMesoseds_sst"
"393",-4.958443906,20.9210162009446,29.03841844,33.8259325665032,58.07775043,61.2865199517016,20.3661697788658,10.7162353385139,11.32848575,11.2038549256744,25.8237344874992,20.8074873052433,55.4227825757805,6.55223845992409,8.01082805013415,3.64597739870875,73.492277586534,16.9161070971196,8.02935267406066,0.276680177443798,0.445409278429612,0.29013501366685,40.2982767100181,1.232953244,0.0584273814616808,0.51153013662551,0.346342789861345,0.978985137640694,0.016340995,0.352029197917278,2.52,2.66,2.798,1,"noRScoretop_noMesoseds_deep_1","noRScoretop_noMesoseds_deep"
"394",-4.32617181044263,20.9210162009446,29.03841844,33.8259325665032,58.07775043,61.2865199517016,20.3661697788658,10.7162353385139,11.32848575,11.2038549256744,25.8237344874992,20.8074873052433,55.4227825757805,6.55223845992409,8.01082805013415,3.64597739870875,73.492277586534,16.9161070971196,8.02935267406066,0.276680177443798,0.445409278429612,0.29013501366685,40.2982767100181,1.232953244,0.0584273814616808,0.51153013662551,0.346342789861345,0.978985137640694,0.016340995,0.352029197917278,2.53,2.67,2.789,1,"noRScoretop_noMesoseds_deep_2","noRScoretop_noMesoseds_deep"
"395",-4.958443906,20.9210162009446,29.03841844,33.8259325665032,58.07775043,61.3076629587688,20.3661697788658,10.7293210024236,11.32848575,11.2038549256744,26.02773313,20.8074873052433,55.4227825757805,6.55223845992409,8.01082805013415,3.64597739870875,73.492277586534,16.9161070971196,8.02935267406066,0.276680177443798,0.445409278429612,0.33738928633119,40.2982767100181,1.232953244,0.0676113018122951,0.511637495968566,0.347207033036929,0.978985137640694,0.016340995,0.352029197917278,2.53,2.69,2.774,1,"noRScoretop_noMesoseds_deep_3","noRScoretop_noMesoseds_deep"
"396",-3.99925971498118,20.9210162009446,29.03841844,33.8259325665032,58.07775043,61.0381370516372,20.3661697788658,10.7162353385139,11.3365602853598,11.2038549256744,25.8237344874992,20.8074873052433,55.4227825757805,6.55223845992409,8.319514636512,3.64597739870875,73.4921810419419,16.9161070971196,8.02935267406066,0.0532840713877533,0.754079791284526,0.29013501366685,40.2982767100181,1.232953244,0.0584273814616808,0.51153013662551,0.346342789861345,0.978985137640694,0.0405281168356208,0.371137017502455,2.51,2.72,2.959,2,"noRScoretop_noMesoseds_deep_4","noRScoretop_noMesoseds_deep"
"397",-6.22804586296411,21.0735267028526,28.0922345618758,32.82304758,47.41705031,61.3873296553044,20.382942991082,11.2709329897334,13.4750828544596,10.5453578625245,26.2309643099064,20.3529027701227,53.3293450720837,5.27751608933153,8.0655180755526,3.01186925536962,63.7930215131938,27.9123418188935,7.95711788123897,0.290941660584991,0.154723163852496,0.780862140239413,40.3998843137831,0.876210193794057,0.129354914695408,0.93013324082241,0.327747124792189,0.913957088946502,0.00930275136147675,0.607324918218639,2.9,2.82,2.708,1,"noRScoretop_noMesoseds_deep_5","noRScoretop_noMesoseds_deep"
"398",-6.227426774,21.0737861910906,28.0906699360644,32.82304758,47.4173748204757,61.3792851772415,20.3882911,11.2815877265537,13.4750828544596,10.5490623086136,26.2534510358289,20.2788647181321,53.4411809337409,5.28302378383618,8.0545512840022,3.0064714776074,63.7930814951767,27.87247667,7.9218140975847,0.292669702163041,0.173304554383869,0.780200290672998,40.2864452525819,0.874249100201233,0.129501210616006,0.935135274797388,0.516489189642079,0.919027443217963,0.0275318886296038,0.607516919119845,2.89,2.84,2.69,2,"noRScoretop_noMesoseds_deep_6","noRScoretop_noMesoseds_deep"
"399",-6.22431177508592,19.6674733726172,28.0922331186585,32.8512125283383,47.485415766547,61.8044180767229,20.5966554149293,10.7119960507018,13.4707973877848,10.2888220906125,26.2480886224003,20.3512330879527,53.3279052202859,5.24338189366346,8.07528348182403,3.01359138277102,63.7924116160884,27.8775413406115,7.89598133137882,0.289902987190581,0.174089174459864,0.788674172333049,39.7969680253381,0.876810714,0.129494291243071,0.936080481799028,0.516982447514737,0.920555430342412,0.010142182,0.607533069623976,2.86,2.85,2.666,1,"noRScoretop_noMesoseds_deep_7","noRScoretop_noMesoseds_deep"
"400",-6.227426774,21.0222380743914,28.0944629434524,32.8218318470706,47.41705031,61.8001325471613,20.3882911,11.3040558976696,13.4719744386369,10.5452954533599,26.24833924,20.2625513980771,53.3335550216469,5.37292692910141,8.08738464206691,3.01363585823971,63.8639131604529,27.8718912041735,7.89895716307677,0.291066139395742,0.173304554383869,0.735358649761732,39.4233871275753,0.877395555364356,0.124271894980092,0.920407748067224,0.516410708107063,0.920580002545853,0.0104168753529835,0.607519970687581,2.81,2.88,2.775,2,"noRScoretop_noMesoseds_deep_8","noRScoretop_noMesoseds_deep"
"401",-4.99189713477873,19.623302035868,30.5822664757428,32.81749106,64.6662997782663,52.7037203731786,20.4451788305227,9.38066569811533,11.6382253160353,10.5077905818872,31.6201595950342,20.2770712910801,55.0643968569585,6.72238001358491,9.14507520906704,3.0471322707161,74.2439693849148,16.9701679421125,6.26207122511402,0.125051747821792,1.93212785685043,0.800452365336479,38.6141029643656,0.0723747327966924,0.198142774360772,0.927405425779029,0.806157077831586,0.189659339286101,0.00887155509560081,0.768925720257172,2.49,2.97,2.838,2,"noRScoretop_noMesoseds_deep_9","noRScoretop_noMesoseds_deep"
"402",-6.23532263838541,19.6588272580255,28.049123786409,32.82304758,47.4188806503887,61.5278583576577,20.3882911,10.6627081646865,13.5152401627542,10.5461315986174,26.5472857500919,20.2990153323901,53.3296439510251,6.20729654316188,8.06672232038543,3.01384327851845,63.8598403784723,27.872960957083,7.96001343095484,0.289680424174892,0.166526275026088,0.746561292995164,40.1296835777113,0.124935992812221,0.130813620923901,0.906468390663084,0.325433844006702,0.919249731794446,0.010142182,0.606408083937598,2.5,3.02,2.659,1,"noRScoretop_noMesoseds_deep_10","noRScoretop_noMesoseds_deep"
"403",-6.23532263838541,19.6588272580255,28.049123786409,32.7041315801183,47.4170489005327,61.5305115603006,20.3882911,10.6627081646865,13.4431620636845,10.5478231452073,26.5472857500919,20.2983006645437,53.3296439510251,6.20758046546719,8.06672232038543,3.01384327851845,63.8602681198254,27.9180625642609,7.96179602841195,0.291036896490417,0.166526275026088,0.746561292995164,40.1296835777113,0.13030686278918,0.130813620923901,0.907003518720183,0.332159349652304,0.920557852625349,0.010142182,0.605715142344437,2.5,3.02,2.661,1,"noRScoretop_noMesoseds_deep_11","noRScoretop_noMesoseds_deep"
"404",-6.2294728247344,21.1706962232751,28.0945657923367,32.8245479217474,47.417035506084,61.8100555709388,20.3882911,11.2657950802239,13.4919748392091,10.2962172472629,26.24833924,20.2986506466386,53.3281905732317,6.207301314,8.05628671898748,3.00898932590543,63.7962280430419,27.8775580972495,7.89689841663711,0.291066139395742,0.165410219442296,0.73742869650447,40.3286370325455,0.371410345032471,0.129517264422708,0.919575278692273,0.309208101779351,0.90975137070551,0.0101525164178181,0.659657772738024,2.52,3.04,2.664,2,"noRScoretop_noMesoseds_deep_12","noRScoretop_noMesoseds_deep"
"405",-6.43943467570176,19.9210360929641,28.082843249959,35.7570610126037,47.1415362695676,48.4925000869183,18.9765505681615,11.2291169063508,9.86845120743457,10.4933479885418,34.5945453619407,15.3926210493994,61.4059213748698,6.81238843063174,8.74336609271868,3.60994939122497,63.3150906162769,16.9123546768719,5.56805331900063,0.638627764782487,1.37969547855467,1.07969319467235,16.0713568991835,0.646744067352903,0.195635214493935,0.920709526536041,0.486073255950448,0.981778957194572,0.0158030326172365,0.813499893062956,2.27,3.07,6.32,1,"noRScoretop_noMesoseds_deep_13","noRScoretop_noMesoseds_deep"
"406",-6.42149542048543,19.6898263324972,28.075900540677,32.8344022320696,47.4170689826638,61.5247494375374,20.3882911,10.6583082205693,13.4728060082515,10.5019640732895,26.24833924,20.2607989377787,53.3293754339959,6.207301314,8.06154091170924,3.01239517358413,63.8574155977734,27.8785915084713,7.92220246037093,0.290073360163966,0.165747737079234,0.738124369692861,39.7940737468469,0.876810714,0.144922649750538,0.935849574662114,0.515922334933382,0.920552229,0.010142182,0.607519970687581,2.52,3.07,2.642,1,"noRScoretop_noMesoseds_deep_14","noRScoretop_noMesoseds_deep"
"407",-6.42149542048543,19.6898263324972,28.0759127112518,32.8344022320696,47.418021525974,61.8011565376857,20.3885124550989,10.6583082205693,13.4728060082515,10.4878131463245,26.2491670573245,20.2604113241023,53.3295968390861,6.207301314,8.06154091170924,3.01239517358413,63.8574155977734,27.8785915084713,7.91982355572858,0.290073360163966,0.165497622650056,0.731939112192702,39.7940737468469,0.876810714,0.144901736938184,0.935849574662114,0.515922334933382,0.920552229,0.00995916777272795,0.605750648041521,2.52,3.08,2.648,1,"noRScoretop_noMesoseds_deep_15","noRScoretop_noMesoseds_deep"
"408",-6.29514373297424,19.9210360929641,27.4505833889193,35.7570610126037,47.1415362695676,48.4801239667264,18.9765043275654,11.2291169063508,9.86845120743457,10.4933243856115,34.7600271565728,15.3926210493994,61.2398415461218,6.80571742247027,8.77934113907641,3.59859231846553,63.3150906162769,16.9160878570371,5.56805331900063,0.294228618255357,1.37969547855467,1.07969319467235,16.0713568991835,0.646744067352903,0.195635214493935,0.936701345668753,0.491784608180671,0.981778957194572,0.0160575330663483,0.813499893062956,2.27,3.09,6.468,1,"noRScoretop_noMesoseds_deep_16","noRScoretop_noMesoseds_deep"
"409",-5.479655653,19.9928773936895,28.0822376048185,35.7473005471447,54.0302114343156,47.9768889536399,18.9699584233563,10.7688221814855,9.82593195440107,10.4914923480649,24.3686961904896,15.3926210493994,60.8421326494548,6.81192568538517,8.74349421503453,3.049541894,74.0891192062344,16.7266872276211,5.53274632374219,0.64744851502296,1.87838821018013,1.07969319467235,39.4710683925079,0.690779730782141,0.196063987991515,0.921294148885311,0.787499139762009,0.988632319963225,0.0278517443057775,0.813499893062956,2.28,3.1,3.998,1,"noRScoretop_noMesoseds_deep_17","noRScoretop_noMesoseds_deep"
"410",-6.2294728247344,19.6826453372313,28.0945344334772,32.7625522018532,47.4190168723772,61.8100555709388,20.3882911,11.2657950802239,13.4918384355991,10.3029814951213,26.24833924,20.2986506466386,53.3281905732317,6.207301314,8.061544118,3.00898932590543,63.7961181003032,27.8775580972495,7.89790653148422,0.291066139395742,0.165402841851418,0.73742869650447,40.1329349894412,0.371410345032471,0.129517264422708,0.919575278692273,0.309208101779351,0.909696040606076,0.0101525164178181,0.65950656646841,2.47,3.11,2.635,1,"noRScoretop_noMesoseds_deep_18","noRScoretop_noMesoseds_deep"
"411",-6.227426774,19.6918283767758,28.0925803753753,32.7625522018532,47.41705031,61.8100347634643,20.3882911,11.303051454274,13.4918384355991,10.5455700201678,26.24833924,20.2988336560573,53.3281905732317,6.207301314,8.061544118,3.00991012077695,63.7960599032792,27.8778146609831,7.922051480975,0.291066139395742,0.165402841851418,0.73729260734255,40.1329349894412,0.371410345032471,0.130276185573362,0.959798565478401,0.323911557156728,0.909696040606076,0.0101525164178181,0.65950656646841,2.46,3.14,2.628,2,"noRScoretop_noMesoseds_deep_19","noRScoretop_noMesoseds_deep"
"412",-5.479655653,19.9906683212632,28.0822376048185,35.7473005471447,54.0302114343156,47.9768889536399,18.9612491523168,10.7688221814855,9.86845120743457,16.6810697030925,34.593635603765,15.3926210493994,61.3966967993842,6.81230549066309,8.74349421503453,3.049541894,74.0891192062344,16.7248280351901,5.56468080691819,0.637662185591271,1.91557186883342,0.285635547536753,16.4052071467806,0.690779730782141,0.196063987991515,0.921493591389272,0.790957952574391,0.973693450299512,0.037098704898001,0.813499893062956,2.26,3.16,3.598,1,"noRScoretop_noMesoseds_deep_20","noRScoretop_noMesoseds_deep"
"413",-5.479655653,19.9906683212632,28.0822376048185,35.7566687752492,46.8945737246613,47.9737119419293,18.9699584233563,10.7688221814855,9.86845120743457,10.4914923480649,34.7623630508076,15.3926210493994,61.3966967993842,6.81230549066309,8.74395869448494,3.59513029088677,63.6012712203473,16.915732918816,5.56468080691819,0.647695048389801,1.91560428185575,1.07969319467235,16.0713568991835,0.690779730782141,0.196063987991515,0.921294148885311,0.783983077191346,0.0814770609538961,0.0370912814555476,0.813499893062956,2.26,3.16,5.555,1,"noRScoretop_noMesoseds_deep_21","noRScoretop_noMesoseds_deep"
"414",-4.71300826927679,19.9972108330577,28.0700394756853,35.7357253290754,53.9332701259865,47.9763964645592,18.9699584233563,10.7749853450761,9.86845120743457,10.4895087850287,34.593635603765,15.4026309709215,61.3966967993842,6.85033935222929,8.7689615777465,3.11457102021771,74.0902318456305,16.7284212131823,5.5844088398479,0.647599193139448,1.91557186883342,1.08174929428355,17.2433633166883,0.690779730782141,0.199569421183648,0.921264241939105,0.787499139762009,0.996148671112558,0.0316447832297897,0.816282150159924,2.28,3.2,3.587,1,"noRScoretop_noMesoseds_deep_22","noRScoretop_noMesoseds_deep"
"415",-5.92744031169987,19.9906683212632,28.0822376048185,32.8838751687516,53.8005460186097,47.9768889536399,19.0297017679917,10.7688221814855,9.92052172387726,10.491333683366,34.593635603765,15.3926210493994,61.3966967993842,6.81230549066309,8.74349421503453,3.05021964592915,74.0891192062344,16.7281747888679,5.54617503764966,0.64744851502296,1.91557186883342,1.07969319467235,16.0713568991835,0.690779730782141,0.196063987991515,0.920947036847261,0.499390916459487,0.06691628468484,0.0364834844384568,0.814988961000633,2.26,3.22,3.574,1,"noRScoretop_noMesoseds_deep_23","noRScoretop_noMesoseds_deep"
"416",-5.92744031169987,19.9906683212632,28.0822376048185,32.8838751687516,53.8005460186097,47.9768889536399,19.0297017679917,10.7688221814855,9.92052172387726,10.4913326442839,34.593635603765,15.3926210493994,61.3966967993842,6.81230549066309,8.74349421503453,3.05021964592915,74.0891192062344,16.7281747888679,5.54617503764966,0.64744851502296,1.91557186883342,1.07969319467235,16.0713568991835,0.690779730782141,0.196063987991515,0.920947036847261,0.499390916459487,0.06691628468484,0.0364834844384568,0.814988961000633,2.26,3.22,3.574,1,"noRScoretop_noMesoseds_deep_24","noRScoretop_noMesoseds_deep"
"417",-6.227426774,19.6919493866394,28.0879107669878,32.8224518527489,47.4171005225708,61.8001331,20.3882911,10.6615109474084,13.4961395704195,10.5003112615362,25.8199438404592,20.2983221787205,53.3206601239862,6.80508601751584,8.06683410735803,3.01203170469625,63.7938052847717,27.9116232978466,7.9573271507866,0.290998156168168,0.154805953519975,0.74653830679206,40.3104659214191,0.13033941752267,0.130817815666209,0.911739643898543,0.332799785021254,0.920652090834481,0.00929063039554797,0.609312049632176,2.38,3.22,2.698,1,"noRScoretop_noMesoseds_deep_25","noRScoretop_noMesoseds_deep"
"418",-6.42093033212956,19.6910752415126,28.0288350282862,32.9056927292105,47.41705031,61.8001331,20.3882911,11.3026536522388,13.4719744386369,10.5029606979276,26.24833924,20.2627891146605,53.32937676,6.207301314,8.06154091170924,3.01117892947274,63.79301626,27.872470024548,7.92371967280843,0.290073360163966,0.165718490650957,0.746295423436042,39.7868226135778,0.876810714,0.144922649750538,0.935849574662114,0.515922334933382,0.920552229,0.010142182,0.609192512666204,2.49,3.22,2.619,1,"noRScoretop_noMesoseds_deep_26","noRScoretop_noMesoseds_deep"
"419",-5.92744031169987,19.9859244641537,28.0823793078561,32.8838751687516,53.7109501451413,48.0536482074189,19.0297017679917,10.7744052920677,9.92052172387726,10.491333683366,34.6236944194066,15.3926210493994,61.3966967993842,6.81230549066309,8.74674078261649,3.076975813329,74.0891192062344,16.5568238606905,5.24914840323194,0.638075765003178,1.90880798214082,1.07969319467235,16.0713568991835,0.690779730782141,0.196063987991515,0.920947036847261,0.502668282551856,0.06691628468484,0.031233127844436,0.816723208229615,2.26,3.24,3.527,1,"noRScoretop_noMesoseds_deep_27","noRScoretop_noMesoseds_deep"
"420",-5.479655653,19.9906683212632,27.5251475071664,35.757271238111,54.0302114343156,47.9768889536399,18.948805381217,11.2270264459586,9.86845120743457,10.4915224863541,34.5932409808955,15.3926210493994,61.3966967993842,6.81230549066309,8.74349421503453,3.049541894,74.0891192062344,16.7229460336798,5.56784732845621,0.647665161382911,1.91557186883342,1.07969319467235,16.0713568991835,0.690779730782141,0.19607632318848,0.921294148885311,0.787499139762009,0.06691628468484,0.0371104085321763,0.813499893062956,2.28,3.27,3.51,1,"noRScoretop_noMesoseds_deep_28","noRScoretop_noMesoseds_deep"
"421",-5.479655653,19.9906683212632,28.0822376048185,35.7473005471447,53.9979555835089,47.6526729307412,19.0331612133193,10.7782277209235,9.86845120743457,10.4914923480649,34.5959493253714,15.3926210493994,61.3966967993842,6.81319286310913,8.74349421503453,3.049541894,74.0891192062344,15.6213531704798,5.50264649169991,0.645582906086813,1.91557186883342,1.07969319467235,15.7785516744789,0.690779730782141,0.196063987991515,0.921348772012735,0.786830942885912,0.0562841135521648,0.0175566066827438,0.813499893062956,2.28,3.32,3.513,1,"noRScoretop_noMesoseds_deep_29","noRScoretop_noMesoseds_deep"
"422",-5.60827494821371,19.6578868569861,28.0288149063114,32.9075247146707,47.4188806503887,61.5278583576577,20.3882911,11.2735101310363,13.5936198635582,10.5440265534775,25.8176502556835,20.2990948376948,53.3295348861298,6.8133124865214,8.09535656270638,3.01384327851845,63.8598403784723,27.8718955129233,7.96025784967032,0.29103710738348,0.148111198283702,0.746561292995164,39.427805911688,0.126323343585782,0.129453283976913,0.905245879449246,0.326688990698807,0.920552229,0.010142182,0.606583512875159,2.33,3.33,2.801,1,"noRScoretop_noMesoseds_deep_30","noRScoretop_noMesoseds_deep"
"423",-5.60827494821371,19.6585356318491,28.0752595129297,32.9075247146707,47.4188806503887,61.5278583576577,20.3882911,11.2732893325876,13.5894645676776,10.5440147694264,25.8157181913898,20.2990948376948,53.3295348861298,6.81896634420148,8.09535656270638,3.01384327851845,63.8598403784723,27.8718955129233,7.96025784967032,0.29103710738348,0.148111198283702,0.747073228066751,39.4215815892977,0.126323343585782,0.145428799137884,0.905245879449246,0.326688990698807,0.920552229,0.010142182,0.606583512875159,2.33,3.34,2.802,1,"noRScoretop_noMesoseds_deep_31","noRScoretop_noMesoseds_deep"
"424",-6.28891870725827,19.6578868569861,28.0288149063114,32.9075247146707,47.4169439032737,61.5278583576577,20.3882911,11.2735117302215,13.5932293437067,10.5440265534775,25.8176502556835,20.2991028209435,53.3295330917301,6.8133124865214,8.09455811723629,3.01384327851845,63.8599128247981,27.8718955129233,7.89611127515167,0.291052824972067,0.148402593662443,0.746561292995164,39.427805911688,0.126323343585782,0.129450966000389,0.905245879449246,0.326688990698807,0.920552229,0.010142182,0.606595285979926,2.34,3.36,2.766,1,"noRScoretop_noMesoseds_deep_32","noRScoretop_noMesoseds_deep"
"425",-6.28891870725827,19.6578868569861,28.0288149063114,32.9075247146707,47.4170095491248,61.5278583576577,20.3882911,11.2736393471844,13.5932454727471,10.5440265534775,25.8176502556835,20.299605157216,53.3293757322983,6.8133124865214,8.09451994221949,3.01384327851845,63.8639958687233,27.8718955129233,7.89611127515167,0.291052824972067,0.148402593662443,0.746561292995164,39.427805911688,0.126323343585782,0.129328086792784,0.905245879449246,0.326688990698807,0.920552229,0.010142182,0.606595285979926,2.34,3.36,2.766,1,"noRScoretop_noMesoseds_deep_33","noRScoretop_noMesoseds_deep"
"426",-6.227426774,19.6919493866394,28.0882271732408,32.8229734508171,47.4171005225708,61.5195830959843,20.3882911,11.3066032582779,13.5953417261631,10.5431771119571,25.8199438404592,20.2991985089499,53.4686953936168,6.78297367965975,8.05927006131712,3.01212802283376,63.794337963384,27.9122250947854,7.95556006733012,0.290998156168168,0.154997519262598,0.721661085561693,40.2805712458683,0.181178641807228,0.130817815666209,0.519400843319938,0.326800315439675,0.920652090834481,0.00932239007723192,0.606620183180638,2.36,3.36,2.674,1,"noRScoretop_noMesoseds_deep_34","noRScoretop_noMesoseds_deep"
"427",-6.22909530590499,19.6583430749129,28.028896286951,32.9089188103837,47.4170095491248,61.5290296223916,20.3882911,11.3050086447523,13.5932454727471,10.5007096095998,25.8199428148746,20.2992597643673,53.3293757322983,6.8133124865214,8.09451994221949,3.01156397904769,63.8639958687233,27.8726854889417,7.89428557025954,0.291052824972067,0.154813157799739,0.74735961371062,40.268626491418,0.134693617528766,0.129307645265243,0.508683234121042,0.332826698068044,0.920552229,0.0101250560579002,0.609213906500555,2.35,3.39,2.67,1,"noRScoretop_noMesoseds_deep_35","noRScoretop_noMesoseds_deep"
"428",-13.3476697649629,18.6054931147459,28.479038799124,32.950963304387,58.25312386,51.9748326472476,22.8763895945768,13.0134455467125,13.2317153764263,10.2832672226082,39.5565692433961,17.9210084647941,67.9810141703415,6.84654737048099,8.11954746723866,3.822166214,73.2502621480394,17.4466153066724,5.50633557193021,0.288390338385154,1.33349559831121,0.738905186551573,18.9583858458618,0.663862809203773,0.199703846013502,0.538540148125117,0.784750058036181,0.931361126225291,0.0311921662366418,0.571509823788218,2.28,3.55,3.328,1,"noRScoretop_noMesoseds_deep_36","noRScoretop_noMesoseds_deep"
"429",-13.3476697649629,18.6054931147459,28.4976824366758,32.950963304387,58.25312386,51.9748326472476,22.8763895945768,12.9600246733673,13.2317153764263,10.2254832541418,39.5565692433961,17.9192289227752,67.9810141703415,6.81918565313604,8.11954746723866,3.822166214,73.2502621480394,17.4466153066724,5.50633557193021,0.288390338385154,1.33349559831121,0.738905186551573,18.9584177687284,0.66386828170606,0.199703846013502,0.636966149546067,0.784750058036181,0.931378959451971,0.0311921662366418,0.571466719443978,2.28,3.56,3.318,1,"noRScoretop_noMesoseds_deep_37","noRScoretop_noMesoseds_deep"
"430",-13.3438519987202,18.6054931147459,28.477624149169,32.950963304387,58.25312386,51.9748326472476,22.8763895945768,12.9600246733673,13.218901344058,10.249680124451,39.5565692433961,17.9209743661337,67.9810141703415,6.81918565313604,8.11954746723866,3.822166214,73.2502621480394,17.4466153066724,5.50633557193021,0.289240148321494,1.33349559831121,0.738905186551573,18.9584177687284,0.66386828170606,0.199703846013502,0.636966149546067,0.785258366838607,0.931378959451971,0.0311921662366418,0.571466719443978,2.28,3.56,3.318,1,"noRScoretop_noMesoseds_deep_38","noRScoretop_noMesoseds_deep"
"431",-13.3476697649629,18.6054931147459,28.4977374505543,32.950963304387,58.25312386,51.9748326472476,22.8763895945768,12.9600246733673,13.2182326019008,10.2420622840453,39.5565692433961,17.9192289227752,67.9810141703415,6.81918565313604,8.11954746723866,3.822166214,73.012886750459,17.4466153066724,5.52281464855784,0.632324682747887,1.33349559831121,0.738905186551573,18.9584177687284,0.66386828170606,0.199703846013502,0.636966149546067,0.784750058036181,0.931378959451971,0.0311921662366418,0.571466719443978,2.28,3.6,3.34,1,"noRScoretop_noMesoseds_deep_39","noRScoretop_noMesoseds_deep"
"432",-13.3476697649629,18.6054931147459,28.4977374505543,32.950963304387,58.25312386,51.9748326472476,22.8763895945768,12.9600246733673,13.2182326019008,10.2178256242395,39.5565692433961,17.9192289227752,67.9810141703415,6.81918565313604,8.11954746723866,3.822166214,73.0129222514076,17.4426625231247,5.52280869813769,0.654077540838934,1.33349559831121,0.738905186551573,18.9584177687284,0.66386828170606,0.199703846013502,0.636966149546067,0.784741936974192,0.931378959451971,0.0311921662366418,0.571466719443978,2.28,3.6,3.344,1,"noRScoretop_noMesoseds_deep_40","noRScoretop_noMesoseds_deep"
"433",-6.22744471926959,18.4069880972837,28.0926508807381,32.8162128986693,47.4170356434984,61.5572686656282,20.3882911,11.3017266242316,13.5172857132148,10.4992992270054,25.7247811815269,20.2455583095447,53.444370836965,6.78667942216967,8.10857809618732,3.01573592130299,63.8611595943412,27.8652191838264,7.89656610035347,0.292502924993854,0.147277389578781,0.746549411202576,39.4266415484928,0.430521759313739,0.203282367457285,0.92608975343597,0.510934378276997,0.934533812505225,0.0090959780479021,0.610804323047927,2.33,3.67,2.667,1,"noRScoretop_noMesoseds_deep_41","noRScoretop_noMesoseds_deep"
"434",-14.8263149378395,18.6054931147459,28.4976824366758,32.950963304387,58.25312386,51.9748326472476,22.8763895945768,12.9600246733673,13.2317153764263,10.2254832541418,39.5565692433961,17.9192289227752,67.9810141703415,6.81918565313604,8.11954746723866,3.822166214,73.2502621480394,17.4466153066724,5.50633557193021,0.288390338385154,1.33349559831121,0.738905186551573,18.9584177687284,0.66386828170606,0.199703846013502,0.636966149546067,0.784750058036181,0.931378959451971,0.0311921662366418,0.571466719443978,2.27,3.72,3.383,1,"noRScoretop_noMesoseds_deep_42","noRScoretop_noMesoseds_deep"
"435",-13.5753821684483,18.6054931147459,28.4780351235859,32.950963304387,58.25312386,51.9748326472476,22.8763895945768,13.01296143,13.2189978,8.9578799061764,39.5565692433961,17.92100693,67.9810141703415,6.81918565313604,8.11954746723866,3.822166214,73.0168804609336,16.7242352059975,5.52246782067296,0.650284192852823,1.33349559831121,0.738905186551573,18.9584177687284,0.66386828170606,0.199709108067407,0.636966149546067,0.785237333025823,0.0641091612133911,0.0312910606798457,0.571466719443978,2.28,3.95,3.191,1,"noRScoretop_noMesoseds_deep_43","noRScoretop_noMesoseds_deep"
"436",-6.3418353237464,19.6555281181594,28.4976734972953,32.9075247146707,47.2585943819817,61.5278583576577,20.3882911,12.9466224593545,13.5936198635582,10.2288970253127,25.1153687985715,20.2843934763137,53.3295348861298,6.8133124865214,8.09539517328959,3.01384327851845,63.8598403784723,28.0535675077612,7.96025784967032,0.29103710738348,0.162342134828806,0.746240604406914,39.427805911688,0.126323343585782,0.129453283976913,0.905245879449246,0.326688990698807,0.920552229,0.010142182,0.570488458276923,2.31,3.98,2.866,2,"noRScoretop_noMesoseds_deep_44","noRScoretop_noMesoseds_deep"
"437",-14.3963156699843,18.6054931147459,28.4780351235859,32.950963304387,58.25312386,51.9748326472476,22.8763895945768,13.01296143,13.2189978,8.98211656598216,39.5565692433961,17.92100693,67.9810141703415,6.81918565313604,8.11954746723866,3.822166214,73.0168449599851,16.7281879895452,5.5224737710931,0.628531334761776,1.33349559831121,0.738905186551573,18.9584177687284,0.66386828170606,0.199709108067407,0.636966149546067,0.785245454087812,0.0641091612133911,0.0312910606798457,0.571466719443978,2.28,3.99,3.272,1,"noRScoretop_noMesoseds_deep_45","noRScoretop_noMesoseds_deep"
"438",-14.1283640594884,18.6154200885702,28.4780351235859,36.5574763969852,58.25312386,51.9748326472476,22.8763895945768,13.01296143,13.2174691463199,12.0684574089337,39.5565692433961,17.92100693,67.9810141703415,6.84655890528965,8.11978205387182,3.822166214,73.014306354497,16.7242352059975,5.52246782067296,0.650284192852823,1.33349559831121,0.747920102728413,18.9002192933027,0.666767469041147,0.199709108067407,0.538754675065791,0.78460640467831,0.951214121234019,0.031236289647484,0.298420692680641,2.27,4.26,3.297,1,"noRScoretop_noMesoseds_deep_46","noRScoretop_noMesoseds_deep"
"439",-14.3242268942961,18.6154200885702,28.4966787611376,36.5574763969852,58.25312386,51.9748326472476,22.8763895945768,12.9595405566547,13.2174691463199,12.0106734404674,39.5565692433961,17.9192273879812,67.9810141703415,6.81919718794469,8.11978205387182,3.822166214,73.014306354497,16.7242352059975,5.52246782067296,0.650284192852823,1.33349559831121,0.747920102728413,18.9002512161693,0.666772941543434,0.199709108067407,0.637180676486742,0.78460640467831,0.951231954460699,0.031236289647484,0.298377588336489,2.27,4.28,3.327,1,"noRScoretop_noMesoseds_deep_47","noRScoretop_noMesoseds_deep"
"440",-6.22744471926959,18.4069880972837,28.0934733680269,32.8155796508468,47.41705031,61.5572686656282,20.3882911,12.9917620966778,13.4916322526829,10.4992992270054,25.7247279503628,20.2455583095447,53.3307578193175,6.78763064252048,8.06107507839878,3.01025090253908,63.7947705834958,27.348205745882,7.89656610035347,0.292510875965849,0.147277389578781,0.742378224294772,39.4266415484928,0.370086334827131,0.199855013436369,0.958303570051589,0.522212182737414,0.934008775309343,0.02821353263362,0.610804323047927,2.31,4.34,2.672,1,"noRScoretop_noMesoseds_deep_48","noRScoretop_noMesoseds_deep"
"441",-2.24895042195425,23.069476501187,33.0163501260294,33.3259147071256,70.7617184925491,49.2193657491121,20.5024322981614,14.6069285643603,12.9397595184169,5.71442620029283,43.6676990479434,12.5631650412123,59.8888027807895,5.77664317952159,7.95005062306733,3.92333485425652,72.4650523700004,21.2641369028792,4.30702936928475,0.732538708953977,0.147849191248819,0.394086660611149,19.6472464406453,1.18215339727004,0.139697741385115,0.757372142943719,0.710071586710217,0.944766430233975,0.0537963089600912,0.318888707404022,2.46,2.91,3.926,1,"noRScoretop_noMesoseds_2over3under10_sst_1","noRScoretop_noMesoseds_2over3under10_sst"
"442",-4.46020655706292,23.0697137062456,32.5413439685408,39.3452201610407,70.8440571466888,49.1223672535959,21.0629176665789,14.5270691502999,9.97549232848981,10.833859369958,43.6676990479434,12.5631650412123,62.678887346131,5.78860394719002,8.42779711796935,3.91541481107742,74.3034525469204,18.0905283738833,4.0167330743683,0.72024323578754,0.151095975307616,0.815455386214254,20.0726073572001,1.18050191295612,0.139741091094563,0.756331202939523,0.683104886202506,0.97413715865234,0.0199511255088243,0.327573804411293,2.41,2.92,3.981,1,"noRScoretop_noMesoseds_2over3under10_sst_2","noRScoretop_noMesoseds_2over3under10_sst"
"443",-4.44250504185872,23.069476501187,33.0243850530568,39.3341462595085,70.7562176987201,49.2193734460375,21.0629176665789,14.526887352358,10.1482677730286,10.8348039690835,43.6676990479434,12.579581838342,62.6955747781712,5.78860394719002,8.42833066981849,3.91535550083671,74.3036316476343,18.0844496227993,4.01124971788396,0.659577996811233,0.153133137931555,0.890895692153076,20.0062560053002,1.1805331764796,0.137766767832815,0.761040484703237,0.679401176696384,0.96975755883574,0.0201910789903297,0.318556415470165,2.43,2.92,3.964,1,"noRScoretop_noMesoseds_2over3under10_sst_3","noRScoretop_noMesoseds_2over3under10_sst"
"444",-2.29992232457355,23.069476501187,33.0163501260294,33.3259147071256,70.756823770364,49.2193734460375,20.5210225169367,14.6069285643603,12.9397595184169,5.71442620029283,43.6676990479434,12.5631650412123,59.7684759554785,5.77664317952159,8.44397363682569,3.92333485425652,72.3678405141926,21.272867033946,4.23638863560683,0.732538708953977,0.147849191248819,0.394086660611149,19.6472464406453,1.18215339727004,0.139697741385115,0.757372142943719,0.683198232737409,0.944766430233975,0.0537963089600912,0.318888707404022,2.45,2.93,3.926,1,"noRScoretop_noMesoseds_2over3under10_sst_4","noRScoretop_noMesoseds_2over3under10_sst"
"445",-4.43980913131044,23.0917753832301,33.0121467521491,39.3342722781776,70.7534094906276,49.0846242187414,21.0629176665789,14.526887352358,10.1732206494748,10.8348039690835,43.6676990479434,12.558263485116,62.6809694254819,5.7853070583094,8.42779711796935,3.91541481107742,74.3034296603053,18.0909315785352,4.08704926914259,0.719864179834965,0.144540598421552,0.890906193716961,20.0697829113764,1.1805331764796,0.139671446293649,0.757517501474048,0.681186832779165,0.884321898822337,0.0201910789903297,0.318894779394184,2.43,2.94,3.937,1,"noRScoretop_noMesoseds_2over3under10_sst_5","noRScoretop_noMesoseds_2over3under10_sst"
"446",-3.56418337508904,23.09125563,32.5591263145529,39.2088064646175,70.5084128083564,55.095324331918,21.3048477774137,14.5077466358416,12.735335834808,10.8616146516262,43.6676990479434,15.9016787371849,62.882038774459,5.78860394719002,8.06918542080808,3.89936096888681,74.2949615507199,18.0981267258767,3.956086732,0.649039704249259,0.0917109650915783,0.813342466479553,20.0055930383721,1.18962682243512,0.104495078251742,0.613200762031875,0.267664078655212,0.950330400408424,0.0211599806465153,0.389620351312232,2.4,2.95,3.096,1,"noRScoretop_noMesoseds_2over3under10_sst_6","noRScoretop_noMesoseds_2over3under10_sst"
"447",-4.46020655706292,22.8358822958491,33.0053455165226,39.3341462595085,70.756823770364,49.2193734460375,21.0629176665789,14.512649173309,10.1752136396356,10.8348039690835,43.6676990479434,12.5631650412123,62.6809694254819,5.71538558942149,8.42779711796935,3.91541481107742,74.3033939161308,18.0909315785352,5.24078238024529,0.719864179834965,0.153133137931555,0.890895692153076,20.0726073572001,1.09713374596141,0.139741091094563,0.758761340279507,0.679401176696384,0.978537962504494,0.00171251425994556,0.436372089765644,2.44,2.95,3.772,1,"noRScoretop_noMesoseds_2over3under10_sst_7","noRScoretop_noMesoseds_2over3under10_sst"
"448",-4.71358816486581,24.9960766399212,30.8641667167339,33.337759739489,64.5302842999272,49.3039157,21.37463526,12.6909429685361,10.8536032443879,5.77879042993031,28.9218442313297,12.4902322479977,63.2848222343933,6.71572881658844,7.95534923618817,3.12755966234292,72.4602557293617,21.2640776564376,5.67124441797009,0.861992965421502,0.147842514436341,0.877227008105496,38.3966741221322,1.00154453806209,0.138083630764185,0.791620480362673,0.26886389250936,0.94303013126245,0.00690854429435398,0.623470272138784,2.33,2.97,4.108,1,"noRScoretop_noMesoseds_2over3under10_sst_8","noRScoretop_noMesoseds_2over3under10_sst"
"449",-4.45999079452626,23.067486546607,32.8016061284944,39.3341462595085,70.756823770364,49.2198895934362,21.0629176665789,14.526887352358,12.4815837525249,10.8635094942932,43.6676990479434,12.6942138996026,62.6809694254819,5.71796202918572,8.4248708161259,3.92303002656106,74.3033939161308,18.0909315785352,4.01265673145682,0.546011356974313,0.153133137931555,0.048388990894518,20.0720887539742,1.1805331764796,0.138389801592963,0.757517501474048,0.677043335206024,0.878988811453484,0.0202022716478743,0.318894779394184,2.37,2.98,3.901,1,"noRScoretop_noMesoseds_2over3under10_sst_9","noRScoretop_noMesoseds_2over3under10_sst"
"450",-4.47118503466223,24.9960766399212,30.8641667167339,39.2616384657817,64.5302842999272,49.3039157,21.37463526,12.7033232134388,10.8536032443879,11.2142249088577,28.9218442313297,12.5143642311116,63.2848222343933,6.71572881658844,7.95534923618817,3.13920268289146,72.4619311184912,21.2766875408151,4.00687383279144,0.710629804288201,0.147842514436341,0.378362335906632,38.0872496299031,1.00151452210564,0.138956774403462,0.792886082425713,0.282819573851605,0.949406904970624,0.00692729993279526,0.623470272138784,2.33,2.99,4.014,1,"noRScoretop_noMesoseds_2over3under10_sst_10","noRScoretop_noMesoseds_2over3under10_sst"
"451",-4.45997975656445,23.0908439709562,32.6083099097795,39.3347030816504,70.7566762816707,49.2193734460375,21.0629176665789,14.526887352358,10.3009861448582,10.8352217192508,43.6676990479434,12.5268173185368,62.6814353714004,5.78469579464235,8.4284664242453,3.91541481107742,74.3033939161308,18.0886366766175,3.95816637837816,0.64797236471909,0.453233766086143,0.893486578462097,20.0726073572001,1.18930559015739,0.137623118520296,0.766037774236507,0.683289008391913,0.828073943162811,0.0201910789903297,0.327236366219524,2.36,2.99,3.876,1,"noRScoretop_noMesoseds_2over3under10_sst_11","noRScoretop_noMesoseds_2over3under10_sst"
"452",-4.45999079452626,23.0630389324759,32.8016061284944,39.3341462595085,70.7434005257396,49.0862881461582,21.0621656212627,14.5269143119952,12.4868490534652,10.986591329324,43.6676990479434,12.7133851320845,62.6809694254819,5.71796202918572,8.45866434639552,3.92303002656106,74.4284216603599,18.0909315785352,4.01265673145682,0.545630061749119,0.153133137931555,0.048388990894518,20.0726073572001,1.17929174987566,0.138389801592963,0.751188488207412,0.326965369073028,0.826545291485356,0.0202022716478743,0.318894779394184,2.37,3,3.861,1,"noRScoretop_noMesoseds_2over3under10_sst_12","noRScoretop_noMesoseds_2over3under10_sst"
"453",-4.45999079452626,23.090731562777,32.9812346469581,39.3047293155366,70.756823770364,49.4452495295224,21.0629176665789,14.6342374830357,12.5365320537673,14.4018706481534,43.6676990479434,12.819346272297,62.7159609659197,5.71796202918572,8.42676608281647,3.9233081969583,74.3034326488221,18.0909315785352,5.6327178703904,0.673287190613063,0.457573662392283,0.048388990894518,20.0720691003284,1.18056351552724,0.138389801592963,0.76405636009679,0.29805252135686,0.87863968876088,0.0257517647071548,0.48590945664308,2.37,3.01,3.525,1,"noRScoretop_noMesoseds_2over3under10_sst_13","noRScoretop_noMesoseds_2over3under10_sst"
"454",-4.16454455924527,23.0334047712283,32.775387752599,39.2521492885413,71.2652102908777,55.0912606030131,21.0455423651389,14.5247675585637,12.7698263903631,10.8347232962259,43.6572896377847,15.8997759484344,62.882038774459,5.77614906826487,8.45931429989593,3.91804743296877,74.3152826175877,18.72496733,3.956086732,0.568938708361111,0.155711630410537,1.12878677351185,20.0161794926278,1.18958495687305,0.105197327230615,0.610480853013809,0.325328714284379,0.883519892995355,0.0634727462969523,0.318404781242484,2.37,3.04,3.353,1,"noRScoretop_noMesoseds_2over3under10_sst_14","noRScoretop_noMesoseds_2over3under10_sst"
"455",-4.16454455924527,23.0620756878008,32.7004472787586,39.3623557570504,71.2652102908777,55.0912606030131,21.0455423651389,14.5247675585637,12.7698263903631,10.8347232962259,43.6676990479434,15.8997759484344,62.882038774459,5.77614906826487,8.45931429989593,3.91804743296877,74.3152826175877,18.72496733,3.956086732,0.568938708361111,0.39603895020914,1.12878677351185,20.0161794926278,1.18958495687305,0.105197327230615,0.610480853013809,0.323865648797128,0.87923567645777,0.0653885471620687,0.327511836969987,2.37,3.05,3.339,1,"noRScoretop_noMesoseds_2over3under10_sst_15","noRScoretop_noMesoseds_2over3under10_sst"
"456",-4.207337089,23.09125563,32.5434472254822,39.3450079515199,70.4721839592553,55.0621765339006,21.0629176665789,14.6217458182446,12.7384109143839,10.9525625706134,43.6676990479434,15.9626964469619,62.970711143127,5.81356391661827,7.77214455372256,3.89936164392356,74.3007461503546,18.109720813043,3.956086732,0.656816069656666,0.443953678600159,0.813342466479553,20.1642869684414,1.18962682243512,0.13358246168169,0.610480853013809,0.68329136517845,0.963205550830996,0.0199536682730532,0.327511836969987,2.37,3.07,3.399,1,"noRScoretop_noMesoseds_2over3under10_sst_16","noRScoretop_noMesoseds_2over3under10_sst"
"457",-3.81345956051141,22.5352197476636,32.5833457629668,39.3450143312868,70.6930952673483,55.0607638210592,21.0627965576957,14.5270657783536,12.8537171097588,10.8615233684441,43.7979679949769,15.8993708169385,62.882038774459,5.78860394719002,8.04739024633386,3.90935100164077,74.3008542738297,18.7199522164827,3.956086732,0.648658527485072,0.385696241972149,0.800108797832642,20.0055930383721,1.18941929094347,0.132680095295258,0.610480853013809,0.6628449126225,0.965512305312939,0.0206717918670748,0.295290996897161,2.38,3.07,3.231,1,"noRScoretop_noMesoseds_2over3under10_sst_17","noRScoretop_noMesoseds_2over3under10_sst"
"458",-4.20855680977764,23.0912264977415,33.0226342758512,39.3444511293779,70.7852319063477,56.5816261576982,21.0629176665789,14.5270679325124,12.7327077134854,10.8611969014588,43.6676990479434,16.8556809692952,62.6948915746569,6.01861356769746,8.39447912706982,3.89953566469366,74.292789048127,17.8217278669366,4.01111418161032,0.660405207845228,0.126152715819326,0.810755450991534,20.0055930383721,1.16266214890596,0.139736302829866,0.613200762031875,0.683457681196767,0.962471605142294,0.0203848579557881,0.32735172751638,2.31,3.08,3.389,1,"noRScoretop_noMesoseds_2over3under10_sst_18","noRScoretop_noMesoseds_2over3under10_sst"
"459",-4.20833000927917,23.09125563,33.0232650441214,39.3450079515199,70.7850844176544,56.5816261576982,21.0629176665789,14.5270679325124,12.7327077134854,10.8616146516262,43.6676990479434,16.846023699302,62.6948915746569,6.01470541514979,8.39568663183765,3.89953566469366,74.3033256719831,17.8194329650188,4.01616258803053,0.660031961932035,0.157629928037526,0.813342466479553,20.0082788234979,1.17976065161368,0.137618330255599,0.601818464749998,0.68329136517845,0.962471605142294,0.0203848579557881,0.327233547644073,2.31,3.09,3.38,1,"noRScoretop_noMesoseds_2over3under10_sst_19","noRScoretop_noMesoseds_2over3under10_sst"
"460",-4.21334981374252,23.09125563,33.0193219830722,39.3450079515199,70.7850133840983,56.5816261576982,21.0629176665789,11.100437296431,12.4427380852423,10.8616073604987,43.6676990479434,16.8192323467785,62.6944732177366,6.0177398821628,8.39514843334577,3.89953154184658,74.293031411705,18.1224098659164,5.65909389832041,0.66039313543505,0.443855723571327,0.813342466479553,20.0055930383721,1.18979103394256,0.137577972856893,0.610350500836576,0.68329136517845,0.963260312293336,0.0203848579557881,0.327228102194395,2.38,3.09,3.101,1,"noRScoretop_noMesoseds_2over3under10_sst_20","noRScoretop_noMesoseds_2over3under10_sst"
"461",-4.26299734504296,23.1243792226393,33.0232650441214,37.8603138178466,70.4788695053406,55.0804114841367,21.0629176665789,11.2029282646013,12.4487887793582,10.8615250398151,43.6676990479434,16.8192376565201,62.8806802951756,6.01375531635026,8.39514843334577,3.89935925996812,74.3005870838981,18.1174843323224,5.65626392802794,0.887277772864579,0.443937447919537,0.813342466479553,20.0055930383721,1.16154715649492,0.137618330255599,0.613200762031875,0.676660224255655,0.883257340334721,0.0203618118072871,0.327501433506968,2.43,3.09,2.917,1,"noRScoretop_noMesoseds_2over3under10_sst_21","noRScoretop_noMesoseds_2over3under10_sst"
"462",-4.21006519033679,23.0905474516474,33.0232650441214,39.3497502690226,70.4687339253397,54.8548989919917,21.0629176665789,11.0882783458122,12.4487887793582,10.8622655529872,43.6676990479434,16.8195757610555,62.6948915746569,6.01470541514979,8.39514843334577,3.89953566469366,74.292789048127,17.7978186132061,5.66197215207286,0.887277772864579,0.443964915584181,0.813342466479553,20.0055930383721,1.16240751313298,0.137618330255599,0.613200762031875,0.683104083607165,0.883257340334721,0.0203848579557881,0.327237168972336,2.43,3.09,2.946,1,"noRScoretop_noMesoseds_2over3under10_sst_22","noRScoretop_noMesoseds_2over3under10_sst"
"463",-4.207337089,22.5352197476636,32.5833457629668,39.3450143312868,70.6930952673483,55.0607638210592,21.0627965576957,14.5270657783536,12.8537171097588,10.8615233684441,43.7979679949769,15.8993708169385,62.882038774459,5.78860394719002,8.04739024633386,3.90935100164077,74.3008542738297,18.7199522164827,3.956086732,0.648658527485072,0.385696241972149,0.800108797832642,20.0055930383721,1.18941929094347,0.132680095295258,0.610480853013809,0.6628449126225,0.965512305312939,0.0206717918670748,0.295290996897161,2.36,3.1,3.345,1,"noRScoretop_noMesoseds_2over3under10_sst_23","noRScoretop_noMesoseds_2over3under10_sst"
"464",-4.20833000927917,23.09125563,33.0193219830722,39.3450079515199,70.7850133840983,56.5816261576982,21.0629176665789,14.5270679325124,12.7324236743348,10.8616073604987,43.6676990479434,16.819580013219,62.8742182759688,5.78966600716336,8.39514843334577,3.89953154184658,74.3005478094653,18.1224098659164,3.956086732,0.66039313543505,0.443855723571327,0.813342466479553,20.0055930383721,1.18979103394256,0.137577972856893,0.610350500836576,0.68329136517845,0.963260312293336,0.0203848579557881,0.327228102194395,2.36,3.1,3.378,1,"noRScoretop_noMesoseds_2over3under10_sst_24","noRScoretop_noMesoseds_2over3under10_sst"
"465",-4.19363061834271,23.09125563,32.7695554801141,39.3450079515199,70.5754072254043,56.5816261576982,21.0247100411346,11.2711894507147,12.7327077134854,10.9660643000549,43.6676990479434,16.819580013219,62.6982983423978,6.02127668321354,8.39514843334577,3.89305497406597,74.2928257868203,18.2973732870523,5.19213727149744,0.65889781567451,0.440769603642219,0.813342466479553,20.399819805861,1.18984300991852,0.137515676078183,0.659480118871421,0.68329136517845,0.963115009849082,0.0203848579557881,0.327228102194395,2.37,3.1,3.046,1,"noRScoretop_noMesoseds_2over3under10_sst_25","noRScoretop_noMesoseds_2over3under10_sst"
"466",-4.2674487065389,23.1243792226393,33.0232650441214,37.8643827002077,70.4792652500063,54.8013139640234,21.0629176665789,11.0882783458122,12.4487887793582,11.0042594673065,43.6676990479434,16.8192376565201,62.6948915746569,6.01470541514979,8.39514843334577,3.89953566469366,74.292789048127,17.7978186132061,5.65626392802794,0.887277772864579,0.443937447919537,0.813342466479553,20.0055930383721,1.16277739342713,0.137618330255599,0.613200762031875,0.676660224255655,0.883257340334721,0.0203848579557881,0.327237168972336,2.44,3.1,2.898,1,"noRScoretop_noMesoseds_2over3under10_sst_26","noRScoretop_noMesoseds_2over3under10_sst"
"467",-4.26878714741794,23.1243792226393,33.0232650441214,37.8579852662277,70.4788695053406,56.5093842849029,21.0629613504613,11.2040509767633,12.739361053635,10.8615250398151,43.6676990479434,17.8113164280439,62.6869250152707,6.01375531635026,8.4117431116959,3.89582754494819,74.2195139824278,18.1174843323224,5.65626392802794,0.887261028033591,0.443937447919537,0.813342466479553,20.1625186093387,1.16093706917056,0.138108280629644,0.613200762031875,0.676660224255655,0.883257340334721,0.0203618118072871,0.327501433506968,2.46,3.1,2.858,1,"noRScoretop_noMesoseds_2over3under10_sst_27","noRScoretop_noMesoseds_2over3under10_sst"
"468",-3.25521482222858,23.042162555294,33.0173932334232,37.797031313466,69.8899621161894,54.1652384912107,21.4684167243857,11.9763270313095,12.1980441451504,6.95576136392068,38.6234341705778,15.6734197808708,60.00592973,6.01405187089637,8.43868736823518,3.52300928961071,74.9572497774939,18.4188741276106,4.19545021696968,0.950713614437866,0.171504207779232,1.13533286599324,28.4416901938542,0.207991794611146,0.13615168544508,0.803280241490999,0.537858550644183,0.955980388276561,0.00603577840953419,0.59106926944142,2.35,3.11,3.093,1,"noRScoretop_noMesoseds_2over3under10_sst_28","noRScoretop_noMesoseds_2over3under10_sst"
"469",-4.207337089,23.0510269671722,32.5434472254822,39.3770148140918,70.7911843776248,54.902093530248,20.891580157925,14.5270679325124,12.73742917,10.8620188863786,43.6676990479434,15.8994408802134,62.882038774459,6.03727565034021,7.52163496203548,3.89936576677064,74.3007461503546,18.0981267258767,5.63392665107427,0.648369851813466,0.443853361170761,0.813342466479553,20.0055930383721,1.16125994690637,0.132629692011864,0.610476280057125,0.68329136517845,0.962392299979903,0.0206717918670748,0.327517282419666,2.37,3.11,3.266,1,"noRScoretop_noMesoseds_2over3under10_sst_29","noRScoretop_noMesoseds_2over3under10_sst"
"470",-8.06942809003209,22.6811268622145,30.1614773382152,32.9585463603802,79.7360207648361,54.9012724,25.9244998465251,11.2520419542036,12.4750381694005,6.90216920162326,45.4750689441648,15.6867378080226,61.1822027863884,6.69073897418292,8.05647835854476,3.1254944619519,73.905557466103,21.5306072017591,5.64215080569274,0.568454566881145,0.0956171659550267,0.287805594965329,28.5419697290379,0.712942786889395,0.10400870923809,0.460807553632602,0.259716624500615,0.950166070805479,0.02178227586946,0.38648791093967,2.47,3.11,2.817,1,"noRScoretop_noMesoseds_2over3under10_sst_30","noRScoretop_noMesoseds_2over3under10_sst"
"471",-7.81116720294069,22.6811268622145,30.1614773382152,32.9585463603802,79.7360207648361,54.9012724,25.9244998465251,11.2520419542036,12.4750381694005,6.90216920162326,45.4750689441648,15.6867378080226,61.1822027863884,6.69073897418292,8.05647835854476,3.1254944619519,73.905557466103,21.5306072017591,5.64215080569274,0.568454566881145,0.0956171659550267,0.287805594965329,28.5419697290379,0.712942786889395,0.10400870923809,0.460807553632602,0.259716624500615,0.950166070805479,0.02178227586946,0.38648791093967,2.49,3.11,2.812,1,"noRScoretop_noMesoseds_2over3under10_sst_31","noRScoretop_noMesoseds_2over3under10_sst"
"472",-4.20833000927917,23.09125563,33.0232650441214,39.3450079515199,70.7850218232176,56.5816261576982,21.0629176665789,14.5270679325124,12.7327077134854,10.8616073604987,43.6676990479434,16.819580013219,62.6948915746569,6.02127668321354,8.39514843334577,3.89953154184658,74.292789048127,17.8194329650188,3.956086732,0.66039313543505,0.440769603642219,0.813342466479553,20.0055930383721,1.18984300991852,0.137618330255599,0.613205334988559,0.68329136517845,0.963208489594037,0.0203848579557881,0.327228102194395,2.31,3.13,3.374,1,"noRScoretop_noMesoseds_2over3under10_sst_32","noRScoretop_noMesoseds_2over3under10_sst"
"473",-4.20833000927917,23.09125563,33.0232650441214,39.3450079515199,70.7850844176544,56.5816261576982,21.0629176665789,14.5270679325124,12.7327077134854,10.8616146516262,43.6676990479434,16.819580013219,62.6948915746569,6.01470541514979,8.39514843334577,3.89953566469366,74.292789048127,17.8194329650188,3.956086732,0.660405207845228,0.440769603642219,0.813342466479553,20.0055930383721,1.16240464778083,0.137618330255599,0.613200762031875,0.68329136517845,0.962471605142294,0.0203848579557881,0.327233547644073,2.31,3.13,3.381,1,"noRScoretop_noMesoseds_2over3under10_sst_33","noRScoretop_noMesoseds_2over3under10_sst"
"474",-3.28352822869189,22.443002482758,32.7714225326573,38.4999105733373,63.0672776284597,49.3322881665149,20.542333772706,11.2559276690587,10.4426929785299,14.8428397344482,34.0355187618788,12.70047623862,62.5237363977387,6.93766841400857,8.437267269,3.17905577657266,72.92049631,18.0742915964421,5.24255684828964,0.554850667040487,1.551652769,0.128941357793361,28.1514490350237,1.08283801400439,0.140686964755555,0.664739663027644,0.35660532846871,0.972045510947382,0.00767832441852544,0.689139704373279,2.23,3.14,3.334,1,"noRScoretop_noMesoseds_2over3under10_sst_34","noRScoretop_noMesoseds_2over3under10_sst"
"475",-4.20833000927917,23.09125563,33.0232650441214,39.3450079515199,70.7850844176544,56.5816261576982,21.0629176665789,14.5270679325124,12.737364888735,10.8620110407243,43.6676990479434,16.8296039201208,62.6948915746569,6.01470541514979,8.43212111074042,3.89936303853704,74.292737187009,17.8194329650188,3.956086732,0.660405207845228,0.443966224334256,0.813342466479553,20.0055930383721,1.16240378371386,0.137618330255599,0.613200762031875,0.68329136517845,0.962471605142294,0.0203848579557881,0.327514651304766,2.31,3.14,3.369,1,"noRScoretop_noMesoseds_2over3under10_sst_35","noRScoretop_noMesoseds_2over3under10_sst"
"476",-3.28812362930949,23.0547512940373,33.0392356835175,38.223672909598,69.778138943444,54.1889605131608,21.4684167243857,11.9763270313095,12.7682576677763,10.829072693396,38.6234341705778,15.8900639123874,60.00592973,5.79558962584274,8.43920836159266,3.52300928961071,75.0928407335996,18.0964494607471,4.1918712838895,0.950713614437866,0.151851571447633,1.13533286599324,28.4416901938542,0.836706556363869,0.13615168544508,0.614583923135751,0.54069733571253,0.956281246113337,0.0077135514821546,0.59106926944142,2.4,3.14,2.924,1,"noRScoretop_noMesoseds_2over3under10_sst_36","noRScoretop_noMesoseds_2over3under10_sst"
"477",-3.28352822869189,22.443002482758,32.8016183185691,38.5844013322721,63.0672776284597,49.3322881665149,20.542333772706,11.2559276690587,10.4426929785299,14.8428397344482,34.0312545358402,12.70047623862,62.5237363977387,6.93766841400857,8.437267269,3.17905577657266,72.548958767421,17.1284773469513,5.36131610426054,0.554850667040487,1.5633881828714,0.128941357793361,28.2218959352449,1.0826961172144,0.140686964755555,0.657630126540427,0.35660532846871,0.972045510947382,0.00767832441852544,0.689139704373279,2.24,3.15,3.327,1,"noRScoretop_noMesoseds_2over3under10_sst_37","noRScoretop_noMesoseds_2over3under10_sst"
"478",-2.93708854414352,22.6767974606637,30.576285449309,32.9128571719337,63.08117589,49.2281075421063,20.5436354442528,11.0722901428538,10.4405385090094,5.79660600145569,34.1293296068651,12.8164962465561,59.6992972561171,6.7076056867751,8.01932137316795,3.17505913618622,73.8811389531198,18.31753707,5.24255684828964,0.3197124578935,1.55293459181958,1.1827091687691,28.60376120256,1.20270817511969,0.140686964755555,0.638184910093121,0.175618859205305,0.975885492115294,0.0246635174704722,0.703440194277365,2.26,3.15,3.013,1,"noRScoretop_noMesoseds_2over3under10_sst_38","noRScoretop_noMesoseds_2over3under10_sst"
"479",-4.17896470046167,22.5253124090562,32.5233643161774,39.3450143312868,70.6930952673483,55.1843285574259,21.1184276353687,12.0721775038703,12.8566128628764,10.9899640127346,43.8307570666542,15.8939865259087,62.6042755138382,6.69603536592176,8.05129916903812,3.8606897902571,74.30085461,19.5376721476706,3.956086732,0.154729098950854,1.72847135762397,0.124819701513567,20.0055930383721,1.18941929094347,0.132680095295258,0.610480853013809,0.166884187902698,0.826015999311268,0.0186972370404098,0.438099485892088,2.34,3.15,3.152,1,"noRScoretop_noMesoseds_2over3under10_sst_39","noRScoretop_noMesoseds_2over3under10_sst"
"480",-2.60222760392817,23.0547512940373,33.0173932334232,38.223672909598,69.778138943444,54.1740088156057,21.4684167243857,11.9763270313095,12.1752252216172,6.92589287398403,38.6234341705778,15.6734197808708,60.00592973,6.01405187089637,8.44067445252274,3.52300928961071,75.0784798130896,18.4188741276106,4.19545021696968,0.950713614437866,0.171504207779232,1.13533286599324,28.4416901938542,0.836706556363869,0.13615168544508,0.954473318323648,0.537858550644183,0.956267954323166,0.0077135514821546,0.59106926944142,2.37,3.15,2.962,1,"noRScoretop_noMesoseds_2over3under10_sst_40","noRScoretop_noMesoseds_2over3under10_sst"
"481",-3.16772775863963,22.8676971080985,32.79396922,49.8068121335756,63.08117589,49.3322919420026,20.5409246474657,11.2553563267057,10.4316164326832,19.4815256821157,34.1212509010544,12.701314388042,60.00592973,6.71628267928957,8.437267269,3.17499484675433,72.8731716106117,18.3174853157905,5.24280236306796,0.328081514851483,1.5513767607717,1.210885076,28.6127443520199,1.10638139693428,0.140571741574293,0.633401505205563,0.166134892522067,0.975870300443636,0.01911352671574,0.698680639809535,2.26,3.17,3.247,1,"noRScoretop_noMesoseds_2over3under10_sst_41","noRScoretop_noMesoseds_2over3under10_sst"
"482",-2.97032547069403,23.1830339791925,32.7714225326573,49.029795666922,63.08117589,49.3322881665149,20.5164455205574,11.2559276690587,10.4426929785299,14.8428397344482,34.1249595204609,12.70047623862,60.5894749894587,6.69465577280973,8.437267269,3.17726838690902,72.92049631,18.3015719122294,5.23931336519575,0.333518478996011,1.551652769,1.19923011122646,28.6127443520199,1.08283801400439,0.137771401020736,0.661890136592987,0.249821984856829,0.973202755455267,0.0188899632847951,0.708269994357489,2.26,3.17,3.292,1,"noRScoretop_noMesoseds_2over3under10_sst_42","noRScoretop_noMesoseds_2over3under10_sst"
"483",-3.25521482222858,23.0547512940373,33.0173932334232,38.223672909598,69.778138943444,54.1740088156057,21.4684167243857,11.9763270313095,12.1752252216172,6.92589287398403,38.6234341705778,15.6734197808708,60.00592973,6.01405187089637,8.44067445252274,3.52300928961071,75.0784798130896,18.4188741276106,4.19545021696968,0.950713614437866,0.171504207779232,1.13533286599324,28.4416901938542,0.836706556363869,0.13615168544508,0.954473318323648,0.537858550644183,0.956267954323166,0.0077135514821546,0.59106926944142,2.35,3.17,2.984,1,"noRScoretop_noMesoseds_2over3under10_sst_43","noRScoretop_noMesoseds_2over3under10_sst"
"484",-7.81623569661911,22.6811268622145,30.1634366300964,33.2520251579921,79.7750271644831,54.9012724,25.9244998465251,11.2515253826812,12.4750381694005,6.90216920162326,45.4750689441648,15.6751038736142,61.2350016948612,6.71238754975603,8.0473557548282,3.19041209299038,73.905557466103,21.2996992,5.59993307221375,0.568454566881145,0.462917611442048,0.287805594965329,28.5923638670596,0.712942786889395,0.10400870923809,0.460807553632602,0.175997606952216,0.950166070805479,0.0549064282449474,0.665556878875582,2.49,3.17,2.79,1,"noRScoretop_noMesoseds_2over3under10_sst_44","noRScoretop_noMesoseds_2over3under10_sst"
"485",-3.43619294039295,22.8672641293734,32.5902425133791,39.1310481473289,63.08117589,49.1900361778986,20.542333772706,11.2031014705601,10.45103407,10.6662831243186,33.9659076653626,12.7018028158365,60.0060769758766,6.716242991,8.46178516710861,3.13959502186861,72.9250960799235,18.31753707,5.254275818,0.329746517617867,1.57037652538835,1.12554283149566,28.7157618083914,1.09982966945597,0.133369408003574,0.609390210830553,0.170659588,0.975885492115294,0.0186450817480434,0.701446882,2.23,3.18,3.327,1,"noRScoretop_noMesoseds_2over3under10_sst_45","noRScoretop_noMesoseds_2over3under10_sst"
"486",-2.93486726583118,22.8676971080985,32.79396922,49.80767944,63.08117589,49.3322893360565,20.4771881702951,11.1952027402567,10.4428225564791,19.4954565907433,34.1213281955739,12.701283268396,59.9894505103299,6.716242991,8.437267269,3.17905631162827,72.8744916833305,18.31753707,5.254275818,0.3197124578935,1.551652769,1.210885076,28.6127443520199,1.0989160378644,0.140916377637073,0.633413006378083,0.344838280168892,0.975885492115294,0.0187080499047901,0.698330165483752,2.26,3.18,3.232,1,"noRScoretop_noMesoseds_2over3under10_sst_46","noRScoretop_noMesoseds_2over3under10_sst"
"487",-3.17913305198465,22.8677500123967,32.7981325746352,49.7805928555637,63.0813299567194,49.3322881665149,20.4794744538647,11.2559276690587,10.4679429272332,19.7940750894423,34.0965526229503,12.70047623862,60.5690575850843,6.93615567439595,8.437267269,3.17905577657266,72.92049631,18.3161330494697,5.24246021876496,0.314297323897674,1.551652769,1.19923011122646,28.6127443520199,1.10415992181932,0.140686964755555,0.664679609269848,0.157166637040119,0.97166039213993,0.0249607197932529,0.703440194277365,2.26,3.18,3.256,1,"noRScoretop_noMesoseds_2over3under10_sst_47","noRScoretop_noMesoseds_2over3under10_sst"
"488",-3.17913305198465,22.8677500123967,32.7945237984904,48.8163595530034,63.08117589,49.3322881665149,20.4775248348594,11.2559276690587,10.442696802002,14.8428397344482,34.1249595204609,12.70047623862,60.5592940573397,6.70741399136741,8.437267269,3.17905577657266,72.8751016582726,18.3015719122294,5.24255684828964,0.328117083831121,1.551652769,1.1992258045028,28.6127443520199,1.08283801400439,0.140686964755555,0.664739663027644,0.35660532846871,0.975894619520434,0.0188899632847951,0.703245538692515,2.26,3.18,3.301,1,"noRScoretop_noMesoseds_2over3under10_sst_48","noRScoretop_noMesoseds_2over3under10_sst"
"489",-2.93708854414352,22.8666599888418,32.7717900882645,49.80767944,63.08117589,49.3322854087395,20.5437651694575,11.1681747317709,10.8763991617297,19.4954565907433,34.1249595204609,12.700477177664,60.1537425923043,6.70825804633505,8.437267269,3.17505913618622,72.92049631,18.317155721349,5.24255684828964,0.304976597562031,1.48094652503107,1.21105083438843,28.6127683561047,1.1843685690024,0.142840654579439,0.632665373939346,0.345956629607835,0.975885492115294,0.0190995561685305,0.703440194277365,2.26,3.19,3.251,1,"noRScoretop_noMesoseds_2over3under10_sst_49","noRScoretop_noMesoseds_2over3under10_sst"
"490",-3.02547546340403,22.8677500123967,32.7714225326573,48.8192038089344,63.08117589,49.3322881665149,20.542333772706,11.2559276690587,10.4426929785299,14.8428397344482,34.1249595204609,12.70047623862,60.5894749894587,6.93615567439595,8.437267269,3.17905577657266,72.92049631,18.3015719122294,5.24255684828964,0.328117083831121,1.551652769,1.19923011122646,28.6127443520199,1.08283801400439,0.140686964755555,0.664739663027644,0.35660532846871,0.97166039213993,0.0188899632847951,0.703440194277365,2.26,3.19,3.28,1,"noRScoretop_noMesoseds_2over3under10_sst_50","noRScoretop_noMesoseds_2over3under10_sst"
"491",-3.25521482222858,23.0542107241467,33.0173932334232,38.223672909598,69.778138943444,54.1740088156057,21.4684167243857,11.9763270313095,12.1752252216172,14.1492310615218,38.6436491454488,15.6734197808708,60.00592973,6.42693308012998,8.44067445252274,3.5061750770609,75.3330284954968,18.4565279832509,4.19545021696968,0.662361188607261,0.169764162771096,0.397620668631446,28.4200186960398,0.836706556363869,0.13615168544508,0.701937175352662,0.537858550644183,0.802102301468348,0.0094354393159644,0.59106926944142,2.29,3.19,2.852,1,"noRScoretop_noMesoseds_2over3under10_sst_51","noRScoretop_noMesoseds_2over3under10_sst"
"492",-8.06942809003209,22.6811268622145,30.1614773382152,33.0027418699588,79.7750271644831,54.9012724,25.9244998465251,11.2515253826812,12.4750381694005,6.90216920162326,45.4750689441648,15.6751038736142,61.1838921131395,6.71238754975603,8.0473557548282,3.20248174579675,73.905557466103,21.2996992,5.64160220344082,0.568454566881145,0.0962716231220143,0.287805594965329,28.4635202975882,0.712942786889395,0.10400870923809,0.460807553632602,0.175997606952216,0.950166070805479,0.0600888167430206,0.665606461923104,2.47,3.19,2.857,1,"noRScoretop_noMesoseds_2over3under10_sst_52","noRScoretop_noMesoseds_2over3under10_sst"
"493",-2.93486726583118,22.8676971080985,32.7708679541669,49.810523695931,63.08117589,49.3322893360565,20.5419971081416,11.1952027402567,10.4428187330071,19.4954565907433,34.1213281955739,12.701283268396,60.0196314424489,6.94498467402855,8.437267269,3.17905631162827,72.9198863350579,18.31753707,5.254275818,0.3197124578935,1.551652769,1.21088938272366,28.6127443520199,1.0989160378644,0.140916377637073,0.633413006378083,0.344838280168892,0.97165126473479,0.0187080499047901,0.698524821068602,2.26,3.2,3.228,1,"noRScoretop_noMesoseds_2over3under10_sst_53","noRScoretop_noMesoseds_2over3under10_sst"
"494",-3.17913305198465,22.8677500123967,32.7714225326573,48.8192038089344,63.08117589,49.3322881665149,20.542333772706,11.2559276690587,10.4426929785299,14.8428397344482,34.1249595204609,12.70047623862,60.5894749894587,6.93615567439595,8.437267269,3.17905577657266,72.92049631,18.3015719122294,5.24255684828964,0.328117083831121,1.551652769,1.19923011122646,28.6127443520199,1.08283801400439,0.140686964755555,0.664739663027644,0.35660532846871,0.97166039213993,0.0188899632847951,0.703440194277365,2.26,3.2,3.28,1,"noRScoretop_noMesoseds_2over3under10_sst_54","noRScoretop_noMesoseds_2over3under10_sst"
"495",-3.17823607425164,22.8677500123967,32.7714225326573,48.8192038089344,63.08117589,49.3322881665149,20.542333772706,11.2559276690587,10.4426929785299,14.8428397344482,34.1249595204609,12.70047623862,60.5894749894587,6.93615567439595,8.437267269,3.17905577657266,72.92049631,18.3015719122294,5.24255684828964,0.328117083831121,1.551652769,1.19923011122646,28.6127443520199,1.08283801400439,0.140686964755555,0.664739663027644,0.35660532846871,0.97166039213993,0.0188899632847951,0.703440194277365,2.26,3.2,3.28,1,"noRScoretop_noMesoseds_2over3under10_sst_55","noRScoretop_noMesoseds_2over3under10_sst"
"496",-3.25106043321302,22.8677500123967,32.7714225326573,48.8192038089344,63.08117589,49.3322881665149,20.542333772706,11.2559276690587,10.4426929785299,14.8428397344482,34.1249595204609,12.70047623862,60.5894749894587,6.93615567439595,8.437267269,3.17905577657266,72.92049631,18.3015719122294,5.24255684828964,0.328117083831121,1.551652769,1.19923011122646,28.6127443520199,1.08283801400439,0.140686964755555,0.664739663027644,0.35660532846871,0.97166039213993,0.0188899632847951,0.703440194277365,2.26,3.2,3.283,1,"noRScoretop_noMesoseds_2over3under10_sst_56","noRScoretop_noMesoseds_2over3under10_sst"
"497",-3.25016345548,22.8677500123967,32.7714225326573,48.8192038089344,63.08117589,49.3322881665149,20.542333772706,11.2559276690587,10.4426929785299,14.8428397344482,34.1249595204609,12.70047623862,60.5894749894587,6.93615567439595,8.437267269,3.17905577657266,72.92049631,18.3015719122294,5.24255684828964,0.328117083831121,1.551652769,1.19923011122646,28.6127443520199,1.08283801400439,0.140686964755555,0.664739663027644,0.35660532846871,0.97166039213993,0.0188899632847951,0.703440194277365,2.26,3.2,3.283,1,"noRScoretop_noMesoseds_2over3under10_sst_57","noRScoretop_noMesoseds_2over3under10_sst"
"498",-8.06942809003209,22.6811268622145,30.1614773382152,33.0027418699588,79.7750271644831,54.9012724,25.9244998465251,11.2515253826812,12.7400278735656,6.99242671741378,45.4750689441648,15.6751038736142,61.1838921131395,6.73574664946589,8.02023469779794,3.20963552253742,73.8749233055676,21.3099861538571,5.64160220344082,0.568454566881145,0.0962716231220143,0.308533795609385,28.4635202975882,0.712942786889395,0.104034009454505,0.452073297294375,0.179386836276235,0.949862855401154,0.0600888167430206,0.665606461923104,2.47,3.2,2.819,1,"noRScoretop_noMesoseds_2over3under10_sst_58","noRScoretop_noMesoseds_2over3under10_sst"
"499",-2.92262628435155,22.6777762281478,32.7609824010337,33.333382338692,63.0834558518583,49.2999808821919,20.542333772706,11.2470874219746,10.8319612076013,5.23162884958506,33.902387365899,12.8164962465561,60.0337001273411,6.7076056867751,8.43164460106248,3.17543536685777,72.4499479510939,18.31753707,5.24255684828964,0.320061970627529,1.55293459181958,1.17574823757943,28.7141648410169,1.1843685690024,0.140686964755555,0.478525115656039,0.175618859205305,0.975885492115294,0.0201065202030676,0.703440194277365,2.25,3.22,3.214,1,"noRScoretop_noMesoseds_2over3under10_sst_59","noRScoretop_noMesoseds_2over3under10_sst"
"500",-2.93708854414352,22.6777762281478,32.7609824010337,32.9128571719337,63.08117589,49.3001037122224,20.542333772706,11.2470874219746,10.4410019853376,5.23162884958506,34.1249595204609,12.8164962465561,60.0337001273411,6.7076056867751,8.43164460106248,3.17505913618622,73.8700620720394,18.31753707,5.24255684828964,0.3197124578935,1.55293459181958,1.1827091687691,28.6092995828905,1.1843685690024,0.140686964755555,0.455956840361661,0.175618859205305,0.975885492115294,0.0201065202030676,0.703440194277365,2.26,3.25,3.178,1,"noRScoretop_noMesoseds_2over3under10_sst_60","noRScoretop_noMesoseds_2over3under10_sst"
"501",-3.25521482222858,23.0542107241467,33.0238754370709,32.8328632762354,69.778138943444,54.8327152665933,21.4684167243857,11.9763270313095,12.979099592529,7.07189635139165,38.6436491454488,15.6734197808708,61.2184297158496,6.42693308012998,8.03014498122966,3.5061750770609,75.3330284954968,18.4565279832509,5.61362741540325,0.112404126020472,0.169764162771096,0.287115619812497,28.4200186960398,0.836706556363869,0.13615168544508,0.701937175352662,0.537858550644183,0.802102301468348,0.0527301877271977,0.589367217764963,2.34,3.26,2.837,1,"noRScoretop_noMesoseds_2over3under10_sst_61","noRScoretop_noMesoseds_2over3under10_sst"
"502",-2.93486726583118,22.8676971080985,33.0093717527803,49.80767944,63.3380592351559,49.3322893360565,20.4771881702951,11.1952027402567,10.4428225564791,19.4954565907433,34.1213281955739,12.6937159262349,59.9894505103299,6.716242991,8.437267269,3.17077347299816,72.695125189147,18.31753707,5.254275818,0.3197124578935,1.551652769,0.893794158049956,28.8877864180608,1.0989160378644,0.140972485516462,0.630382939487786,0.675515991838155,0.975885492115294,0.0186849105933267,0.698330165483752,2.25,3.27,3.246,1,"noRScoretop_noMesoseds_2over3under10_sst_62","noRScoretop_noMesoseds_2over3under10_sst"
"503",-3.86902299020186,22.6336665953392,30.6164660750913,49.80767944,63.0813297230383,49.2283167117318,20.4783338138235,11.0722454361388,10.4682507129308,19.59155315,34.61456235,12.98235682,59.7025812554064,6.71625468300238,8.01656022073055,3.17536218,72.9183736872695,18.3160760456069,5.254275818,0.314319138,1.551652769,1.21252005230414,28.60362002,1.10422243364666,0.187168508,0.633256365618403,0.163408062779436,0.86735164,0.0247797244292528,0.701446882,2.26,3.27,3.142,1,"noRScoretop_noMesoseds_2over3under10_sst_63","noRScoretop_noMesoseds_2over3under10_sst"
"504",-2.93708854414352,22.6927864304324,32.7147326506096,32.9128571719337,63.08117589,49.4307629695978,20.0986760273377,11.2470874219746,10.4711829053736,5.23162884958506,34.2736446923515,12.8164962465561,60.0581512282957,6.7076056867751,8.43164460106248,3.17505913618622,73.8700620720394,18.31753707,5.24853047307853,0.3197124578935,1.55656677001435,1.1827091687691,28.5908701289902,1.1843685690024,0.140686964755555,0.455956840361661,0.175618859205305,0.975885492115294,0.0548030171368397,0.661176803309805,2.25,3.28,3.172,1,"noRScoretop_noMesoseds_2over3under10_sst_64","noRScoretop_noMesoseds_2over3under10_sst"
"505",-6.96350324854425,22.5254174771532,29.9879286679778,39.1118568824804,67.2416617286484,55.1738564689177,23.09090866,11.6116518859385,12.8420911986846,11.1365901772044,43.80176291,15.8903869673391,62.6896176876589,6.4643189105295,8.04727923776419,3.90094296308811,74.4308608082262,18.0801344566537,4.21277640194249,0.556507488583333,0.381758240350724,0.815175894840261,18.30169916,1.16630977557456,0.100262741507334,0.954081104027876,0.176060759284753,0.955772233416029,0.198083487838022,0.860880533211498,2.34,3.35,2.711,1,"noRScoretop_noMesoseds_2over3under10_sst_65","noRScoretop_noMesoseds_2over3under10_sst"
"506",-6.96175476121791,22.5254174771532,29.9879286679778,38.1280561701806,68.2645532895485,55.1738564689177,23.1030363506379,14.5269823669466,12.8568409256679,10.9833820203181,43.7951087993307,15.8993704648233,62.8914438203187,6.4643189105295,8.04746751692191,3.89735371416329,74.4308608082262,18.0644712801531,4.21277640194249,0.232976773857473,0.381758240350724,0.814892778589762,18.30169916,1.17983356652872,0.139493005085915,0.994944692427333,0.260985369550406,0.964112545061383,0.198811786132455,0.860880533211498,2.32,3.46,2.745,1,"noRScoretop_noMesoseds_2over3under10_sst_66","noRScoretop_noMesoseds_2over3under10_sst"
"507",-6.96069298817877,22.5272089128099,29.9879286679778,39.3498341151917,68.2648903457831,55.1691460993624,23.1341575252087,14.5247569867248,12.7438038541805,10.9856768160849,43.8021178569675,15.8997755963193,62.6789009,6.4643189105295,8.03172610513524,3.89800697676473,74.4308608082262,18.0528769474444,4.21277640194249,0.233232767878631,0.438741581217187,1.14410842699804,18.30169916,1.18004109802036,0.140395371472347,0.994944692427333,0.143183992230796,0.878409406420082,0.198811786132455,0.893079286992403,2.32,3.46,2.759,1,"noRScoretop_noMesoseds_2over3under10_sst_67","noRScoretop_noMesoseds_2over3under10_sst"
"508",-6.96288515430427,22.5254174771532,29.9879286679778,39.3449943086409,68.2093202939407,55.1738564689177,23.09090866,14.5252944125039,12.7355750654425,10.9856768160849,43.8014961002358,15.8993704648233,62.8744673730114,6.43322392365537,8.05318110836946,3.89953662091092,74.4308608082262,18.0644712801531,4.21277640194249,0.233232767878631,0.381758240350724,0.815175894840261,18.30169916,1.17983356652872,0.139493005085915,0.994944692427333,0.143096263686235,0.828450479206171,0.198811786132455,0.866211519647551,2.32,3.46,2.769,1,"noRScoretop_noMesoseds_2over3under10_sst_68","noRScoretop_noMesoseds_2over3under10_sst"
"509",-6.96288515430427,22.5254174771532,29.9879286679778,39.3450684338573,68.2221682298665,55.173860033083,23.0905926021969,14.5252944125039,12.8566005394028,10.9856768160849,43.7756207725233,15.893032100478,62.6789009,6.45370011537418,8.05130196113889,3.74776701454774,74.4308608082262,18.0645887316233,4.2168603359784,0.116474985773865,0.443358723071575,0.815175894840261,18.3046071331367,1.18944094830379,0.139410506113604,0.994944692427333,0.143096263686235,0.828450479206171,0.198811786132455,0.860880533211498,2.31,3.47,2.77,1,"noRScoretop_noMesoseds_2over3under10_sst_69","noRScoretop_noMesoseds_2over3under10_sst"
"510",-6.96288515430427,22.5254174771532,29.9879286679778,39.3498341151917,68.1776569694583,55.2708626613593,23.09090866,14.5252944125039,12.8565991920705,10.9856768160849,43.80176291,15.8993704648233,62.6809829793509,6.4643189105295,8.05130196113889,3.89800697676473,74.4308608082262,18.064874484805,4.20870005903101,0.233232767878631,0.383795403067748,0.890683812736903,18.30169916,1.1798648300522,0.139493005085915,0.993846254534202,0.147915158904826,0.828450479206171,0.198811786132455,0.860880533211498,2.32,3.48,2.765,1,"noRScoretop_noMesoseds_2over3under10_sst_70","noRScoretop_noMesoseds_2over3under10_sst"
"511",-6.96175476121791,22.5254174771532,29.9879286679778,38.1280561701806,68.2645532895485,55.1738564689177,23.09090866,14.5252944125039,12.8565991920705,10.9856768160849,43.7951087993307,15.8993704648233,62.6789009,6.4643189105295,8.05130196113889,3.89800697676473,74.4308608082262,18.0644712801531,4.21277640194249,0.233232767878631,0.381758240350724,0.815175894840261,18.30169916,1.17983356652872,0.139493005085915,0.994944692427333,0.267715863216665,0.828450479206171,0.198811786132455,0.860880533211498,2.32,3.49,2.754,1,"noRScoretop_noMesoseds_2over3under10_sst_71","noRScoretop_noMesoseds_2over3under10_sst"
"512",-6.57641558426252,22.4316294468758,33.2110544950408,39.8804689673895,62.2359243762319,54.8933730738614,21.7366775725505,14.5325263556553,15.2479069426542,14.932733665881,43.5835114129745,15.8929653289498,62.5901845702157,6.79197313111369,8.41761326417232,3.50018866696743,67.3305694730462,18.0822297909346,5.70520772863421,0.554907503859016,0.156483658295178,0.149450594328334,19.9563601395282,0.999838097,0.212254882789271,0.684603531169259,0.269611873062378,0.910858222960831,0.00828779142551055,0.690925590083592,2.22,3.6,3.244,1,"noRScoretop_noMesoseds_2over3under10_sst_72","noRScoretop_noMesoseds_2over3under10_sst"
"513",-6.96069298817877,22.5272089128099,29.9879286679778,39.3498341151917,68.2648903457831,55.1692434518716,23.1341575252087,14.5244575623389,12.7329828105179,10.8427865807818,43.8021178569675,15.8984518360549,62.5865205686728,6.4643189105295,8.03172610513524,3.39833825502623,74.4308608082262,18.0529875564565,4.21277640194249,0.233232767878631,0.43996238923575,1.13874605467013,18.2208457870563,1.18004109802036,0.140395371472347,0.700540728736417,0.2672838006919,0.878409406420082,0.194395992158336,0.893079286992403,2.3,3.61,2.738,1,"noRScoretop_noMesoseds_2over3under10_sst_73","noRScoretop_noMesoseds_2over3under10_sst"
"514",-6.572696919113,22.4316294468758,33.2110544950408,39.8488938186781,62.2359243762319,54.8881345967211,21.7742183399459,14.5432807269056,15.2664967672378,15.8352232564066,43.5835114129745,15.9280107509405,62.5901845702157,6.78974258451441,8.42514954252438,3.46945985453922,67.3305694730462,18.0822297909346,5.63333700237585,0.554907503859016,0.156866236176056,0.149450594328334,19.9563601395282,0.999838097,0.212254882789271,0.684603531169259,0.269611873062378,0.910858222960831,0.00828779142551055,0.68899650192467,2.22,3.62,3.232,1,"noRScoretop_noMesoseds_2over3under10_sst_74","noRScoretop_noMesoseds_2over3under10_sst"
"515",-8.07291306515733,22.9226495898532,33.2110544950408,39.8488938186781,62.2359243762319,54.8898862099783,23.3478071691898,14.4893297200526,15.2664967672378,15.8352232564066,43.5835114129745,15.9280107509405,62.5901845702157,6.78974258451441,8.42514954252438,3.46945985453922,67.3918471271682,18.0822297909346,3.97212296103175,0.554907503859016,0.152255311244785,0.149450594328334,20.0358031020805,0.999838097,0.212254882789271,0.684568475795868,0.269611873062378,0.912625376652524,0.00828779142551055,0.68899650192467,2.22,3.66,3.337,1,"noRScoretop_noMesoseds_2over3under10_sst_75","noRScoretop_noMesoseds_2over3under10_sst"
"516",-8.07291306515733,22.9141834069814,33.2110544950408,39.8488938186781,62.2359243762319,55.1056262911468,23.3824170666323,14.4893297200526,15.2664967672378,15.8352232564066,43.5835114129745,15.9280107509405,62.5901845702157,6.78974258451441,8.42514954252438,3.46945985453922,67.3918471271682,18.0822297909346,3.97212296103175,0.554907503859016,0.194780071691722,0.149450594328334,20.0358031020805,0.999838097,0.212254882789271,0.684568475795868,0.269611873062378,0.912626551245676,0.00828779142551055,0.68899650192467,2.22,3.67,3.334,1,"noRScoretop_noMesoseds_2over3under10_sst_76","noRScoretop_noMesoseds_2over3under10_sst"
"517",-8.07291306515733,23.1386627064593,33.210050463084,39.8488938186781,62.2572010569261,54.8881345967211,21.7742183399459,14.5438401589095,15.2664967672378,15.8352232564066,43.5835114129745,15.9414239903941,62.5901845702157,6.72052911800212,8.42490423365166,3.46945985453922,67.3305694730462,18.0983439743662,8.4038100297644,0.556045708715157,0.156483658295178,0.149450594328334,19.9563601395282,0.999838097,0.212254882789271,0.684603531169259,0.269611873062378,0.910878700837881,0.0177807855341208,0.68899650192467,2.22,3.7,3.147,1,"noRScoretop_noMesoseds_2over3under10_sst_77","noRScoretop_noMesoseds_2over3under10_sst"
"518",-8.07291306515733,23.0809669659049,33.2205835901089,39.8488938186781,62.6989094185524,54.8881345967211,21.7742183399459,14.5432807269056,15.2664967672378,15.8352232564066,43.5835114129745,15.9280107509405,62.8824454323751,6.78974258451441,8.42514954252438,3.48081728974478,67.3305694730462,18.098251388288,8.4038100297644,0.651473161344184,0.156483658295178,0.149533268510282,19.9563427687679,0.999838097,0.212254882789271,0.683854674855529,0.269611873062378,0.910858222960831,0.00828779142551055,0.68899650192467,2.22,3.7,3.15,1,"noRScoretop_noMesoseds_2over3under10_sst_78","noRScoretop_noMesoseds_2over3under10_sst"
"519",-8.07291306515733,23.0809669659049,33.220488442468,39.8488938186781,62.6989094185524,54.8881345967211,21.7742183399459,14.5432807269056,15.2664967672378,15.8352232564066,43.5835114129745,15.9280107509405,62.8824454323751,6.78974258451441,8.42514954252438,3.4803602997026,67.3305694730462,18.098251388288,8.4038100297644,0.651473161344184,0.156483658295178,0.149533268510282,19.9579438109983,0.999838097,0.212254882789271,0.618113189094025,0.269611873062378,0.910858222960831,0.00828779142551055,0.68899650192467,2.22,3.7,3.15,1,"noRScoretop_noMesoseds_2over3under10_sst_79","noRScoretop_noMesoseds_2over3under10_sst"
"520",-7.53992111780178,22.4316294468758,33.2110544950408,39.8488938186781,62.2359243762319,54.8881345967211,21.7742183399459,14.5432807269056,15.2664967672378,15.8352232564066,43.5835114129745,15.9280107509405,62.5901845702157,6.78974258451441,8.42514954252438,3.46945985453922,67.3305694730462,18.0822297909346,8.4038100297644,0.554907503859016,0.156483658295178,0.149450594328334,19.9563601395282,0.999838097,0.212254882789271,0.684603531169259,0.269611873062378,0.910858222960831,0.00828779142551055,0.68899650192467,2.23,3.7,3.092,1,"noRScoretop_noMesoseds_2over3under10_sst_80","noRScoretop_noMesoseds_2over3under10_sst"
"521",-6.96288515430427,22.4331571333187,30.0259773014041,39.8480303021309,68.2648903457831,54.882662073316,22.9857745115553,14.5103467481655,12.843042464907,11.0324881925648,43.80176291,15.9369429628947,62.5930274326006,6.4749101747317,8.05130196113889,3.47227035703137,74.4333584236433,18.0639858636819,4.07571734446351,0.233232767878631,0.381691138437381,0.811300936158362,18.30169916,1.18266050690953,0.139493005085915,0.688497315682515,0.269892153005269,0.837201722744472,0.0111346250316248,0.860067966923758,2.3,3.7,2.838,1,"noRScoretop_noMesoseds_2over3under10_sst_81","noRScoretop_noMesoseds_2over3under10_sst"
"522",-7.68888366204189,22.4316294468758,33.2110544950408,39.8488938186781,62.2359243762319,54.8881345967211,21.7742183399459,14.5432807269056,15.2664967672378,15.8352232564066,43.5835114129745,15.9280107509405,62.5901845702157,6.78974258451441,8.42514954252438,3.46945985453922,67.3305694730462,18.0822297909346,8.4038100297644,0.554907503859016,0.156483658295178,0.149450594328334,19.9563601395282,0.999838097,0.212254882789271,0.684603531169259,0.269611873062378,0.910858222960831,0.00828779142551055,0.68899650192467,2.23,3.71,3.086,1,"noRScoretop_noMesoseds_2over3under10_sst_82","noRScoretop_noMesoseds_2over3under10_sst"
"523",-7.78213780388622,22.4316294468758,33.2110544950408,39.8488938186781,62.2359243762319,54.8881345967211,21.7742183399459,14.5432807269056,15.2664967672378,15.8352232564066,43.5835114129745,15.9280107509405,62.5901845702157,6.78974258451441,8.42514954252438,3.46945985453922,67.3305694730462,18.0822297909346,8.4038100297644,0.554907503859016,0.156483658295178,0.149450594328334,19.9563601395282,0.999838097,0.212254882789271,0.684603531169259,0.269611873062378,0.910858222960831,0.00828779142551055,0.68899650192467,2.23,3.72,3.087,1,"noRScoretop_noMesoseds_2over3under10_sst_83","noRScoretop_noMesoseds_2over3under10_sst"
"524",-7.80119803858582,22.4316294468758,33.2110544950408,39.8488938186781,62.2359243762319,54.8881345967211,21.7742183399459,14.5432807269056,15.2664967672378,15.8352232564066,43.5835114129745,15.9280107509405,62.5901845702157,6.78974258451441,8.42514954252438,3.46945985453922,67.3305694730462,18.0822297909346,8.4038100297644,0.554907503859016,0.156483658295178,0.149450594328334,19.9563601395282,0.999838097,0.212254882789271,0.684603531169259,0.269611873062378,0.910858222960831,0.00828779142551055,0.68899650192467,2.23,3.72,3.087,1,"noRScoretop_noMesoseds_2over3under10_sst_84","noRScoretop_noMesoseds_2over3under10_sst"
"525",-7.81488114811145,22.4316294468758,33.2110544950408,39.8488938186781,62.2359243762319,54.8881345967211,21.7742183399459,14.5432807269056,15.2664967672378,15.8352232564066,43.5835114129745,15.9280107509405,62.5901845702157,6.78974258451441,8.42514954252438,3.46945985453922,67.3305694730462,18.0822297909346,8.4038100297644,0.554907503859016,0.156483658295178,0.149450594328334,19.9563601395282,0.999838097,0.212254882789271,0.684603531169259,0.269611873062378,0.910858222960831,0.00828779142551055,0.68899650192467,2.23,3.73,3.088,1,"noRScoretop_noMesoseds_2over3under10_sst_85","noRScoretop_noMesoseds_2over3under10_sst"
"526",-6.96069298817877,23.1085363465117,29.9879286679778,39.3498341151917,68.3464628099025,55.1692434518716,23.128340597853,14.5244575623389,12.7329828105179,10.8458868699021,43.8021178569675,15.8984518360549,62.5865205686728,6.4643189105295,8.03172610513524,3.39833825502623,74.4308608082262,18.0529875564565,4.21277640194249,0.233232767878631,0.43996238923575,1.13874605467013,18.2208457870563,1.18004109802036,0.140395371472347,0.608205273481087,0.272381409649354,0.878409406420082,0.194395992158336,0.900162688403871,2.3,3.73,2.751,1,"noRScoretop_noMesoseds_2over3under10_sst_86","noRScoretop_noMesoseds_2over3under10_sst"
"527",-7.91348231836339,22.4316294468758,33.2110544950408,39.8488938186781,62.2359243762319,54.8881345967211,21.7742183399459,14.5432807269056,15.2664967672378,15.8352232564066,43.5835114129745,15.9280107509405,62.5901845702157,6.78974258451441,8.42514954252438,3.46945985453922,67.3305694730462,18.0822297909346,8.4038100297644,0.554907503859016,0.156483658295178,0.149450594328334,19.9563601395282,0.999838097,0.212254882789271,0.684603531169259,0.269611873062378,0.910858222960831,0.00828779142551055,0.68899650192467,2.22,3.74,3.093,1,"noRScoretop_noMesoseds_2over3under10_sst_87","noRScoretop_noMesoseds_2over3under10_sst"
"528",-7.91434431433694,22.4316294468758,33.2110544950408,39.8488938186781,62.2359243762319,54.8881345967211,21.7742183399459,14.5432807269056,15.2664967672378,15.8352232564066,43.5835114129745,15.9280107509405,62.5901845702157,6.78974258451441,8.42514954252438,3.46945985453922,67.3305694730462,18.0822297909346,8.4038100297644,0.554907503859016,0.156483658295178,0.149450594328334,19.9563601395282,0.999838097,0.212254882789271,0.684603531169259,0.269611873062378,0.910858222960831,0.00828779142551055,0.68899650192467,2.22,3.74,3.093,1,"noRScoretop_noMesoseds_2over3under10_sst_88","noRScoretop_noMesoseds_2over3under10_sst"
"529",-7.93124024847441,22.4316294468758,33.2110544950408,39.8488938186781,62.2359243762319,54.8881345967211,21.7742183399459,14.5432807269056,15.2664967672378,15.8352232564066,43.5835114129745,15.9280107509405,62.5901845702157,6.78974258451441,8.42514954252438,3.46945985453922,67.3305694730462,18.0822297909346,8.4038100297644,0.554907503859016,0.156483658295178,0.149450594328334,19.9563601395282,0.999838097,0.212254882789271,0.684603531169259,0.269611873062378,0.910858222960831,0.00828779142551055,0.68899650192467,2.22,3.74,3.095,1,"noRScoretop_noMesoseds_2over3under10_sst_89","noRScoretop_noMesoseds_2over3under10_sst"
"530",-8.07291306515733,22.4723389651952,33.2110544950408,39.8488938186781,62.2532014422615,54.8881345967211,21.7742183399459,14.5244933835458,15.2664967672378,15.8352232564066,43.5835114129745,16.4136294467255,62.5901845702157,6.72052911800212,8.42489659137869,3.46945985453922,67.3305694730462,18.0822297909346,8.4038100297644,0.554907503859016,0.156483658295178,0.149450594328334,19.9563601395282,0.999838097,0.212254882789271,0.684603531169259,0.269611873062378,0.910878700837881,0.0177807855341208,0.68899650192467,2.22,3.74,3.11,1,"noRScoretop_noMesoseds_2over3under10_sst_90","noRScoretop_noMesoseds_2over3under10_sst"
"531",-8.07291306515733,22.4316294468758,33.2109593474,39.8488938186781,62.2359243762319,54.8881345967211,21.7742183399459,14.5432807269056,15.2664967672378,15.8352232564066,43.5835114129745,15.9280107509405,62.5901845702157,6.78974258451441,8.42514954252438,3.46900286449704,67.3305694730462,18.0822297909346,8.4038100297644,0.554907503859016,0.156483658295178,0.149450594328334,19.9579611817586,0.999838097,0.212254882789271,0.618862045407755,0.269611873062378,0.910858222960831,0.00828779142551055,0.68899650192467,2.22,3.75,3.11,1,"noRScoretop_noMesoseds_2over3under10_sst_91","noRScoretop_noMesoseds_2over3under10_sst"
"532",-7.86167731137893,22.4381321975567,33.2041124377624,39.8488938186781,62.2359243762319,54.8881345967211,21.7742183399459,14.5432807269056,15.1989220953938,15.8352232564066,44.2368961904631,15.8763950917874,62.5901845702157,6.78974258451441,8.42514954252438,3.4693781117888,67.3305694730462,18.0822297909346,8.01907638371512,0.554907503859016,0.156483658295178,0.149450594328334,19.9563601395282,0.999839943448329,0.212254882789271,0.684603531169259,0.275314643987227,0.912497342139271,0.00828779142551055,0.68899650192467,2.22,3.76,3.068,1,"noRScoretop_noMesoseds_2over3under10_sst_92","noRScoretop_noMesoseds_2over3under10_sst"
"533",-8.0643229242485,22.4316294468758,33.2110544950408,39.8488938186781,62.2359243762319,54.8881345967211,21.7742183399459,14.5432807269056,15.2664967672378,15.8352232564066,43.5835114129745,15.9280107509405,62.5901845702157,6.78974258451441,8.42514954252438,3.46945985453922,67.3305694730462,18.0822297909346,8.4038100297644,0.554907503859016,0.156483658295178,0.149450594328334,19.9563601395282,0.999838097,0.212254882789271,0.684603531169259,0.269611873062378,0.910858222960831,0.00828779142551055,0.68899650192467,2.22,3.76,3.109,1,"noRScoretop_noMesoseds_2over3under10_sst_93","noRScoretop_noMesoseds_2over3under10_sst"
"534",-8.07291306515733,22.4315337916342,33.2110544950408,39.8488938186781,62.2359243762319,54.8881345967211,21.7742183399459,14.5438661484669,15.2631992058973,15.8352232564066,43.5835114129745,15.9280107509405,62.5901845702157,6.78742840160956,8.42501857630353,3.46945985453922,67.3305694730462,18.0822297909346,8.4038100297644,0.554907503859016,0.157654827426992,0.149450594328334,19.9563601395282,0.999838097,0.212254882789271,0.684603531169259,0.269611873062378,0.910858222960831,0.0178650136128037,0.68899650192467,2.22,3.76,3.11,1,"noRScoretop_noMesoseds_2over3under10_sst_94","noRScoretop_noMesoseds_2over3under10_sst"
"535",-8.07291306515733,22.4711115681079,33.2110544950408,39.838362003645,61.8602129146391,54.8881345967211,21.7742183399459,14.5244115508745,15.2614055106991,15.8351734437473,43.5835114129745,16.408732782046,62.5978800878097,6.72080885464992,8.42787314239894,3.39268294198604,67.3305694730462,18.0822297909346,5.74011317277952,0.556145719499687,0.157603641258856,0.149450594328334,19.9563601395282,0.999838097,0.212254882789271,0.684607229877882,0.269611873062378,0.910459141264382,0.0178657636060277,0.68899650192467,2.21,3.83,3.426,1,"noRScoretop_noMesoseds_2over3under10_sst_95","noRScoretop_noMesoseds_2over3under10_sst"
"536",-8.07291306515733,22.4703968715789,33.2110544950408,39.838362003645,61.8602129146391,54.8881345967211,21.7742183399459,14.5237251937688,15.1389040700858,15.8352232564066,43.5835114129745,16.4037401420304,62.5901845702157,6.72369679290494,8.43115770813609,3.39268294198604,67.3305694730462,18.0822297909346,5.74011317277952,0.556145719499687,0.156432472127042,0.149450594328334,19.9563601395282,0.999838097,0.212254882789271,0.684603531169259,0.269611873062378,0.91045168970913,0.00828854141881317,0.68899650192467,2.21,3.83,3.437,1,"noRScoretop_noMesoseds_2over3under10_sst_96","noRScoretop_noMesoseds_2over3under10_sst"
"537",-8.07291306515733,22.4703012163373,33.2110544950408,39.838362003645,61.8602129146391,54.8881345967211,21.7742183399459,14.5243106153301,15.1356065087452,15.8352232564066,43.5835114129745,16.4037401420304,62.5901845702157,6.72138261000009,8.43102674191523,3.39268294198604,67.3305694730462,18.0822297909346,5.74011317277952,0.556145719499687,0.157603641258856,0.149450594328334,19.9563601395282,0.999838097,0.212254882789271,0.684603531169259,0.269611873062378,0.91045168970913,0.0178657636060277,0.68899650192467,2.21,3.83,3.438,1,"noRScoretop_noMesoseds_2over3under10_sst_97","noRScoretop_noMesoseds_2over3under10_sst"
"538",-7.00930383485662,22.5254174771532,29.9879286679778,39.3559889165058,67.2588017509259,55.1738564689177,23.09090866,11.5683291799219,12.8419464851097,11.1365901772044,43.80176291,15.8905107081258,62.6790862409305,6.4643189105295,8.04732592223665,3.90094296308811,74.4308608082262,18.0801344566537,4.21277640194249,0.231120324788996,0.381758240350724,0.815175894840261,18.30169916,1.16660067709839,0.100262741507334,0.458680434935408,0.176060759284753,0.955772233416029,0.198083487838022,0.860880533211498,2.35,3.87,2.703,1,"noRScoretop_noMesoseds_2over3under10_sst_98","noRScoretop_noMesoseds_2over3under10_sst"
"539",-7.01673767913282,22.5254174771532,29.9879286679778,39.3559889165058,67.2588017509259,55.1738564689177,23.09090866,11.5683291799219,12.8419464851097,11.1365901772044,43.80176291,15.8905107081258,62.6790862409305,6.4643189105295,8.04732592223665,3.90094296308811,74.4308608082262,18.0801344566537,4.21277640194249,0.231120324788996,0.381758240350724,0.815175894840261,18.30169916,1.16660067709839,0.100262741507334,0.458680434935408,0.176060759284753,0.955772233416029,0.198083487838022,0.860880533211498,2.35,3.87,2.704,1,"noRScoretop_noMesoseds_2over3under10_sst_99","noRScoretop_noMesoseds_2over3under10_sst"
"540",-7.05044282222123,22.5254174771532,29.9879286679778,39.1118568824804,67.2588017509259,55.1738564689177,23.09090866,11.5683291799219,12.8420911986846,11.1365901772044,43.80176291,15.890242697732,62.6891407929786,6.4643189105295,8.04732592223665,3.90094296308811,74.4308608082262,18.0801344566537,4.21277640194249,0.556507488583333,0.381758240350724,0.815175894840261,18.30169916,1.16660067709839,0.100262741507334,0.458680434935408,0.176060759284753,0.955772233416029,0.198083487838022,0.860880533211498,2.34,3.89,2.702,1,"noRScoretop_noMesoseds_2over3under10_sst_100","noRScoretop_noMesoseds_2over3under10_sst"
"541",-7.60891716644449,23.0882017625404,30.0181610555779,33.1852202006842,79.6983159126849,55.8384062532419,25.7911988569815,14.525885906998,12.3796778817048,15.8618981704757,43.7701066314537,15.7341104933009,61.2687989383641,6.41395500736983,8.04725501461237,3.20730303119189,72.6580449438874,20.4262352620545,6.66423038683117,0.86593798990928,0.443830044691384,0.276645616220279,28.7554732180623,0.226026082069981,0.103992518,0.608071028045652,0.163665937286282,0.963118915322495,0.0550107313351348,0.667751428734802,2.63,4.04,2.644,1,"noRScoretop_noMesoseds_2over3under10_sst_101","noRScoretop_noMesoseds_2over3under10_sst"
"542",-7.58169925613313,22.6733096187143,30.161026971207,33.1852202006842,79.6983159126849,55.8384062532419,25.9242824808365,14.1015470687684,12.3796778817048,15.8165429550528,43.7701066314537,15.7341104933009,61.1836030403618,6.41395500736983,8.04725501461237,3.20730303119189,72.6580449438874,20.3316755853475,6.66423038683117,0.86593798990928,0.475334480747705,0.276645616220279,28.7554732180623,0.226026082069981,0.103992518,0.758785158462113,0.163665937286282,0.950166429549162,0.0550107313351348,0.667751428734802,2.64,4.32,2.638,1,"noRScoretop_noMesoseds_2over3under10_sst_102","noRScoretop_noMesoseds_2over3under10_sst"
"543",-7.00298090314342,22.5040230389719,29.9843054666658,38.5317937567833,68.2757153747936,55.1332052069593,23.09090866,14.5252944125039,12.4722973348652,10.9856768160849,43.7952736951749,15.8993704648233,62.6789009,6.69715704955816,8.05130196113889,3.89800697676473,74.4308608082262,18.0644712801531,4.21277640194249,0.143133822023103,0.385687060039348,0.815175894840261,18.30169916,1.14215686949116,0.139493005085915,0.730137190002803,0.351545558952942,0.828302008867037,0.198811786132455,0.359228924699352,2.3,4.64,2.762,1,"noRScoretop_noMesoseds_2over3under10_sst_103","noRScoretop_noMesoseds_2over3under10_sst"
"544",-7.00298090314342,22.5254174771532,29.9843054666658,38.1015086052637,68.2757153747936,55.1738564689177,23.09090866,14.5252944125039,12.8565991920705,10.9856768160849,43.7952736951749,15.8993704648233,62.6789009,6.69715704955816,8.05130196113889,3.89800697676473,74.4308608082262,18.0644712801531,4.21277640194249,0.233232767878631,0.385687060039348,0.815175894840261,18.30169916,1.17983356652872,0.139493005085915,0.730137190002803,0.268109192566066,0.828450479206171,0.198811786132455,0.359228924699352,2.3,4.69,2.747,1,"noRScoretop_noMesoseds_2over3under10_sst_104","noRScoretop_noMesoseds_2over3under10_sst"
"545",-7.00223823394496,22.5254174771532,29.9842378478858,38.1015086052637,68.2653268191578,55.1738564689177,23.09090866,14.5252944125039,12.8565991920705,10.9856768160849,43.8017505994385,15.8993704648233,62.6789009,6.69715704955816,8.05130196113889,3.89800697676473,74.4308608082262,18.0644712801531,4.21277640194249,0.233232767878631,0.385711577303167,0.815175894840261,18.30169916,1.17983356652872,0.139493005085915,0.730137190002803,0.268109192566066,0.828450479206171,0.198811786132455,0.359228924699352,2.3,4.69,2.748,1,"noRScoretop_noMesoseds_2over3under10_sst_105","noRScoretop_noMesoseds_2over3under10_sst"
"546",-7.00298090314342,22.4321255931456,29.9383327811885,38.1015086052637,68.2757153747936,55.1738564689177,23.0778221289429,14.5252944125039,12.8565991920705,10.9856768160849,43.7952736951749,15.8993704648233,62.6789009,6.69715704955816,8.05130196113889,3.89800697676473,74.5172629974,18.0832025283696,4.21277640194249,0.233232767878631,0.159194267251829,0.797828469243236,18.30169916,1.17628684013402,0.139493005085915,0.684514229157079,0.269669764545341,0.829290408548354,0.198811786132455,0.359228924699352,2.3,4.71,2.757,1,"noRScoretop_noMesoseds_2over3under10_sst_106","noRScoretop_noMesoseds_2over3under10_sst"
"547",-7.00298090314342,22.4321255931456,29.9383327811885,38.1045309585612,68.2757153747936,55.1738564689177,23.0778221289429,14.5252944125039,12.8565991920705,10.9856768160849,43.7952736951749,15.8993704648233,62.6789009,6.69731686062004,8.05130196113889,3.89800697676473,74.5172629974,18.0832025283696,4.21277640194249,0.233232767878631,0.159197494751302,0.797828469243236,18.30169916,1.17628684013402,0.139493005085915,0.684514229157079,0.269669764545341,0.829290408548354,0.198811786132455,0.359228924699352,2.3,4.71,2.757,1,"noRScoretop_noMesoseds_2over3under10_sst_107","noRScoretop_noMesoseds_2over3under10_sst"
"548",-7.00298090314342,22.4321255931456,29.9383327811885,38.1047207795981,68.2757153747936,55.1738564689177,23.0778221289429,14.5252944125039,12.8565991920705,10.9856768160849,43.7952736951749,15.8993704648233,62.6789009,6.71865804609534,8.05130196113889,3.89800697676473,74.5172629974,18.0832025283696,4.21277640194249,0.233232767878631,0.157945390995132,0.797828469243236,18.30169916,1.17626415145482,0.139493005085915,0.684514229157079,0.137961028194549,0.829290408548354,0.198811786132455,0.359228924699352,2.3,4.74,2.757,1,"noRScoretop_noMesoseds_2over3under10_sst_108","noRScoretop_noMesoseds_2over3under10_sst"
"549",-7.00298090314342,22.4321255931456,29.9383327811885,38.1016984263006,68.2757153747936,55.1738564689177,23.0778221289429,14.5252944125039,12.8565991920705,10.9856768160849,43.7952736951749,15.8993704648233,62.6789009,6.71849823503346,8.05130196113889,3.89800697676473,74.5172629974,18.0832025283696,4.21277640194249,0.233232767878631,0.157942163495659,0.797828469243236,18.30169916,1.17626415145482,0.139493005085915,0.684514229157079,0.137961028194549,0.829290408548354,0.198811786132455,0.359228924699352,2.3,4.74,2.757,1,"noRScoretop_noMesoseds_2over3under10_sst_109","noRScoretop_noMesoseds_2over3under10_sst"
"550",-6.7826880523494,16.2145505224622,30.3120283540094,32.7676920370234,45.418800936274,61.0227204885199,18.9401343694973,13.2640859670388,11.6729867816991,12.550080427565,26.2386638425269,20.5831983490263,79.2144161701352,5.38564288661548,7.71834781162811,3.83043360499924,72.1280184286937,23.9138393944003,5.40012629996726,0.889214948560395,0.049087247875374,0.366690445,8.703893842,0.862308265623899,0.058456746,0.511341596200803,0.470365599492064,0.978867293866948,0.0110244633854464,0.316177669690699,3.03,2.5,3.893,1,"noRScoretop_noMesoseds_2over3under10_deep_1","noRScoretop_noMesoseds_2over3under10_deep"
"551",-4.885055746,22.3851144,30.37288616,32.7534273166907,59.9029298500278,61.3160063577879,19.0690972103355,13.22309480122,11.6873757724457,10.5558717242331,39.40676485,20.4930540267312,68.6922418379135,6.55358961363341,8.32458062834325,3.83008076026579,72.4508729561684,21.8878094439522,1.87701465129288,0.893866327401054,0.0668677596957971,0.364527381169089,20.4743435393145,0.0345512662117645,0.059709912,0.502574448381253,0.282117770668459,0.960511358893665,0.0174281234754615,0.364285774792293,2.33,2.51,4.119,1,"noRScoretop_noMesoseds_2over3under10_deep_2","noRScoretop_noMesoseds_2over3under10_deep"
"552",-4.88485414897225,22.5044974197033,30.3659776619281,38.6966917447008,54.0557935675457,61.3160063577879,19.070905828133,13.2620601612771,13.738604763911,16.9971261987989,39.4090623812975,21.8590549051608,68.6912233927973,6.09065282267001,7.74336404521758,3.88852280265991,72.6537671334299,21.8893298954136,1.82429458773426,0.368960545751148,0.0668836844485116,0.361963838470091,20.4743435393145,0.035339842204384,0.059709912,0.51230333653147,0.286642697338604,0.980206238408897,0.0174557964727562,0.308237079981031,2.6,2.51,5.856,1,"noRScoretop_noMesoseds_2over3under10_deep_3","noRScoretop_noMesoseds_2over3under10_deep"
"553",-4.85047610981341,16.2145505224622,30.3120283540094,33.0262663428469,45.8206945029015,59.2960701869375,18.9525772995359,13.1960842126607,13.3172882394901,12.550080427565,25.8937343851768,17.159690205283,79.7606619705299,5.38212584287216,7.73027122967095,3.83105023600802,71.9152237877886,23.881969043842,1.95803997492313,0.285486666860337,0.0496390970409464,0.366690445,8.71392984415049,0.856879915819796,0.0584951531404177,0.511321727390913,0.524155775118236,0.978598744524072,0.0106968668716469,0.315891423405377,3.04,2.51,3.822,1,"noRScoretop_noMesoseds_2over3under10_deep_4","noRScoretop_noMesoseds_2over3under10_deep"
"554",-6.16719045424727,16.2145505224622,30.313116927459,32.7733687727914,45.418800936274,61.0522362197471,18.9401343694973,13.2397671660916,11.6719199243159,12.5151553624154,25.8951965607596,20.669759027342,79.69096103,5.38623597558337,7.72329500338122,3.83142004967757,71.9438877882608,23.9010889019441,1.64195674,0.889440736837932,0.049087247875374,0.366690445,8.703893842,0.856190383827617,0.058456746,0.511438074,0.524616755,0.978903839689005,0.0109578616970529,0.316141362535015,2.99,2.53,3.912,1,"noRScoretop_noMesoseds_2over3under10_deep_5","noRScoretop_noMesoseds_2over3under10_deep"
"555",-5.95227240671212,16.2145505224622,30.3120283540094,33.0262663428469,45.8206945029015,59.2960701869375,18.9401343694973,13.2396046007672,11.6779060144377,12.550080427565,25.8937343851768,17.159690205283,79.7606619705299,5.38212584287216,7.72714610639325,3.83043360499924,71.9152237877886,23.881969043842,5.53159693521731,0.889440736837932,0.049087247875374,0.366690445,8.703893842,0.856879915819796,0.0584951531404177,0.51134146313476,0.524023856585968,0.978867293866948,0.0110244633854464,0.316177669690699,2.98,2.54,3.743,1,"noRScoretop_noMesoseds_2over3under10_deep_6","noRScoretop_noMesoseds_2over3under10_deep"
"556",-4.80736169476132,22.3934932442143,30.3659736222158,32.4916554564637,54.6400326054183,61.6023901846185,19.0688618084998,13.1297077752724,11.6795707046336,10.491346228496,39.40676485,20.6651535595367,68.6901788573889,6.53968114950993,7.75734442974372,3.90990750430088,72.6537671334299,21.107645120761,1.7821049245308,1.43706796286747,0.0668836844485116,0.364562936540824,9.77387621184439,0.035339842204384,0.059709912,0.512305008134122,0.280625512366968,0.981829673757468,0.0342081181061361,0.308071380164315,2.48,2.55,3.504,1,"noRScoretop_noMesoseds_2over3under10_deep_7","noRScoretop_noMesoseds_2over3under10_deep"
"557",-4.87869684377841,22.3103953650167,30.37288616,32.5527374312624,58.1897750723661,61.313114337105,19.0753583,13.1833324474405,11.8123415288864,10.4765164869955,39.40676485,21.8116151041493,68.5038277451896,6.5547399610094,8.31254977271862,3.81984564942887,76.3228685996645,22.0110753206795,1.779025923,0.646158761398629,0.0849785621628278,0.364527381169089,10.1884349626656,0.0345512662117645,0.06760229826127,0.522063626264163,0.300803211710433,0.967125698001773,0.0099120611758838,0.363489574,2.36,2.6,3.226,1,"noRScoretop_noMesoseds_2over3under10_deep_8","noRScoretop_noMesoseds_2over3under10_deep"
"558",-4.91159245984779,22.243734083238,28.9652313999539,36.8931776618776,58.1534934507052,61.5432276614024,19.0465375921278,13.184208937967,11.4298818452813,12.3873799083458,39.4943403500052,21.3745272239237,68.5572605794748,6.56301621060672,8.3331873404422,3.82016041075397,76.7427606803146,22.0040564111753,1.82496406638797,0.643097123,0.0862628313141856,0.373139577288313,9.85722340489939,0.0353411284613117,0.0597364233083162,0.511771457151087,0.3000412578586,0.979788819203792,0.00992975847393583,0.369079425697754,2.29,2.63,3.34,1,"noRScoretop_noMesoseds_2over3under10_deep_9","noRScoretop_noMesoseds_2over3under10_deep"
"559",-6.22096609968182,22.3103953650167,30.37288616,33.1434134710151,58.1897750723661,61.3009902945077,18.9922995969222,12.9559967474589,11.8123415288864,10.4765164869955,39.8311840967547,21.8127346221833,68.4872015246564,6.5547399610094,8.31480610500484,3.81984564942887,76.3228685996645,22.2970074085651,1.779025923,0.646158761398629,0.492861195143832,0.364527381169089,10.1884349626656,0.0345512662117645,0.0677829966665734,0.522063626264163,0.516072479577196,0.967125698001773,0.0099120611758838,0.364994828295419,2.34,2.63,3.359,1,"noRScoretop_noMesoseds_2over3under10_deep_10","noRScoretop_noMesoseds_2over3under10_deep"
"560",-5.18516928886136,22.3923451649665,30.3657954267232,38.2219829353382,47.1055840037737,61.588860625817,19.0755138584823,13.2223634441916,13.5323453841426,12.4021707321052,39.40676485,21.4124358350742,68.2710895313472,6.55672400989186,8.26622026857732,3.90402227975356,63.2410115414056,21.9984686339039,1.78563283858943,0.36907236777862,0.0676541069415118,0.364527381169089,10.0996599242854,0.0343932841855083,0.059709912,0.501992231657074,0.275901865233313,0.968287372264885,0.0180530492134199,0.363341221859331,2.27,2.66,5.84,1,"noRScoretop_noMesoseds_2over3under10_deep_11","noRScoretop_noMesoseds_2over3under10_deep"
"561",-5.18517029486122,22.3937293036296,30.3734531955209,38.2219752472548,58.5469092416439,61.5953102545393,19.0755496902258,13.223177968996,13.5228566617874,12.4019246946386,39.40676485,21.3667873232677,68.481950941478,6.55672400989186,8.26626494713915,3.88261547221346,75.9439968229407,21.9984686339039,1.81666029476523,0.342139149549099,0.0676541069415118,0.364527381169089,9.86951037209906,0.0345512662117645,0.059709912,0.50280118247787,0.54877999306732,0.965565932799399,0.0174281234754615,0.363331175077638,2.27,2.72,3.362,1,"noRScoretop_noMesoseds_2over3under10_deep_12","noRScoretop_noMesoseds_2over3under10_deep"
"562",-5.18517029486122,22.3937293036296,30.3658903803276,38.2205641027327,58.5469092416439,61.5953102545393,19.0755496902258,13.2232891170546,13.5324173406581,12.4019246946386,39.40676485,21.4269929077019,68.47904623,6.55672400989186,8.26626494713915,3.89602691886954,76.32865032,21.9984686339039,1.81576867831395,0.36907236777862,0.0676541069415118,0.364527381169089,9.86951037209906,0.0345512662117645,0.059709912,0.50280118247787,0.548790444793253,0.967299390995547,0.0174281234754615,0.363331282859813,2.28,2.72,3.443,1,"noRScoretop_noMesoseds_2over3under10_deep_13","noRScoretop_noMesoseds_2over3under10_deep"
"563",-6.22417692716065,22.2609097772631,28.1128603933602,32.5527374312624,57.8891691520832,61.313114337105,19.0417271763382,13.0703707892789,11.8310775704022,10.4868222735457,39.40676485,21.8280000133351,68.5038277451896,6.5547399610094,8.31991688627178,3.81984564942887,76.3228685996645,22.0110753206795,1.779025923,0.284232362631343,0.0849785621628278,0.364527381169089,10.1884349626656,0.0345512662117645,0.06760229826127,0.522063626264163,0.300803211710433,0.967125698001773,0.0099120611758838,0.361070310930059,2.29,2.73,2.993,1,"noRScoretop_noMesoseds_2over3under10_deep_14","noRScoretop_noMesoseds_2over3under10_deep"
"564",-4.991065587112,19.6630164544614,28.0922424829927,32.7662554239089,47.4163554221373,61.7967523617336,20.1435724159808,10.1908374199349,13.5692338211799,10.3993057440085,26.24833924,20.8565229771925,53.3294695088447,5.22731874907307,8.07297543299562,3.24474043327727,63.79301626,27.8888435778698,7.89651443857051,0.292636083,0.155412308175426,0.357821852212222,40.2816247309637,0.162807151860684,0.129282670132792,0.935605639242509,0.515548819930152,0.981850926487072,0.00389249263210987,0.607515950335023,2.85,2.76,2.686,1,"noRScoretop_noMesoseds_2over3under10_deep_15","noRScoretop_noMesoseds_2over3under10_deep"
"565",-5.82026096963964,19.65286810668,28.0922379664852,32.825138447408,47.3624831656725,61.8106296869538,20.3884193862389,10.089917528665,13.5508043672056,10.4795173206814,26.0372188497886,20.2854885216193,53.3413588393096,5.36815515088406,8.07240331700877,3.24740322588614,63.7809921682004,27.9144030495145,7.90568146874701,0.289432845518795,0.511378905021666,0.353505044261634,40.1867120350571,0.875271343736687,0.129486144241655,0.935696537116703,0.515933406562569,0.920554540475747,0.00458771778517181,0.373012009079505,2.83,2.77,2.626,1,"noRScoretop_noMesoseds_2over3under10_deep_16","noRScoretop_noMesoseds_2over3under10_deep"
"566",-4.95124030383928,19.6440155878593,28.0922424829927,33.0963653037008,47.4292590072675,61.7953560804246,20.1488487575189,10.2342964813207,13.550386735128,11.1826045714595,26.24833924,20.8286613341179,53.32937676,5.31848937880562,8.05995240471979,3.24731305401253,63.79301626,27.8894170672995,7.89650412258111,0.292636083,0.165747100255247,0.357534271212742,40.1914853861575,0.101704739567879,0.12925621897673,0.932101479333005,0.515938444,0.931493666825847,0.010142182,0.367987137293838,2.8,2.78,2.708,1,"noRScoretop_noMesoseds_2over3under10_deep_17","noRScoretop_noMesoseds_2over3under10_deep"
"567",-4.95124030383928,19.424963427947,28.0922424829927,32.8262028535126,47.4292590072675,61.7968434482547,20.1377159327128,10.2342701996705,13.5902327,10.4725351096678,26.2468857690335,20.8286613341179,53.32937676,5.29493841796457,8.07251042155632,3.24672239687211,63.79301626,27.8894053571176,7.89650323890498,0.292636083,0.165744745,0.357534271212742,40.1915056758412,0.084690436723114,0.129261313710784,0.932101479333005,0.515938444,0.932244277699105,0.010142182,0.607514954,2.81,2.78,2.688,1,"noRScoretop_noMesoseds_2over3under10_deep_18","noRScoretop_noMesoseds_2over3under10_deep"
"568",-4.991065587112,19.6621374985236,28.0922424829927,33.0892205429625,47.4292590072675,61.7953530369099,20.1447877930102,10.2342701996705,13.5682726528088,10.3693183030312,26.24833924,20.8504722703581,53.32937676,5.29493841796457,8.07251249459501,3.24731305401253,63.79301626,27.8894170189432,7.89650412258111,0.292636083,0.165744745,0.357534271212742,40.288605276034,0.162807151860684,0.129261313710784,0.932101479333005,0.515938444,0.932244277699105,0.010142182,0.607648368524648,2.82,2.78,2.687,1,"noRScoretop_noMesoseds_2over3under10_deep_19","noRScoretop_noMesoseds_2over3under10_deep"
"569",-5.31111194129116,19.6624925685181,28.0922424829927,33.0778849927452,47.4238791968446,61.7954038592926,20.1558883831881,10.093785709375,13.5804034789458,11.1808803566728,26.2483836178069,20.8151164941076,53.3436731073852,5.34883105200739,8.06154019830943,3.2601666855357,63.7930171790166,28.0864917847409,7.896925373,0.291344572747778,0.165744745,0.353498680615274,40.2915492499566,0.101704739567879,0.130732013596694,0.932101479333005,0.515930428477576,0.932244277699105,0.00476523343114201,0.607514954,2.79,2.79,2.681,1,"noRScoretop_noMesoseds_2over3under10_deep_20","noRScoretop_noMesoseds_2over3under10_deep"
"570",-5.26480347910437,19.6621374985236,28.0922424829927,33.0824205153735,47.4217879974989,61.7954038592926,20.1601500807533,10.2838966113572,13.5902327,11.1826045714595,26.2505954523684,20.8073793154168,53.32937676,5.29493841796457,8.06148048011155,3.24138914197077,63.79301626,27.9117711132383,7.896925373,0.292636083,0.165744745,0.353886126218901,40.293348943165,0.101704739567879,0.130729726714766,0.932101479333005,0.515930428477576,0.932244277699105,0.00476786674477673,0.607514954,2.8,2.79,2.67,1,"noRScoretop_noMesoseds_2over3under10_deep_21","noRScoretop_noMesoseds_2over3under10_deep"
"571",-5.02213348205174,19.6621374985236,28.0922424829927,32.7503826834422,47.4291671134245,61.7964543246632,20.1290841614638,10.2342701996705,13.5682726528088,10.3693183030312,26.24833924,20.8588167446117,53.32937676,5.33298111159335,8.07251249459501,3.24144329104804,63.7908543007779,27.8894170189432,7.89650412258111,0.292636083,0.173940261157602,0.360079052064976,40.2834700042653,0.162807151860684,0.130090227830257,0.93586038496736,0.515938444,0.932260034700553,0.010142182,0.607648368524648,2.8,2.79,2.689,1,"noRScoretop_noMesoseds_2over3under10_deep_22","noRScoretop_noMesoseds_2over3under10_deep"
"572",-5.33278726671467,19.6530748969722,28.0922424829927,33.0824205153735,47.4217879974989,61.7953476583206,20.1601500807533,10.1929438717842,13.5513563676802,11.1826045714595,26.24833924,20.8286613341179,53.32937676,5.29493841796457,8.061544118,3.24751668581477,63.7926755617687,27.9127332761654,7.896925373,0.292636083,0.165744745,0.3408530545026,40.1915056758412,0.157526558134132,0.129511149751111,0.932101479333005,0.515938444,0.932244277699105,0.00470701137962017,0.607532346274386,2.81,2.79,2.687,1,"noRScoretop_noMesoseds_2over3under10_deep_23","noRScoretop_noMesoseds_2over3under10_deep"
"573",-6.22732006734694,19.6619270991324,28.0922294,33.1955495368365,47.4170366904948,61.7964269823605,20.3881265720692,10.2170358309606,13.501897718761,10.4833021828561,26.6838717827313,20.260704118268,53.323070222192,5.38813870754137,8.06431820541557,3.23445148393223,63.79301626,28.0863847656271,7.90418882676956,0.295624135315589,0.164287739965294,0.393839516555947,40.1689626868348,0.914498848045513,0.129497990696945,0.931863426763597,0.515909009837139,0.979896911287746,0.025941521032206,0.60750192821845,2.82,2.79,2.653,1,"noRScoretop_noMesoseds_2over3under10_deep_24","noRScoretop_noMesoseds_2over3under10_deep"
"574",-4.991065587112,19.6621374985236,28.0922424829927,33.0892205429625,47.4292590072675,61.7953530369099,20.1447877930102,10.2342701996705,13.5692338211799,10.3993057440085,26.24833924,20.8290795655862,53.32937676,5.29493841796457,8.07251249459501,3.24475392228063,63.79301626,27.9135478620644,7.89651443857051,0.292636083,0.165744745,0.357521704286828,40.288605276034,0.162807151860684,0.129261313710784,0.932101479333005,0.515938444,0.932244277699105,0.010142182,0.607515950335023,2.82,2.79,2.684,1,"noRScoretop_noMesoseds_2over3under10_deep_25","noRScoretop_noMesoseds_2over3under10_deep"
"575",-5.33278726671467,19.4151035340321,28.0922424829927,32.8343475874708,47.4217879974989,61.7968375103756,20.1859931699815,10.2908782237112,13.5902327,10.7158516625207,26.6809877164575,20.8286613341179,53.32937676,5.35418350427651,7.73144409758537,3.24490191167165,63.79301626,27.8877796129978,7.89594301266625,0.292636083,0.504157068725629,0.351541787576497,39.8043644143491,0.0783966169310383,0.129247102862021,0.932101479333005,0.515938444,0.932244277699105,0.0101413844272076,0.607514954,2.79,2.8,2.665,1,"noRScoretop_noMesoseds_2over3under10_deep_26","noRScoretop_noMesoseds_2over3under10_deep"
"576",-5.3246746819662,19.6621374985236,28.0922424829927,33.0824205153735,47.4217879974989,61.7954038592926,20.1601500807533,10.2838966113572,13.5902327,11.1826045714595,26.2505954523684,20.8073793154168,53.32937676,5.29493841796457,8.06148048011155,3.24138914197077,63.79301626,27.9117711132383,7.896925373,0.292636083,0.165744745,0.353886126218901,40.293348943165,0.101704739567879,0.130729726714766,0.932101479333005,0.515930428477576,0.932244277699105,0.00476786674477673,0.607514954,2.8,2.8,2.673,1,"noRScoretop_noMesoseds_2over3under10_deep_27","noRScoretop_noMesoseds_2over3under10_deep"
"577",-5.4292425877392,19.652918133993,28.0923140747619,32.7482962615393,47.4172075323488,61.7928829867983,20.1404385448492,10.0801936074771,13.5902766514127,10.5004556995675,26.2605201406162,20.2794542330901,53.3095035914778,5.36497023612389,8.07298034771259,3.20454790804822,63.7930144624049,28.2373171527772,7.89689338117868,0.293687235863155,0.520634125789826,0.352429120310467,39.760849248875,0.812946906454569,0.142024103216993,0.934412896182132,0.515560424698658,0.920212024216922,0.00470870979239451,0.607514954,2.82,2.8,2.648,1,"noRScoretop_noMesoseds_2over3under10_deep_28","noRScoretop_noMesoseds_2over3under10_deep"
"578",-5.82026096963964,19.65286810668,28.0922379664852,32.8271418240814,47.3624831656725,61.8006745000097,20.3883892160594,10.0897414049409,13.5508043672056,10.4558392553877,26.1931890262202,20.2796977142024,53.3288769081856,5.36815515088406,8.07240118147038,3.24740322588614,63.7796997940158,27.9144030495145,7.89649748681435,0.289417015307445,0.507902052119761,0.323189659083853,40.192827506998,0.864076655678854,0.129506125525173,0.932837166824389,0.515933406562569,0.920554540475747,0.010190613474791,0.610354132040105,2.83,2.8,2.624,1,"noRScoretop_noMesoseds_2over3under10_deep_29","noRScoretop_noMesoseds_2over3under10_deep"
"579",-5.82056309590547,19.65286810668,28.0922379664852,32.8272600262559,47.3624831656725,61.7962884744068,20.3886582948621,10.1082195800457,13.5882513393937,10.4806315577243,26.1931890262202,20.2796977142024,53.3288769081856,5.3682216959041,8.07240118147038,3.24740322588614,63.7796997940158,27.9200646822954,7.8964884327589,0.289432845518795,0.511735034778433,0.353505044261634,40.192827506998,0.875509560102485,0.129799892675303,0.935696537116703,0.515933406562569,0.920554540475747,0.00447142213773647,0.610354132040105,2.83,2.8,2.625,1,"noRScoretop_noMesoseds_2over3under10_deep_30","noRScoretop_noMesoseds_2over3under10_deep"
"580",-5.82026096963964,19.6574186097011,28.0922379664852,32.8272598212678,47.3618801856637,61.7964917163986,20.3885670334853,10.0897414049409,13.5508043672056,10.4806315577243,26.1931890262202,20.2796977142024,53.3288769081856,5.36815515088406,8.07211576957562,3.25949683703549,63.7931617552923,27.8851856920827,7.8964884327589,0.289430832302112,0.514812225545168,0.353505044261634,40.1927847233062,0.875527139581166,0.129506125525173,0.935696537116703,0.515968322145532,0.920554540475747,0.00413183235543805,0.610352451765414,2.83,2.8,2.625,1,"noRScoretop_noMesoseds_2over3under10_deep_31","noRScoretop_noMesoseds_2over3under10_deep"
"581",-5.82026096963964,19.65286810668,28.0922379664852,32.8272598212678,47.3624831656725,61.7962884744068,20.3885725238618,10.0897414049409,13.5508043672056,10.4806315577243,26.1931890262202,20.2796977142024,53.3288769081856,5.36815515088406,8.07240118147038,3.24740322588614,63.7796997940158,27.9144030495145,7.8964884327589,0.289432845518795,0.511378905021666,0.353505044261634,40.192827506998,0.875527139581166,0.129506125525173,0.935696537116703,0.515933406562569,0.920554540475747,0.00447905496169208,0.610354132040105,2.83,2.8,2.625,1,"noRScoretop_noMesoseds_2over3under10_deep_32","noRScoretop_noMesoseds_2over3under10_deep"
"582",-5.82135602086326,19.6533939315471,28.0923257836428,32.8272598212678,47.3622244112999,61.8098334738648,20.3885871896156,10.0897414049409,13.5508086112655,10.4809224957518,26.1913802805315,20.2629594308355,53.3288769081856,5.36765808322202,8.07210481041485,3.25949683703549,63.7929429492759,27.8789713374531,7.8964884327589,0.289430832302112,0.507156143217621,0.353192642026249,40.1941923893849,0.875447421730428,0.13193651297811,0.935696537116703,0.515968322145532,0.920554540475747,0.0100437357021697,0.607194043298553,2.83,2.8,2.626,1,"noRScoretop_noMesoseds_2over3under10_deep_33","noRScoretop_noMesoseds_2over3under10_deep"
"583",-5.82026096963964,19.65286810668,28.0919026733744,32.8271418240814,47.3718372459575,61.8006745000097,20.3883892160594,10.0897414049409,13.5526964422959,10.4558392553877,26.0287256924738,20.2796977142024,53.3293685842679,5.36815515088406,8.07240118147038,3.24740322588614,63.7796997940158,27.9144030495145,7.89649748681435,0.292727942133165,0.514240035982482,0.354295296622414,40.193781723182,0.864076655678854,0.129506125525173,0.932837166824389,0.515933406562569,0.920554540475747,0.010190613474791,0.610354132040105,2.83,2.8,2.628,1,"noRScoretop_noMesoseds_2over3under10_deep_34","noRScoretop_noMesoseds_2over3under10_deep"
"584",-5.93147554172422,19.6531483949091,28.0922143144248,32.8268677078987,47.4168466619005,61.5247463753908,20.3874104207552,10.2425702848792,13.5904350192382,10.4973002047816,26.231648702961,20.2625216019309,53.3346672766689,5.3310794346279,8.06654672691085,3.26066509705191,63.7931592599748,27.8783883528288,7.89703494296738,0.289098098635506,0.167938992153648,0.708861686565033,39.7860700571609,0.855834361090398,0.129599190413289,0.934742891469961,0.515935466995892,0.93206877520092,0.0102051141513531,0.610625397092891,2.81,2.81,2.645,1,"noRScoretop_noMesoseds_2over3under10_deep_35","noRScoretop_noMesoseds_2over3under10_deep"
"585",-5.82487176608186,19.65286810668,28.0922379664852,32.8277073163599,47.3624831656725,61.7962839082119,20.3986713597234,10.2533940793356,13.5513872612024,10.4806255161999,26.1931890262202,20.2796977142024,53.3288769081856,5.36815515088406,8.07240118147038,3.24746960843096,63.7796997940158,27.9171720105706,7.89641607917762,0.289432845518795,0.510983107643167,0.340598977038753,40.2927382843147,0.876842251705515,0.129505836591875,0.935696537116703,0.515933406562569,0.920554540475747,0.00447905496169208,0.610360815103954,2.82,2.81,2.629,1,"noRScoretop_noMesoseds_2over3under10_deep_36","noRScoretop_noMesoseds_2over3under10_deep"
"586",-5.82487176608186,19.65286810668,28.0922379664852,32.8277073163599,47.3624831656725,61.7962839082119,20.3990242292069,10.2533940793356,13.5512261851364,10.4817340221861,26.1931890262202,20.2796777086727,53.3288769081856,5.36815515088406,8.07240118147038,3.24746960843096,63.793467894943,27.8894176731434,7.89641607917762,0.292934940218005,0.510983107643167,0.341519020917503,40.2927382843147,0.876842251705515,0.129505836591875,0.935696537116703,0.512909187402377,0.920554540475747,0.00447905496169208,0.608800510126886,2.82,2.81,2.63,1,"noRScoretop_noMesoseds_2over3under10_deep_37","noRScoretop_noMesoseds_2over3under10_deep"
"587",-5.82115902822613,19.6574186097011,28.0923257836428,32.8272598212678,47.3622244112999,61.8098334738648,20.3885746744262,10.0897414049409,13.5508086112655,10.4806315577243,26.1942504740883,20.279679285602,53.3288769081856,5.36815515088406,8.07210733499912,3.25949683703549,63.7931617552923,27.8789713374531,7.8964884327589,0.289430832302112,0.507156143217621,0.353505044261634,40.1869968165703,0.875447421730428,0.129527188918493,0.935696537116703,0.515968322145532,0.920554540475747,0.0100437357021697,0.635286352626461,2.83,2.81,2.625,1,"noRScoretop_noMesoseds_2over3under10_deep_38","noRScoretop_noMesoseds_2over3under10_deep"
"588",-5.82026096963964,19.6622791600337,28.0922379664852,32.8315470156679,47.4245957358915,61.7964975046566,20.3885670334853,10.089605394411,13.5508043672056,11.1945375582664,26.2515051683586,20.2796977142024,53.3293653338557,5.36815515088406,8.07214695631023,3.25949683703549,63.7931617552923,27.8851856920827,7.89691977051251,0.289430832302112,0.514812225545168,0.353511859517147,40.2918443316409,0.875527139581166,0.129515665440399,0.932277395250176,0.515968322145532,0.920554540475747,0.00413183235543805,0.610332071102254,2.83,2.81,2.648,1,"noRScoretop_noMesoseds_2over3under10_deep_39","noRScoretop_noMesoseds_2over3under10_deep"
"589",-5.82915003227321,19.65286810668,28.0922379664852,32.8276758919155,47.362338274419,61.7962839082119,20.3983507585836,10.2533940793356,13.5886609860702,10.4806255161999,26.1931890262202,20.2796977142024,53.3289352445078,5.36815515088406,8.07240118147038,3.25192716295742,63.7796997940158,27.9175907929125,7.89639406289893,0.292600155476726,0.510983107643167,0.34052717879305,39.7841290132628,0.876828960244701,0.144511660370559,0.934468616811733,0.515794299976671,0.920554540475747,0.00447905496169208,0.607380909319189,2.81,2.82,2.636,1,"noRScoretop_noMesoseds_2over3under10_deep_40","noRScoretop_noMesoseds_2over3under10_deep"
"590",-5.82915003227321,19.65286810668,28.0922379664852,32.8276758919155,47.362338274419,61.7962839082119,20.3986713597234,10.2533940793356,13.5886609860702,10.4806255161999,26.1931890262202,20.2796977142024,53.3289352445078,5.36815515088406,8.07240118147038,3.24746960843096,63.7796997940158,27.9171720105706,7.89641607917762,0.292600155476726,0.510983107643167,0.340598977038753,39.7647048934907,0.876828960244701,0.144511660370559,0.935696537116703,0.515794299976671,0.920554540475747,0.00447905496169208,0.607388471261678,2.81,2.82,2.639,1,"noRScoretop_noMesoseds_2over3under10_deep_41","noRScoretop_noMesoseds_2over3under10_deep"
"591",-5.85406154523928,19.6619656413561,28.0922379664852,32.8277073163599,47.3624831656725,61.7964626221328,20.3985415224685,10.2533940793356,13.5513872612024,10.5001220005679,26.1931890262202,20.2802455006805,53.1142799376442,5.37987783681393,8.07240118147038,3.24746960843096,63.7928224624187,27.8886531073534,7.89410935441148,0.289608449192314,0.510410303676333,0.353025760064078,40.2927382843147,0.876842251705515,0.129505836591875,0.935696537116703,0.515933406562569,0.920554540475747,0.00447905496169208,0.610360815103954,2.82,2.82,2.621,1,"noRScoretop_noMesoseds_2over3under10_deep_42","noRScoretop_noMesoseds_2over3under10_deep"
"592",-5.83143640535351,19.6553803086951,28.0922379664852,32.8276758919155,47.362338274419,61.7956752155362,20.3986713597234,10.2533940793356,13.5882916811499,10.4806255161999,26.193006686192,20.2796977142024,53.3289352445078,5.36051294492524,8.07240118147038,3.24746960843096,63.7795944389388,27.9201447164209,7.89640116912213,0.292600155476726,0.530341908673606,0.339724632543066,39.768604033945,0.876828960244701,0.144511660370559,0.929498201474697,0.515794299976671,0.920554540475747,0.0104015246175903,0.60738921421404,2.82,2.82,2.637,1,"noRScoretop_noMesoseds_2over3under10_deep_43","noRScoretop_noMesoseds_2over3under10_deep"
"593",-5.82915003227321,19.6555115715844,28.0922379664852,32.8276758919155,47.362338274419,61.7963391049865,20.3986713597234,10.2533940793356,13.5886609860702,10.4806255161999,26.1931890262202,20.2796977142024,53.3289352445078,5.36065939603146,8.07240118147038,3.24746960843096,63.7795874992981,27.9171720105706,7.89641607917762,0.292600155476726,0.510983107643167,0.33972289926257,39.7683962793683,0.876828960244701,0.144511660370559,0.929484030596866,0.515794299976671,0.920554540475747,0.0104496132598617,0.607388471261678,2.82,2.82,2.639,1,"noRScoretop_noMesoseds_2over3under10_deep_44","noRScoretop_noMesoseds_2over3under10_deep"
"594",-5.83113427908767,19.6527368437906,28.0922379664852,32.8276756869273,47.362338274419,61.7956200187616,20.3985855887231,10.2349159042309,13.5508447089617,10.4806255161999,26.193006686192,20.2796977142024,53.3289352445078,5.3679421547578,8.07240118147038,3.24746960843096,63.7797067336565,27.9144830836401,7.89640116912213,0.292600155476726,0.52998577891684,0.340600710319248,39.7649126480675,0.876846539723381,0.144217893220429,0.935710707994533,0.515794299976671,0.920554540475747,0.0044385991441647,0.60738921421404,2.82,2.82,2.64,1,"noRScoretop_noMesoseds_2over3under10_deep_45","noRScoretop_noMesoseds_2over3under10_deep"
"595",-5.83113427908767,19.6553803086951,28.0922379664852,32.8276756869273,47.362338274419,61.7956752155362,20.3985855887231,10.2349159042309,13.5508447089617,10.4806255161999,26.193006686192,20.2796977142024,53.3289352445078,5.36044639990521,8.07240118147038,3.24746960843096,63.7795944389388,27.9144830836401,7.89640116912213,0.292600155476726,0.52998577891684,0.339724632543066,39.768604033945,0.876846539723381,0.144217893220429,0.929498201474697,0.515794299976671,0.920554540475747,0.0104091574418568,0.60738921421404,2.82,2.82,2.64,1,"noRScoretop_noMesoseds_2over3under10_deep_46","noRScoretop_noMesoseds_2over3under10_deep"
"596",-5.82277171904641,19.65286810668,28.0922379664852,32.8393312101674,47.3624831656725,61.4898996978314,20.3883892160594,10.0897414049409,13.550263187956,10.5031766864384,26.1931890262202,20.2796977142024,53.9181210333319,5.36815515088406,8.07240118147038,3.24374749588689,63.7924766194428,27.9138766828195,7.89649748681435,0.289417015307445,0.489773544122831,0.323189659083853,40.2731237598155,0.177946987780344,0.129506125525173,0.931271740063115,0.515933406562569,0.920554540475747,0.010190613474791,0.610354132040105,2.8,2.83,2.641,1,"noRScoretop_noMesoseds_2over3under10_deep_47","noRScoretop_noMesoseds_2over3under10_deep"
"597",-6.20865692744278,19.6656032034168,28.0922292117914,32.8264903250949,47.4173274158655,61.7964792710678,20.3883538181475,10.2458533547421,13.5902327,10.4798660744173,26.2488174852951,20.2624928508066,53.32937676,5.40047478647943,8.08540872851169,3.24870715327409,63.7930175604589,27.8728325000174,7.896925373,0.289402898502905,0.174377255700912,0.725762866579824,40.2948798807288,0.876810714,0.130708105862513,0.935748090124111,0.514937258071281,0.920842614113935,0.00409903635094513,0.607349688836417,2.79,2.84,2.651,1,"noRScoretop_noMesoseds_2over3under10_deep_48","noRScoretop_noMesoseds_2over3under10_deep"
"598",-6.20899053831611,19.6656155568419,28.0922292117914,32.8264903250949,47.4173274158655,61.8000783616327,20.3883538181475,10.2458533547421,13.5877376613546,10.4798660744173,26.2488041726972,20.2624928508066,53.32937676,5.40047478647943,8.08540872851169,3.24870715327409,63.7930175604589,27.8728325000174,7.896925373,0.289402898502905,0.174376863961592,0.725762866579824,40.2948798807288,0.876810714,0.129443953877587,0.940739648767386,0.514963920124235,0.920842614113935,0.00409903635094513,0.607349688836417,2.79,2.84,2.652,1,"noRScoretop_noMesoseds_2over3under10_deep_49","noRScoretop_noMesoseds_2over3under10_deep"
"599",-5.33278726671467,19.8947256822592,28.0922424829927,33.0824205153735,47.4217879974989,61.7953476583206,20.1859577060464,11.2840853538248,13.5904920884917,10.7158516625207,26.6829148845738,20.8286613341179,53.32937676,5.35418350427651,7.73013115523855,3.24726892228586,63.79301626,27.9127332761654,8.00536432963959,0.292636083,0.164559514157081,0.35779648418915,40.1915056758412,0.0970964196329474,0.129255214489543,0.932101479333005,0.515938444,0.920878879519929,0.00951341281237801,0.607514954,2.76,2.85,2.65,1,"noRScoretop_noMesoseds_2over3under10_deep_50","noRScoretop_noMesoseds_2over3under10_deep"
"600",-6.20865692744278,19.6660168539786,28.0922292117914,32.8264903250949,47.4173274158655,61.7964792710678,20.3883538181475,10.2458533547421,13.5902327,10.4850094281789,26.2488174852951,20.2624928508066,53.32937676,5.43713175245121,8.08575223479601,3.24870715327409,63.7911460092732,27.8728325000174,7.896925373,0.292417225639979,0.174377255700912,0.708498389101562,40.2948798807288,0.876810714,0.130708105862513,0.935748090124111,0.514961822780714,0.920837022793012,0.0037589197332855,0.607349688836417,2.77,2.85,2.648,1,"noRScoretop_noMesoseds_2over3under10_deep_51","noRScoretop_noMesoseds_2over3under10_deep"
"601",-5.33278726671467,19.6621374985236,28.0923551114777,32.8227304770762,47.4217879974989,61.7953476583206,20.1795198813981,11.4109096389739,13.567923958155,10.4950695784373,26.2545731359815,20.8286613341179,53.32937676,5.35418350427651,7.73365416449556,3.24474922212864,63.79301626,27.9127332761654,7.99856679677037,0.289587992091469,0.164162033849601,0.349995060275299,40.1915056758412,0.143242242779918,0.129254617540245,0.932101479333005,0.515938444,0.932233880535072,0.00950785058030463,0.607514954,2.74,2.87,2.649,1,"noRScoretop_noMesoseds_2over3under10_deep_52","noRScoretop_noMesoseds_2over3under10_deep"
"602",-5.32488526499937,19.6621374985236,28.0922424829927,33.0824205153735,47.4219251509053,61.7953476583206,20.1846921848353,11.4065702546431,13.5902327,10.7158516625207,26.6854413271199,20.8286613341179,53.32937676,5.38771691499863,7.71740353192945,3.24479248144773,63.79301626,27.8837382211032,7.99856679677037,0.290212420046152,0.163920469135061,0.358298767357941,40.1972073892371,0.0923307211975037,0.129248241413817,0.931878130640512,0.515884446521625,0.932244277699105,0.00950785058030463,0.607514954,2.74,2.88,2.65,1,"noRScoretop_noMesoseds_2over3under10_deep_53","noRScoretop_noMesoseds_2over3under10_deep"
"603",-6.22797495394356,19.6424975629096,28.0922294,32.8438535903817,47.3619116595976,61.7988592271631,20.3976080924391,10.7981275031731,13.5899074888514,10.5019735677539,26.250389040616,20.2071935848031,53.3293799889702,5.36148139150547,8.08681340964641,3.26056814844262,63.7931069690534,27.8829147885586,7.89644952675637,0.292717457398126,0.166065487618812,0.724867002321792,40.1835539120709,0.876788622447824,0.142308720399459,0.935664134630555,0.514984671131344,0.920552229,0.0101407553762237,0.607495351678166,2.77,2.89,2.64,1,"noRScoretop_noMesoseds_2over3under10_deep_54","noRScoretop_noMesoseds_2over3under10_deep"
"604",-6.22778133773661,19.6428944817821,28.0922294,32.8439549816998,47.44433654157,61.7988592271631,20.3978281308251,10.7981275031731,13.5899074888514,10.5156791361639,26.250389040616,20.2071707123188,53.3293799889702,5.36148139150547,8.08681340964641,3.26056814844262,63.7931069690534,28.0894129683646,7.89644952675637,0.292717457398126,0.166065487618812,0.724867002321792,40.1835539120709,0.876788622447824,0.142159450936957,0.931006812985521,0.514984671131344,0.93322341029441,0.0101407553762237,0.607495351678166,2.77,2.89,2.646,1,"noRScoretop_noMesoseds_2over3under10_deep_55","noRScoretop_noMesoseds_2over3under10_deep"
"605",-6.24299505249955,19.6703987755381,28.0922143144248,32.8176631697776,47.4172076211725,61.7981305071963,20.40077678223,11.3171116024197,13.5902310679187,10.4849601466696,26.1884918623373,20.2623194079155,53.3300621773835,5.28057221990653,8.35637772933774,3.0098226591423,63.7912226048496,28.0778275765397,7.89446071294407,0.00363439291247869,0.167958491821296,0.736672715718163,40.2948109095166,0.82127711940795,0.144497268975997,0.929465131261137,0.515790333575528,0.920552229,0.0104399571644868,0.607554472288637,2.79,2.89,2.633,1,"noRScoretop_noMesoseds_2over3under10_deep_56","noRScoretop_noMesoseds_2over3under10_deep"
"606",-6.22514582926763,19.6719792822063,28.0922143144248,32.8176631697776,47.4291739342057,61.7981305071963,20.3976035934874,11.3171976412961,13.590223761211,10.4849601466696,26.2487977361674,20.262328675369,53.3293771354355,5.28057221990653,8.35851252590214,3.0098226591423,63.7930267906167,28.0850692988278,7.89446071294407,0.00363439291247869,0.172256838403563,0.724872427692334,40.2948109095166,0.876808354256617,0.144497268975997,0.929465131261137,0.515938444,0.920552229,0.0104399571644868,0.607554472288637,2.8,2.89,2.624,1,"noRScoretop_noMesoseds_2over3under10_deep_57","noRScoretop_noMesoseds_2over3under10_deep"
"607",-6.22511090896462,19.6719792822063,28.0922143144248,32.8176631697776,47.4291739342057,61.7981305071963,20.3892689215986,11.3171976412961,13.5909238793827,10.4847135449438,26.2487977361674,20.262328675369,53.3293771354355,5.28057221990653,8.35851252590214,3.00962851395787,63.7930267906167,28.0850692988278,7.89650014657983,0.00365180665177142,0.169131312016688,0.725669415492858,40.2892209739508,0.876810752185161,0.144497268975997,0.928714666847707,0.515787391813153,0.920552229,0.00354274569410226,0.607554472288637,2.8,2.89,2.625,1,"noRScoretop_noMesoseds_2over3under10_deep_58","noRScoretop_noMesoseds_2over3under10_deep"
"608",-6.24299505249955,19.6703987755381,28.0922143144248,32.8176631697776,47.4172076211725,61.7981305071963,20.3975864793163,11.3171116024197,13.590223761211,10.4849601466696,26.1884918623373,20.262328675369,53.3293771354355,5.28057221990653,8.35637772933774,3.0098226591423,63.79123569986,28.0778275765397,7.89446071294407,0.00363439291247869,0.167958491821296,0.736672715718163,40.2948109095166,0.87316934305609,0.144497268975997,0.929465131261137,0.515938444,0.920552229,0.0104399571644868,0.607554472288637,2.8,2.89,2.628,1,"noRScoretop_noMesoseds_2over3under10_deep_59","noRScoretop_noMesoseds_2over3under10_deep"
"609",-5.41785495660506,19.3351149863546,28.0922424829927,32.818374157003,47.4218125209322,61.7952069035629,20.1598271150997,11.4120131387315,13.5026706644974,10.4333913494748,26.24833924,20.8301736288284,53.3375776887619,5.3061396030623,8.07281378559816,3.24399816377929,63.7930127197762,27.8851718657405,7.91101778830479,0.292647208634522,0.165744713370419,0.393787439778451,40.2738670798139,0.101704739567879,0.143394833028573,0.931859332307555,0.515809414018595,0.932244277699105,0.0101056215792604,0.607514954,2.74,2.9,2.644,1,"noRScoretop_noMesoseds_2over3under10_deep_60","noRScoretop_noMesoseds_2over3under10_deep"
"610",-6.21813375531539,19.6541537767531,28.0922329991587,32.8229922930346,47.4301628689699,61.5157893320428,20.3883843466737,10.1746565881978,11.6791678587334,10.6187849754283,26.1901671374197,20.2612763300527,53.329377622542,6.19817845788094,8.37983839400363,3.2312565002541,63.7930088752213,28.0723429815103,7.89610078501097,0.270370236778822,0.524101907436301,0.385336717749896,40.2085128187222,0.872268021334673,0.143377585300089,0.928710414316734,0.515901604763769,0.920602244943538,0.00367818951760286,0.606120757946612,2.53,2.91,2.748,1,"noRScoretop_noMesoseds_2over3under10_deep_61","noRScoretop_noMesoseds_2over3under10_deep"
"611",-6.23819523186859,19.6604681682108,28.0923458693263,32.8277002770388,47.4301628689699,61.5419451780651,20.3985634892208,10.155710411083,11.7685511536144,10.5008488263789,26.1894849743295,20.302263311768,53.9088597537663,6.17500853504983,8.36427798928431,3.2492447028455,63.7926828487414,28.0786871686642,7.89610687037316,0.292888712576165,0.165757922579884,0.769262892876807,40.1911225951455,0.853984433270345,0.143720332518975,0.923375472607419,0.515651557713356,0.921123581810382,0.0104159437838804,0.607168109390672,2.53,2.92,2.747,1,"noRScoretop_noMesoseds_2over3under10_deep_62","noRScoretop_noMesoseds_2over3under10_deep"
"612",-6.2232567078783,19.6669902286745,28.0923619561718,33.0642364336696,47.4173265765197,61.7964934200869,20.3883520889117,11.2900626567501,13.5902327,10.5015426273789,26.2478609485878,20.2627866264433,53.32937676,5.3361635901156,8.08540872851169,3.24860834559159,63.7930175604589,27.8888383253111,7.896925373,0.290330853138316,0.173711654115824,0.725762866579824,40.2925107450927,0.817592182446379,0.129427615793589,0.935906403583499,0.515938198685854,0.99071015713371,0.00442381096623653,0.607476832672897,2.75,2.93,2.644,1,"noRScoretop_noMesoseds_2over3under10_deep_63","noRScoretop_noMesoseds_2over3under10_deep"
"613",-6.21850321200668,19.6656032034168,28.0923619561718,33.0642364336696,47.4173274158655,61.7964934200869,20.3883520889117,11.3026787295082,13.5902327,10.5015426273789,26.24833924,20.2627866264433,53.32937676,5.3361635901156,8.08540872851169,3.24860834559159,63.7930175604589,27.8888383253111,7.896925373,0.289345488239179,0.173711654115824,0.725762866579824,40.2948734438719,0.876810714,0.130708105862513,0.935906403583499,0.514937258071281,0.99071015713371,0.00444761644173267,0.607476832672897,2.76,2.93,2.644,1,"noRScoretop_noMesoseds_2over3under10_deep_64","noRScoretop_noMesoseds_2over3under10_deep"
"614",-6.21850321200668,19.9273215829124,28.0923619561718,32.8264903250949,47.4170501827898,61.7964934200869,20.3883368090856,11.302674984103,13.5902327,10.4914241101239,26.1966584540121,20.2624928508066,53.3364740710617,5.37545241098644,8.08568218934314,3.24865317510262,63.7930175604589,27.8888590545572,7.896925373,0.289522793555244,0.17634184969841,0.725762866579824,40.2948734438719,0.876810714,0.130692656685609,0.931512136938907,0.514937258071281,0.920552229,0.00988368243906529,0.607451128905467,2.75,2.94,2.635,1,"noRScoretop_noMesoseds_2over3under10_deep_65","noRScoretop_noMesoseds_2over3under10_deep"
"615",-6.21851310671317,19.9326716169788,28.0923619561718,32.817608062025,47.4170501827898,61.7964934200869,20.3883368090856,11.3026098811649,13.5897908968527,10.4842000321471,26.2494571071046,20.2624928508066,53.3363613906162,5.37545241098644,8.08568218934314,3.24865317510262,63.7930175604589,27.8888590545572,7.89809788136208,0.289522793555244,0.17634184969841,0.725762866579824,40.2948734438719,0.876810714,0.130692656685609,0.929270290439401,0.514937258071281,0.920552229,0.00988368243906529,0.607451128905467,2.75,2.94,2.636,1,"noRScoretop_noMesoseds_2over3under10_deep_66","noRScoretop_noMesoseds_2over3under10_deep"
"616",-5.35688469676097,19.6530748969722,28.0922424829927,33.0824205153735,47.4162856536773,61.7953476583206,20.1601500807533,10.1929438717842,13.5864400070279,11.1826045714595,26.24833924,20.8286613341179,53.32937676,6.20049895617705,8.061544118,3.24751668581477,63.792640646477,27.9127332761654,7.896925373,0.292636083,0.159113263634268,0.3408530545026,40.1915056758412,0.157526558134132,0.129511149751111,0.932101479333005,0.515810156905333,0.932244277699105,0.0101386585533747,0.607532346274386,2.48,2.95,2.779,1,"noRScoretop_noMesoseds_2over3under10_deep_67","noRScoretop_noMesoseds_2over3under10_deep"
"617",-6.23617626708964,19.6753655185124,28.0922294,33.0633848894103,47.4170366904948,61.7964656494691,20.3915549884216,10.2170358309606,13.5903532961748,10.4833021828561,26.2490172166852,20.8250325202136,53.323070222192,6.19725417540852,8.05740752666082,3.23445148393223,63.79301626,28.0864489854086,7.89321463736103,0.295467985545545,0.171916486794629,0.393839516555947,40.1691731171466,0.110265534106454,0.129229033533678,0.934703193236598,0.515909009837139,0.977820187943193,0.025941521032206,0.60750192821845,2.49,2.95,2.76,1,"noRScoretop_noMesoseds_2over3under10_deep_68","noRScoretop_noMesoseds_2over3under10_deep"
"618",-6.23819523186859,19.4048277664267,28.0922329991587,33.8564581215418,47.4301628689699,61.8092189737467,20.3882996934205,10.1592026874471,11.6862384107362,10.4806264952005,26.0384090561837,20.2627874938791,53.8957570220013,6.19832911621849,8.36962257970661,3.23528209842984,63.7929914083865,27.8561220252149,7.89610687037316,0.29243611812525,0.158328956580603,0.781666573683584,40.1912124923886,0.871567550795331,0.145782565473116,0.92819826427309,0.515938444,0.920602244943538,0.010101140754764,0.610163628498869,2.51,2.95,2.734,1,"noRScoretop_noMesoseds_2over3under10_deep_69","noRScoretop_noMesoseds_2over3under10_deep"
"619",-5.71213310522747,19.3334614873855,28.0922054123125,33.8268043601744,47.4299048047355,61.7967380437212,20.3882052213285,10.1742554078001,11.6862384107362,10.480685746409,26.240600920218,20.2620894816046,53.3308036360198,6.20316554589227,8.36751779147274,3.24696523176593,63.7930088752213,27.8796298799561,7.9001370728739,0.292532188654531,0.164796621886216,0.78191281457045,39.7931826591302,0.853559825828562,0.130732628665368,0.934476036610765,0.51591340100382,0.920602244943538,0.00381509364632119,0.610000665512018,2.51,2.95,2.761,1,"noRScoretop_noMesoseds_2over3under10_deep_70","noRScoretop_noMesoseds_2over3under10_deep"
"620",-6.24682595521125,19.777502283063,28.0933396548148,32.6483927878433,47.4232222424953,61.7997968195007,20.3883230567879,10.2371812794484,13.4584320097154,10.5166765453203,26.1933899263456,20.2041960692734,53.3293634400145,6.09648634856847,8.08521298643402,3.26245719955714,63.79301626,27.9775219312753,7.89642456566908,0.289435556529518,0.162843309711625,0.341692390037874,40.3077935616253,0.876310538847913,0.144908626707397,0.934305257621846,0.512721533305825,0.920097861994176,0.0103002871655706,0.609905297847473,2.55,2.95,2.68,1,"noRScoretop_noMesoseds_2over3under10_deep_71","noRScoretop_noMesoseds_2over3under10_deep"
"621",-6.24690507800574,19.6542940968373,28.0933396548148,32.8243455909694,47.4225479147252,61.8307774151002,20.3883230567879,10.2371812794484,13.4583621933126,10.4975293107377,26.1933899263456,20.2037007117453,53.3438469872993,6.06942572609771,8.08521298643402,3.26245719955714,63.79301626,27.8730026651241,7.89321754055866,0.289586656834711,0.171329322281627,0.340823931155968,40.3075440270964,0.876810544595241,0.144908626707397,0.934173727123396,0.512721533305825,0.920097861994176,0.0101612319655314,0.607565896908366,2.55,2.95,2.688,1,"noRScoretop_noMesoseds_2over3under10_deep_72","noRScoretop_noMesoseds_2over3under10_deep"
"622",-6.2417708326075,19.6725112163392,28.1002636238715,33.1825948420048,47.4171283739437,61.7849637392752,20.3882903201522,10.2223567118208,13.5802914637641,10.5161528935805,26.2486215899173,20.2240530696738,53.3292854492934,6.08715607893225,8.08548484830881,3.25111627155905,63.79301626,28.2328357700606,7.896925373,0.289300093499625,0.1694586304059,0.355598737535498,40.3016088501109,0.872177528384547,0.129412049365519,0.934533374773594,0.515791313078628,0.919507942526792,0.00990741914666982,0.607521589175815,2.56,2.95,2.642,1,"noRScoretop_noMesoseds_2over3under10_deep_73","noRScoretop_noMesoseds_2over3under10_deep"
"623",-6.24706736716176,19.777502283063,28.0933396548148,33.1621445393993,47.4303275844038,61.7997968195007,20.3883230567879,10.2381489703187,13.4658357907901,10.5166765453203,26.1933899263456,20.2041960692734,53.3293634400145,6.09648634856847,8.08521298643402,3.26245719955714,63.79301626,27.9775219312753,7.89642456566908,0.292692852437118,0.165865175025983,0.341552213628747,40.3085139983822,0.876109699949268,0.144908626707397,0.934305257621846,0.512721533305825,0.920602463503171,0.0103002871655706,0.607490283135492,2.56,2.95,2.667,1,"noRScoretop_noMesoseds_2over3under10_deep_74","noRScoretop_noMesoseds_2over3under10_deep"
"624",-6.17879779297423,19.6604827298739,28.0922294,32.8328619605214,47.4429385166859,61.5079593162303,20.3882911,10.0967179847798,13.5802265496644,10.7218595696642,26.1954622088516,20.2558624629936,53.9186626656134,6.19424766374085,8.07281723252488,3.28722080717551,63.79301626,28.088258125909,7.89421924659897,0.291352681718283,0.18099929538503,0.38860807914038,40.274907477646,0.178041898075697,0.130740060152728,0.929867220556797,0.515948779451783,0.932971190187756,0.0101404230444068,0.607614827164326,2.49,2.96,2.66,1,"noRScoretop_noMesoseds_2over3under10_deep_75","noRScoretop_noMesoseds_2over3under10_deep"
"625",-6.24682595521125,19.7897594861663,28.0933396548148,32.6471072979499,47.4232222424953,61.7997968195007,20.3886998868089,10.2309393427078,13.4638049285941,10.9243542942073,26.1933906472455,20.2041960692734,53.3438662737117,6.09648634856847,8.08521298643402,3.26245719955714,63.79301626,27.9775219312753,7.89690784155925,0.290387184351094,0.171328301117764,0.353512085898732,40.3077935616253,0.876305254893309,0.144908626707397,0.934305257621846,0.512721533305825,0.920123985973502,0.0103002871655706,0.609905297847473,2.54,2.96,2.671,1,"noRScoretop_noMesoseds_2over3under10_deep_76","noRScoretop_noMesoseds_2over3under10_deep"
"626",-6.23089777074692,19.6647286089792,28.0922620230209,33.1825948420048,47.3685497418979,61.7986884898085,20.3883111877948,10.2179104836206,13.5680840522757,10.478998426644,26.2484696054108,20.2626660166212,53.3428734950379,6.10919073552891,8.06424959285769,3.27031911775582,63.79301626,27.8873594402219,7.896925373,0.292505231748337,0.493360757566153,0.391580453784025,39.7981880728137,0.872010240845712,0.129502784,0.930611147083429,0.515789945348548,0.978604632345398,0.0101859087127064,0.599657569949801,2.55,2.96,2.643,1,"noRScoretop_noMesoseds_2over3under10_deep_77","noRScoretop_noMesoseds_2over3under10_deep"
"627",-6.24160408489359,19.8446220242427,28.0923589140192,32.8710010590573,47.4170176145004,61.8258135120601,20.3881050653424,10.193610540508,13.5901328898607,10.9114675900634,26.1815999424936,20.2627950860582,53.3234926972071,6.10481016793816,8.06408031980883,3.03163751421644,63.79301626,28.0792864102077,7.90261144681858,0.293129060523389,0.165786601285477,0.394477560495447,40.1700744449826,0.872236492825245,0.129552884055164,0.934575907072528,0.515868216104161,0.979864627887678,0.0106193433663582,0.607510656721441,2.55,2.96,2.67,1,"noRScoretop_noMesoseds_2over3under10_deep_78","noRScoretop_noMesoseds_2over3under10_deep"
"628",-6.22903761794668,19.6530620451735,28.0922379664852,32.8271660838703,47.4160866385387,61.7999890249687,20.3882494398001,10.1005716905727,13.5667046554471,10.4875737028363,26.2455022453207,20.2623745749347,53.3293605615499,6.10557894240034,8.06206201960619,3.24559725043335,63.7919131970523,27.914486240346,7.89691172222619,0.289417259516481,0.535544609009726,0.323189659083853,39.7840764218814,0.875864518490692,0.129506125525173,0.928795517103611,0.515807772681366,0.920552229,0.00448068569102081,0.610304146914235,2.56,2.96,2.663,1,"noRScoretop_noMesoseds_2over3under10_deep_79","noRScoretop_noMesoseds_2over3under10_deep"
"629",-6.22890789480591,19.776599784686,28.0923432374866,33.7928461042242,47.3622838331703,61.796414628869,20.3630939149922,9.98947256583816,13.5892121297714,10.4886805947503,26.1943426907001,20.25550264502,53.32937676,6.10530853482878,8.0722574971464,3.20455876492327,63.7930169667351,27.8882955745035,7.89692798975821,0.292558352662379,0.514854121579173,0.411593956792059,40.2957046787253,0.869929089959996,0.129473185824791,0.935688566086864,0.516084774869157,0.920552229,0.00983428247098406,0.609712140371891,2.58,2.96,2.632,1,"noRScoretop_noMesoseds_2over3under10_deep_80","noRScoretop_noMesoseds_2over3under10_deep"
"630",-5.53659298578524,19.6537005996282,27.9825798117414,32.7310338733214,63.8034859970075,47.97722691,20.3524630336587,10.8154036404968,9.97195439771908,10.482982573097,42.814881538615,16.4547013270221,61.38468938,6.56930717709132,8.78961412094991,3.05658989942313,76.4430930490605,16.9738941677615,1.77773034950397,0.653389677046838,1.3010389252353,0.37835430518898,15.975899710305,0.17640854017975,0.193176063763714,0.943999229912625,0.786738134112741,0.919627980750969,0.00355369386383706,0.963719251369847,2.27,2.97,3.503,1,"noRScoretop_noMesoseds_2over3under10_deep_81","noRScoretop_noMesoseds_2over3under10_deep"
"631",-6.23617626708964,19.6588241360202,28.0922294,33.1955495368365,47.4170366904948,61.7964269823605,20.3901377635674,10.2649270910258,13.504221145396,10.4833021828561,26.2490172166852,20.2552753142252,53.323070222192,6.20797535734528,8.07154515929956,3.23410977186572,63.79301626,28.0863847656271,7.90276055040947,0.295467985545545,0.171742526778947,0.393839516555947,40.2950653342366,0.872156817337081,0.129502784,0.935632077396412,0.515909009837139,0.979896911287746,0.00376513865195819,0.607495640047072,2.52,2.97,2.648,1,"noRScoretop_noMesoseds_2over3under10_deep_82","noRScoretop_noMesoseds_2over3under10_deep"
"632",-6.23617626708964,19.6753655185124,28.0922294,33.1888765088224,47.4170366904948,61.7964707664554,20.3881265720692,10.219047286185,13.504221145396,10.4833021828561,26.2501520384166,20.2623951605717,53.323070222192,6.20797535734528,8.07231804467736,3.24128592990428,63.7909442766595,28.0863847656271,7.88304185002993,0.295548572539893,0.171757082980984,0.401604234353566,40.1688361011068,0.872156817337081,0.130541951674548,0.927864133124316,0.512525982754271,0.972765171776392,0.0264424708469149,0.607632790194762,2.52,2.97,2.654,1,"noRScoretop_noMesoseds_2over3under10_deep_83","noRScoretop_noMesoseds_2over3under10_deep"
"633",-6.23617626708964,19.6753655185124,28.0922294,33.1955495368365,47.4170366904948,61.7964269823605,20.3881265720692,10.2170358309606,13.504221145396,10.4833021828561,26.2490172166852,20.2623951605717,53.323070222192,6.20797535734528,8.06431820541557,3.23445148393223,63.79301626,28.0863847656271,7.90276055040947,0.295467985545545,0.171742526778947,0.393839516555947,40.1688361011068,0.872156817337081,0.129502784,0.934630181206347,0.515909009837139,0.979896911287746,0.025941521032206,0.60750192821845,2.52,2.97,2.654,1,"noRScoretop_noMesoseds_2over3under10_deep_84","noRScoretop_noMesoseds_2over3under10_deep"
"634",-6.23617626708964,19.6753655185124,28.0922294,33.1888765088224,47.4170366904948,61.7964269823605,20.3881265720692,10.2170358309606,13.504221145396,10.4833021828561,26.2501520384166,20.2623951605717,53.323070222192,6.20797535734528,8.07231804467736,3.24128592990428,63.79301626,28.0863847656271,7.90295054286088,0.295548572539893,0.171761474141811,0.401604234353566,40.1688361011068,0.872156817337081,0.130541951674548,0.934630181206347,0.515909009837139,0.972765171776392,0.0264424708469149,0.607632790194762,2.52,2.97,2.654,1,"noRScoretop_noMesoseds_2over3under10_deep_85","noRScoretop_noMesoseds_2over3under10_deep"
"635",-6.24682595521125,19.6542940968373,28.0933396548148,33.0748923541817,47.4568837770882,61.7957366029729,20.3883230567879,10.2420787738784,13.4643190742657,10.5354285505471,26.246713958271,20.2005796036787,53.3293809511411,6.03600367446937,8.08521298643402,3.26245719955714,63.79301626,27.9779371579272,7.89321754055866,0.289435556529518,0.49179272423834,0.341692390037874,40.2919400388106,0.876310538847913,0.145376722764931,0.906625316620288,0.51272257211679,0.91989932926239,0.010142182,0.607514954,2.57,2.97,2.627,1,"noRScoretop_noMesoseds_2over3under10_deep_86","noRScoretop_noMesoseds_2over3under10_deep"
"636",-5.53659298578524,19.9254271239214,27.9825798117414,32.7310338733214,63.8034859970075,47.9794400726608,19.0874307942928,10.8157760161927,9.97195439771908,10.482982573097,42.814881538615,16.454500630671,61.38468938,6.56930717709132,8.78961412094991,3.05658989942313,76.4430930490605,16.9738941677615,1.77773034950397,0.653424314686917,1.3010389252353,0.37835430518898,15.9758056211013,0.17640854017975,0.193176063763714,0.943999229912625,0.786738134112741,0.919632413755983,0.00416516975199495,0.963719251369847,2.25,2.98,3.964,1,"noRScoretop_noMesoseds_2over3under10_deep_87","noRScoretop_noMesoseds_2over3under10_deep"
"637",-5.53659298578524,19.9268403390414,27.9825798117414,32.7286607661614,64.0021742682109,47.9793297450639,19.0874053413326,10.8157760161927,10.1040942997353,10.4399154725861,42.814881538615,16.4755100976492,61.38468938,6.57118205820179,8.76376557847556,3.05658989942313,76.4430930490605,16.9738941677615,1.77773034950397,0.653424314686917,1.3010389252353,0.37835430518898,15.9738903912195,0.17640854017975,0.193176063763714,0.943999229912625,0.786738134112741,0.91958975569808,0.0187108848593779,0.963719251369847,2.25,2.98,4.007,1,"noRScoretop_noMesoseds_2over3under10_deep_88","noRScoretop_noMesoseds_2over3under10_deep"
"638",-6.23101843981865,19.6510337034981,28.0922272760365,33.7896194593622,47.417051768341,61.7998930191156,20.3881986799241,10.2101612801132,13.5051560146255,10.5829886434312,26.185210004555,20.2625245454776,53.32937676,6.21136701682537,8.07234984739541,3.25184575555842,63.7914991433295,27.8882866411504,7.896925373,0.0269085999072636,0.517254494465258,0.729636519143093,39.8045838663751,0.876835398358583,0.129532724679602,0.934716191982868,0.515779811947845,0.931979371864416,0.0046334249753703,0.610374096026619,2.52,2.98,2.652,1,"noRScoretop_noMesoseds_2over3under10_deep_89","noRScoretop_noMesoseds_2over3under10_deep"
"639",-5.54617759985794,19.9267804475999,27.9870656496825,32.7854553991034,63.9974911493592,47.97722691,19.0767044181161,10.8154036404968,10.1055717201815,12.5199671334833,42.4874964427071,16.4749387025287,61.38468938,6.5397720351913,8.78961412094991,3.05695445239177,76.4430930490605,16.5758710691864,1.77773034950397,0.652449529,1.32861929849657,0.37835430518898,15.97380282,0.182993818426677,0.193176063763714,0.943999229912625,0.78673037446507,0.917238678,0.0187152424530172,0.727081335197053,2.22,2.99,4.094,1,"noRScoretop_noMesoseds_2over3under10_deep_90","noRScoretop_noMesoseds_2over3under10_deep"
"640",-5.54617759985794,19.9267804475999,27.9870656496825,32.7854553991034,63.9974911493592,47.97722691,19.0767078915422,10.7851135993492,10.0465952608439,12.5199671334833,42.4874964427071,16.4749387025287,61.38468938,6.53486804017768,8.78960008896658,3.05695445239177,76.4430930490605,16.5758710691864,1.77773034950397,0.652449529,1.32861929849657,0.379795858047443,15.97380282,0.182993818426677,0.193176063763714,0.943969713360379,0.786730864315876,0.917238678,0.0187152424530172,0.727336709693829,2.22,2.99,4.105,1,"noRScoretop_noMesoseds_2over3under10_deep_91","noRScoretop_noMesoseds_2over3under10_deep"
"641",-5.54358364472018,19.9267804475999,27.9870656496825,32.7854553991034,63.9974911493592,47.97722691,19.0767044181161,10.8154036404968,10.1055717201815,12.5199671334833,42.4888947114833,16.4686033741644,61.38468938,6.54489607939744,8.78961412094991,3.05695445239177,76.4430930490605,16.5758710691864,1.7239394190118,0.651801039119875,1.32790231405978,0.374431143448397,15.97380282,0.182993818426677,0.193176063763714,0.943999229912625,0.787432539476043,0.917238678,0.0187152424530172,0.727081335197053,2.22,2.99,4.112,1,"noRScoretop_noMesoseds_2over3under10_deep_92","noRScoretop_noMesoseds_2over3under10_deep"
"642",-5.54617759985794,19.9270966084912,27.9761226334735,32.7542459571676,63.9974911493592,47.97722691,19.0771177792834,10.8154036404968,10.107578146239,12.5199671334833,42.4874964427071,16.4749387025287,61.3813028483427,6.53453804892868,8.78961412094991,3.05695445239177,76.1689174997272,16.7004271833352,1.75445732932109,0.652429204202271,1.32871760291857,0.37835430518898,15.97380282,0.171218736951489,0.193188685317781,0.943874348636251,0.780533034495316,0.917238678,0.0187152424530172,0.727081335197053,2.22,2.99,4.167,1,"noRScoretop_noMesoseds_2over3under10_deep_93","noRScoretop_noMesoseds_2over3under10_deep"
"643",-5.53659298578524,19.9267804475999,27.9810612879071,32.7310338733214,63.8034859970075,47.97722691,19.0387639861295,10.8154036404968,10.0405743380117,10.482982573097,42.814881538615,16.4547013270221,61.38468938,6.5397720351913,8.78961412094991,3.05658989942313,76.4430930490605,16.7918015818449,1.77773034950397,0.653389677046838,1.32886879658967,0.37835430518898,15.975899710305,0.182993818426677,0.193176063763714,0.943999229912625,0.786738134112741,0.900501010661156,0.01842994054291,0.963719251369847,2.25,2.99,4.023,1,"noRScoretop_noMesoseds_2over3under10_deep_94","noRScoretop_noMesoseds_2over3under10_deep"
"644",-6.237655081419,19.6060958282454,28.0922294,32.8252886798387,47.4418558558729,61.4963597100136,20.3980867028733,10.145013843219,13.5636790763862,10.7218595696642,26.0255506041318,20.2559516903568,53.9186626656134,6.19215088211049,8.07352314369634,3.24767083694136,63.7931163348276,28.0881980437731,7.89414594628415,0.300039621134253,0.170882684438625,0.38860807914038,40.2919016333809,0.148899720815897,0.129276946543806,0.931229494410778,0.515948779451783,0.919943920932861,0.0101404230444068,0.607614827164326,2.48,2.99,2.681,1,"noRScoretop_noMesoseds_2over3under10_deep_95","noRScoretop_noMesoseds_2over3under10_deep"
"645",-6.23724281147217,19.6823193029903,28.0922294,32.8328619605214,47.4418558558729,61.4963597100136,20.3980867028733,10.1486810842287,13.5633907593614,10.7218595696642,26.2477973181266,20.2559516903568,53.9186626656134,6.19215088211049,8.07281723252488,3.24767083694136,63.79301626,28.0881980437731,7.89693612902567,0.299672937719177,0.170834551422742,0.38860807914038,40.2745221448563,0.148899720815897,0.143373023568514,0.931227446108376,0.515948779451783,0.92015527071521,0.0101404230444068,0.607614827164326,2.49,2.99,2.662,1,"noRScoretop_noMesoseds_2over3under10_deep_96","noRScoretop_noMesoseds_2over3under10_deep"
"646",-6.23042605856768,19.6510337034981,28.0922272760365,33.7896194593622,47.4170544998917,61.8000904760527,20.3882030078921,10.2105373374986,13.5040968641044,10.5829886434312,26.185210004555,20.2625245454776,53.32937676,6.24073358717164,8.07279247956809,3.25184575555842,63.7914991433295,27.8882866411504,7.896925373,0.0269085999072636,0.508889465215447,0.729660106655134,39.8045838663751,0.876835398358583,0.129532724679602,0.934697271885747,0.514938828494155,0.931979371864416,0.00410486272639425,0.610250535922032,2.51,2.99,2.654,1,"noRScoretop_noMesoseds_2over3under10_deep_97","noRScoretop_noMesoseds_2over3under10_deep"
"647",-6.23602546911983,19.3433158258552,28.0922294,33.1955495368365,47.4170366904948,61.7964269823605,20.3889986117773,10.2170358309606,13.5832902181639,10.4833021828561,26.2490172166852,20.2013012339767,53.3228700735976,6.20004596297994,8.06162388581058,3.2030620122234,63.79301626,28.0791506181405,7.89680019719576,0.295743267989941,0.157702146452,0.394276597316984,40.1688361011068,0.874383543057387,0.129502784,0.934630181206347,0.515909009837139,0.979896911287746,0.025941521032206,0.607514396564172,2.52,2.99,2.648,1,"noRScoretop_noMesoseds_2over3under10_deep_98","noRScoretop_noMesoseds_2over3under10_deep"
"648",-6.21951059815368,19.6833701864401,28.0922294,33.7871374429563,47.4171981240436,61.7999690041902,20.3885963178899,10.2343498436427,13.590275814654,10.4785957424556,26.1822388689635,20.2624028455636,53.32937676,6.10256944420059,8.0895536894954,3.24768700816643,63.7930175604589,27.8728510854445,7.89692924449217,0.28166316602979,0.182739282112563,0.725760726810613,40.2945299343488,0.876810714,0.130730487793954,0.928691425780917,0.515938444,0.932293420978563,0.004064339670068,0.6073633999163,2.54,2.99,2.646,1,"noRScoretop_noMesoseds_2over3under10_deep_99","noRScoretop_noMesoseds_2over3under10_deep"
"649",-5.53659298578524,19.6537005996282,27.9825798117414,32.6895697679624,63.8034859970075,47.97722691,19.0635747372129,10.7382356181348,9.97195439771908,10.3842404836688,42.814881538615,16.4695629441386,61.38468938,6.56930717709132,8.78876816661982,3.05658989942313,76.4422453720671,16.9738941677615,1.81897725689133,0.653389677046838,1.3010389252353,1.20897244532121,15.975899710305,0.157709452961158,0.193176063763714,0.943999229912625,0.786745083019256,0.919627980750969,0.00355369386383706,0.963719251369847,2.24,3,3.743,1,"noRScoretop_noMesoseds_2over3under10_deep_100","noRScoretop_noMesoseds_2over3under10_deep"
"650",-6.22941340826538,19.6754179872252,28.0922294,33.0441221003252,47.4170453845694,61.7964768902951,20.3644020931044,10.1787284972676,13.5902327,10.4807584925004,26.1856458423103,20.2674722075459,53.32937676,6.19892018603417,8.05735568949475,3.24690280922298,63.7930175604589,28.0782580252537,7.89604643863782,0.296012825867702,0.165658012949522,0.725762866579824,40.1691299423767,0.876810714,0.143397044826867,0.934609247146126,0.515938444,0.931778552122177,0.0101393665951942,0.607785716712638,2.51,3,2.659,1,"noRScoretop_noMesoseds_2over3under10_deep_101","noRScoretop_noMesoseds_2over3under10_deep"
"651",-4.80049691926056,19.9230016048714,28.9948162151196,33.9751915089268,63.9974911493592,47.97722691,18.870427267229,10.7880098169909,10.0465532712198,8.85141233057127,42.7718647122135,16.4632686101206,61.3844923021965,6.816071297,8.76355353941473,3.0569783335193,76.2905315377173,16.5190511678125,5.16295894573354,0.648476851946048,1.35228397056746,1.18991432841295,15.97380282,0.165716270791505,0.190251693895706,0.934694298177788,0.787134738875246,0.917239565121915,0.0132413839972696,0.975892315335533,2.27,3.01,2.902,1,"noRScoretop_noMesoseds_2over3under10_deep_102","noRScoretop_noMesoseds_2over3under10_deep"
"652",-4.82518233601415,19.9230016048714,28.9948162151196,33.9584002855762,63.9974911493592,47.97722691,18.8624748536479,10.7880098169909,10.0421465157021,8.93063906,42.7718647122135,16.4632686101206,61.3844923021965,6.816071297,8.76355353941473,3.049541894,76.2905315377173,16.5190511678125,5.16295894573354,0.648476851946048,1.35179467624983,1.18991432841295,15.97380282,0.165716270791505,0.190251693895706,0.934694298177788,0.787136652861921,0.916912642904412,0.0132413839972696,0.975892315335533,2.27,3.01,2.903,1,"noRScoretop_noMesoseds_2over3under10_deep_103","noRScoretop_noMesoseds_2over3under10_deep"
"653",-6.24667650525712,19.6593216508734,28.0922294,32.8328619605214,47.4439726216502,61.4963597100136,20.3882911,10.2474941147934,13.5633907593614,10.7218595696642,26.24833924,20.2001573866899,53.9186626656134,6.18918344781172,8.08557763927548,3.25789939069033,63.79301626,28.0881980437731,7.89314263703479,0.289618359106413,0.497238964636903,0.391052178954435,40.2745221448563,0.173838184833299,0.129561866342625,0.930922399162203,0.515948779451783,0.92015527071521,0.0101404230444068,0.607614827164326,2.49,3.01,2.649,1,"noRScoretop_noMesoseds_2over3under10_deep_104","noRScoretop_noMesoseds_2over3under10_deep"
"654",-6.22900134840292,19.6510337034981,28.0922272760365,32.8228597231973,47.417051768341,61.7998930191156,20.3881986799241,10.2101612801132,13.5902327,10.5829886434312,26.1929177694531,20.2625245454776,53.32937676,6.21136701682537,8.07240118147038,3.25184575555842,63.7914991433295,27.8882866411504,7.896925373,0.289496361497427,0.517254494465258,0.351476896940909,39.8045838663751,0.876810714,0.129532724679602,0.934393675992593,0.515790933137835,0.931979371864416,0.010142182,0.607101792847047,2.52,3.01,2.654,1,"noRScoretop_noMesoseds_2over3under10_deep_105","noRScoretop_noMesoseds_2over3under10_deep"
"655",-6.55653487133464,19.6658307996061,28.0922294,32.9019816392892,47.4342532185539,61.7988109320099,20.3981450348563,10.2604222996634,13.5902327,10.4785957424556,26.2506001237918,20.26248228,53.3284096473157,6.20755593877648,8.06153686503851,3.24118353412551,63.7930175604589,27.8735786207638,7.896925373,0.282066477792481,0.515783282383214,0.359448360360082,40.2945889157045,0.869556858162997,0.130730487793954,0.935706767547336,0.515935224286359,0.984379532394926,0.00457769704127913,0.607347721434735,2.53,3.01,2.645,1,"noRScoretop_noMesoseds_2over3under10_deep_106","noRScoretop_noMesoseds_2over3under10_deep"
"656",-6.39365014634134,19.6658307996061,28.0922294,32.9024774287163,47.4171938839257,61.8000882259599,20.398544740546,10.2604222996634,13.5902327,10.4785957424556,26.2506001237918,20.26248228,53.3284096473157,6.20899326293255,8.06153686503851,3.24118353412551,63.7930175604589,27.8730922966098,7.896925373,0.282066477792481,0.515783282383214,0.359448360360082,40.2945231059116,0.876810714,0.130730487793954,0.935706767547336,0.515917657854584,0.932022761251142,0.00457769704127913,0.607347721434735,2.53,3.02,2.635,1,"noRScoretop_noMesoseds_2over3under10_deep_107","noRScoretop_noMesoseds_2over3under10_deep"
"657",-5.54617759985794,19.9267804475999,27.9870656496825,32.7854553991034,63.9974911493592,47.97722691,19.0767078915422,10.7851135993492,10.0465952608439,12.5199671334833,42.4874964427071,16.4749387025287,61.38468938,6.82073540632776,8.78960008896658,3.05695445239177,76.4430930490605,16.5758710691864,1.77773034950397,0.652449529,1.32861929849657,0.379795858047443,15.97380282,0.182993818426677,0.193176063763714,0.943999229912625,0.786730864315876,0.917238678,0.0187152424530172,0.974876743256594,2.22,3.03,4.053,1,"noRScoretop_noMesoseds_2over3under10_deep_108","noRScoretop_noMesoseds_2over3under10_deep"
"658",-5.54355184437087,19.9226498922201,27.9912476661331,33.9583039806888,63.9974911493592,47.97722691,19.077133746775,10.7854920255227,9.84181509577966,10.9337648792073,42.7300147429511,16.4632351404047,61.38468938,6.816071297,8.76482537468446,3.04956376487706,76.2945002130992,16.7198730203377,5.10939524950989,0.651808593251286,1.35068700348499,1.11960055792977,15.97380282,0.690518274,0.190270642443705,0.934928943,0.78743722,0.917238678,0.0356875772899949,0.975892315335533,2.32,3.03,2.851,1,"noRScoretop_noMesoseds_2over3under10_deep_109","noRScoretop_noMesoseds_2over3under10_deep"
"659",-5.47829140209065,19.9269590296228,27.9761342377818,33.9622433977207,63.9974911493592,47.97722691,19.077133746775,10.7508222326582,10.041441888223,10.9222671685558,42.7635939729589,16.4551748506623,61.3813627186129,6.78031179795652,8.76360261904898,3.04961894948255,76.1584434676819,16.8122878995728,5.16295894573354,0.653549661544489,1.35061511416043,1.18775012683828,15.9721287931087,0.690518274,0.194656886447609,0.934928943,0.787402826253419,0.917238678,0.036093394,0.967207328870586,2.33,3.03,2.828,1,"noRScoretop_noMesoseds_2over3under10_deep_110","noRScoretop_noMesoseds_2over3under10_deep"
"660",-5.25721108061369,19.9237145890508,28.0528737199626,34.0169205363577,63.9974911493592,47.97722691,19.0203061532178,10.8110110501264,10.1052293382474,12.5235018720803,42.4846900277335,16.4748035941228,61.38468938,6.816071297,8.76402468726489,3.04901067908021,76.1271749337515,16.7517659192466,5.1724620030002,0.663886738102747,1.29894450941888,1.17640858229421,15.9747709546005,0.690445636344274,0.192999849267872,0.932733391285225,0.77893986281186,0.901533273499694,0.0187478802580537,0.97046685406496,2.34,3.03,2.824,1,"noRScoretop_noMesoseds_2over3under10_deep_111","noRScoretop_noMesoseds_2over3under10_deep"
"661",-6.23819523186859,19.6611196161359,28.0923603409914,33.1887259843387,47.4301628689699,61.7957208409363,20.3976096530031,10.1522796853913,13.6409766178121,10.4256963240447,26.0477058098005,20.2628631101836,53.3548756812396,6.35299412993031,8.06178387857745,3.25122756772217,63.7930088752213,27.9146323318772,7.89651931288561,0.29271467625131,0.165917174309365,0.365508498322144,40.1820574304236,0.853378521940448,0.129068790505742,0.935756400491491,0.515785999274652,0.9206082496681,0.0264656536663032,0.607516164771582,2.49,3.03,2.676,1,"noRScoretop_noMesoseds_2over3under10_deep_112","noRScoretop_noMesoseds_2over3under10_deep"
"662",-6.23819523186859,19.6611196161359,28.0923611837201,33.1887259843387,47.4301628689699,61.7957208409363,20.3976096530031,10.1522796853913,13.6386291951937,10.4256963240447,26.0477058098005,20.2628631101836,53.3548756812396,6.35299412993031,8.06178387857745,3.23808795637725,63.7930088752213,27.8922806901533,7.89611414802265,0.29268009794806,0.165917174309365,0.365255545343682,40.1820574304236,0.854968940114106,0.143721663067929,0.931587892791567,0.515781185438323,0.9206082496681,0.0264656536663032,0.607521906071663,2.49,3.03,2.679,1,"noRScoretop_noMesoseds_2over3under10_deep_113","noRScoretop_noMesoseds_2over3under10_deep"
"663",-6.22902305685588,19.3183084212901,28.0922367686693,32.8289484800464,47.4299520621512,61.8007327678319,20.3880017020367,10.2118020279504,13.5901891122996,10.4998467815803,26.0384782540313,20.2275426866646,53.3106666197971,6.19818734533019,8.07257515459051,3.21462873365175,63.7930866115906,27.8751695917405,7.8969259463922,0.29616984922431,0.521964497000161,0.350366813137588,40.129003581615,0.876640051700386,0.143555462483056,0.928427579706706,0.515780936796663,0.923658175445139,0.0055938594022813,0.607544904227173,2.51,3.03,2.644,1,"noRScoretop_noMesoseds_2over3under10_deep_114","noRScoretop_noMesoseds_2over3under10_deep"
"664",-6.56110325450932,19.6826701993823,28.0922294,32.8216355903378,47.4180336659536,61.804140202967,20.3980884442662,10.230259184575,13.5883948533095,10.4849638241278,26.233049196739,20.2626107494778,53.32937676,6.17773725964897,8.07631855962074,3.24669731205753,63.7927369422928,27.8844779444169,7.896925373,0.29971303496426,0.171648173699367,0.720294095144307,40.2776336439706,0.874526774401437,0.14451092180949,0.934699712066112,0.515950541482768,0.920453048672031,0.00476160705234138,0.610284096310967,2.51,3.03,2.644,1,"noRScoretop_noMesoseds_2over3under10_deep_115","noRScoretop_noMesoseds_2over3under10_deep"
"665",-6.23275867426667,19.90395780952,28.0934476583362,32.8243588401348,47.4288534540425,61.8013409565748,20.3882911,10.7737687197068,13.5662050797234,10.5087331831953,26.2487376939685,20.2621352575551,53.4065534570652,6.09308246156547,7.72339359390787,3.00536707856479,63.7930704327236,27.8874621342815,8.32266753811146,0.290350094372887,0.162845456334147,0.322647956994063,40.2939261567764,0.876810714,0.129563221439066,0.929118225368902,0.515922116333702,0.920124399321664,0.00991682363997973,0.607496218814398,2.57,3.03,2.623,1,"noRScoretop_noMesoseds_2over3under10_deep_116","noRScoretop_noMesoseds_2over3under10_deep"
"666",-5.55336717622873,19.9267804475999,27.9870656496825,32.7724251609751,63.9974911493592,47.97722691,19.0767078915422,10.785504023207,10.0465952608439,12.5199671334833,42.4874964427071,16.4748058992223,61.38468938,6.82079439770112,8.78960008896658,3.05695445239177,76.4229521087785,16.5758710691864,1.99470726583013,0.652449529,1.32861929849657,0.379795858047443,15.97380282,0.182993818426677,0.193176063763714,0.943999229912625,0.786730864315876,0.917238678,0.0187152424530172,0.731828926492831,2.22,3.04,3.99,1,"noRScoretop_noMesoseds_2over3under10_deep_117","noRScoretop_noMesoseds_2over3under10_deep"
"667",-5.43111014279482,19.9236521768022,27.9739356335147,32.8266244453989,63.9974911493592,47.9772445563886,19.0371066281828,10.7736791329,10.0433585560116,10.3542001762107,42.7945646348654,16.4631267131998,61.38468938,6.79812565105967,8.76819298384661,3.04954682534781,76.162644316685,16.7161739232366,5.16810916060629,0.651822907649479,1.35074449829523,1.07097805128635,15.9768006399362,0.184046925026596,0.192899602578757,0.934907901332119,0.786682521441461,0.918828880089957,0.0359600040742311,0.976417250811524,2.24,3.04,2.926,1,"noRScoretop_noMesoseds_2over3under10_deep_118","noRScoretop_noMesoseds_2over3under10_deep"
"668",-5.54617759985794,19.9267804475999,27.9870656496825,32.7854553991034,63.9974911493592,47.97722691,19.0767044181161,10.8154036404968,10.1058033623923,12.5199727719821,42.4874964427071,16.4749387025287,61.38468938,6.5397720351913,8.78961412094991,3.0491962360073,76.4430930490605,16.7181680341045,5.21123227375203,0.652449529,1.32849620910085,0.378153870711934,15.97380282,0.182993818426677,0.190243610362822,0.935505788913609,0.78673037446507,0.917238678,0.018405115489723,0.727081335197053,2.24,3.04,3.138,1,"noRScoretop_noMesoseds_2over3under10_deep_119","noRScoretop_noMesoseds_2over3under10_deep"
"669",-5.43111014279482,19.9236638296569,27.9739356335147,32.8266244453989,63.9974911493592,47.9790269091724,19.0785781,10.773636134726,10.0433585560116,10.3542001762107,42.7865493006609,16.4631267131998,61.38468938,6.79812565105967,8.76426850637209,3.04954682534781,76.162644316685,16.7161739232366,5.16810916060629,0.652449529,1.35074449829523,1.0714094181844,15.97380282,0.200595786747901,0.192899602578757,0.935797896770526,0.786682521441461,0.918828880089957,0.0359600040742311,0.976417250811524,2.25,3.04,2.916,1,"noRScoretop_noMesoseds_2over3under10_deep_120","noRScoretop_noMesoseds_2over3under10_deep"
"670",-5.86519564492884,19.9237247488309,28.049040412897,33.9583110725947,63.9974911493592,47.97722691,19.0820564251033,10.7857941505589,9.84568722271502,8.93063906,42.7620898006361,16.462978141817,61.38468938,6.816071297,8.76402468726489,3.049541894,76.11873851,16.8058955648502,5.16295894573354,0.656204825035154,1.35061677372174,1.18814769207571,15.97380282,0.164542147807075,0.190053992289159,0.934928943,0.78743722,0.917238678,0.011691378424113,0.975892315335533,2.25,3.04,3.111,1,"noRScoretop_noMesoseds_2over3under10_deep_121","noRScoretop_noMesoseds_2over3under10_deep"
"671",-5.47829140209065,19.9235995130261,27.9761342377818,33.9601101152547,63.9974911493592,47.97722691,19.0795435379385,11.285144701269,10.1355784524109,10.9228151205847,42.7635939729589,16.4709899213541,61.3847457125435,6.78031179795652,8.76360261904898,3.2507426201696,76.1584434676819,16.6982444588292,5.16295894573354,0.63832311240631,1.35061511416043,1.1114489101483,15.97380282,0.690518274,0.194656886447609,0.934948683454405,0.786739145045907,0.917238678,0.00406138252809052,0.967687324212117,2.31,3.04,2.873,1,"noRScoretop_noMesoseds_2over3under10_deep_122","noRScoretop_noMesoseds_2over3under10_deep"
"672",-5.47829140209065,19.9269590296228,27.9761342377818,33.9615043172319,63.9974911493592,47.97722691,19.077133746775,11.2925630673765,10.0508532802981,10.9228151205847,42.7635939729589,16.462981018507,61.3813627186129,6.78031179795652,8.76360261904898,3.04754275293302,76.1584434676819,16.6982444588292,5.16295894573354,0.653547761259273,1.35061511416043,1.1114489101483,15.97380282,0.690518274,0.194656886447609,0.934928943,0.786739145045907,0.917238678,0.036093394,0.967687324212117,2.32,3.04,2.85,1,"noRScoretop_noMesoseds_2over3under10_deep_123","noRScoretop_noMesoseds_2over3under10_deep"
"673",-6.22330871294311,19.3447699488781,28.0922294,33.1985087924969,47.4171905485017,61.8001418402687,20.3861520929578,10.1888752009257,13.5057755959535,10.7267874419347,26.2555713515619,20.2109312518598,53.3271286254528,6.3851408349854,8.06389707218973,3.23682000125449,63.7930144624049,27.8609898612808,7.89683165970138,0.293635026367646,0.164646966580998,0.352429120310467,39.7535557437608,0.812946906454569,0.129972350411602,0.934412896182132,0.512085574878679,0.97676935765037,0.0047409468576758,0.607514954,2.46,3.04,2.721,1,"noRScoretop_noMesoseds_2over3under10_deep_124","noRScoretop_noMesoseds_2over3under10_deep"
"674",-6.55639224162632,19.6833701864401,28.0922294,32.8730773507294,47.4170291299125,61.7968449139182,20.3983391177676,10.2343498436427,13.5902327,10.4785625470331,26.1817544330675,20.26248228,53.32937676,6.22068414881642,8.06153686503851,3.24690280922298,63.7930175604589,27.8728510854445,7.896925373,0.29304769920546,0.166072280750854,0.725762866579824,40.294518148878,0.876810714,0.130730487793954,0.935706767547336,0.514968471006238,0.932188519557108,0.004064339670068,0.607347721434735,2.5,3.04,2.645,1,"noRScoretop_noMesoseds_2over3under10_deep_125","noRScoretop_noMesoseds_2over3under10_deep"
"675",-6.24319984002112,19.4264496091682,28.0923577612706,32.8214921019626,47.3672949919642,61.7986045392594,20.4008497216398,10.242369646913,13.5672264077,10.5037970289491,26.1959691418779,20.2557041823502,53.3276411539745,6.21982402102887,8.072399663823,3.24140409955973,63.7911283223953,27.8883627048823,7.896925373,0.292525909231964,0.517317063825556,0.39572395938735,39.7766928920278,0.875200581063945,0.129502231273194,0.935703197749338,0.515021713864484,0.920552229,0.0104370406789812,0.607557970671854,2.5,3.04,2.646,1,"noRScoretop_noMesoseds_2over3under10_deep_126","noRScoretop_noMesoseds_2over3under10_deep"
"676",-6.5576213828966,19.7869276963916,28.0922238908364,32.881278788602,47.4168629787294,61.7964934200869,20.388731497466,10.2571808842207,13.5907165384464,10.4940168659622,26.1968295860016,20.2560192801124,53.32937676,6.18955353604833,8.0724472619599,3.24140409955973,63.7913761232785,27.8877029905353,7.89690917763873,0.290355694328677,0.17171056854405,0.725759554252584,40.2948734438719,0.874401849092555,0.129172701789771,0.931635053510816,0.515832074444532,0.920635934366619,0.0101225951145201,0.610477788361318,2.51,3.04,2.644,1,"noRScoretop_noMesoseds_2over3under10_deep_127","noRScoretop_noMesoseds_2over3under10_deep"
"677",-6.24291328085357,19.6504302695245,28.0923577612706,32.8214921019626,47.4170274567529,61.7965356756392,20.3946882216862,10.2624012326612,13.5902806524883,10.5037970289491,26.2507595304603,20.2557041823502,53.32937676,6.21915880281501,8.072399663823,3.24140409955973,63.7911165144822,27.873496660365,7.896925373,0.292525909231964,0.534481696115926,0.39572395938735,39.786677475206,0.874960171798762,0.129502231273194,0.935703197749338,0.515021713864484,0.920552229,0.00378533676357772,0.61021697590276,2.51,3.04,2.645,1,"noRScoretop_noMesoseds_2over3under10_deep_128","noRScoretop_noMesoseds_2over3under10_deep"
"678",-6.23605912490864,19.6504302695245,28.0923577612706,32.8215330123752,47.4170274567529,61.7965104839848,20.3946882216862,10.2624012326612,13.589482513722,10.5037970289491,26.2339394981465,20.2558314408912,53.3280258053179,6.21915880281501,8.072399663823,3.24140409955973,63.7912096593605,27.8734956853396,7.896925373,0.297099336254496,0.534624897003438,0.39572395938735,39.786677475206,0.874960171798762,0.129606686029005,0.935703197749338,0.515021713864484,0.920552229,0.00376568328387276,0.61021697590276,2.51,3.04,2.645,1,"noRScoretop_noMesoseds_2over3under10_deep_129","noRScoretop_noMesoseds_2over3under10_deep"
"679",-6.22857475665072,19.4155961551207,28.0922294,32.8228289871643,47.4169608364811,61.7989511386214,20.3988037647623,10.2423862240525,13.5898635999937,10.4800135670245,26.2096191493054,20.254368336853,53.32937676,6.22096234343488,8.07240118147038,3.24214807264389,63.7929962445548,27.8884607943538,7.896925373,0.289513381971788,0.52979792430457,0.353606699477368,39.7683851136033,0.876810714,0.129608411589008,0.934272751663783,0.515789317459187,0.920552229,0.010142182,0.607514954,2.51,3.04,2.647,1,"noRScoretop_noMesoseds_2over3under10_deep_130","noRScoretop_noMesoseds_2over3under10_deep"
"680",-6.22900134840292,19.4155961551207,28.0922294,32.8228289871643,47.417051768341,61.8001235593845,20.3988037647623,10.2423862240525,13.5902327,10.4970105025519,26.1932462700487,20.254368336853,53.32937676,6.22016684345148,8.07240118147038,3.24214807264389,63.7911910068075,27.8723745569072,7.896925373,0.289513381971788,0.52979792430457,0.351380034490778,39.8045838663751,0.876810714,0.129608411589008,0.934362131425608,0.515793026132738,0.920552229,0.010142182,0.607514954,2.51,3.04,2.647,1,"noRScoretop_noMesoseds_2over3under10_deep_131","noRScoretop_noMesoseds_2over3under10_deep"
"681",-6.22900134840292,19.4155961551207,28.0922294,32.8228289871643,47.417051768341,61.8001487510389,20.3988037647623,10.2423862240525,13.5902327,10.4970105025519,26.1932462700487,20.254368336853,53.32937676,6.22016684345148,8.07240118147038,3.24214807264389,63.7931597514566,27.8723745569072,7.896925373,0.289470585388971,0.529654723417059,0.351380034490778,39.8045838663751,0.876810714,0.129503956833198,0.934362131425608,0.515793026132738,0.920552229,0.010142182,0.607514954,2.51,3.04,2.647,1,"noRScoretop_noMesoseds_2over3under10_deep_132","noRScoretop_noMesoseds_2over3under10_deep"
"682",-6.22900134840292,19.4155961551207,28.0922294,32.8228289871643,47.417051768341,61.8001235593845,20.3982162145367,10.2418059168629,13.5902327,10.4970105025519,26.1932597144582,20.254368336853,53.32937676,6.21655653146603,8.07240118147038,3.2278544974106,63.7911719031391,27.8882955745035,7.896925373,0.289500527668737,0.517254494465258,0.351476896940909,39.8045838663751,0.876810714,0.129532724679602,0.934393675992593,0.515793026132738,0.920552229,0.010142182,0.607514954,2.51,3.04,2.648,1,"noRScoretop_noMesoseds_2over3under10_deep_133","noRScoretop_noMesoseds_2over3under10_deep"
"683",-5.25642864932505,19.9237247488309,27.1542956888485,33.9583110725947,63.9974911493592,47.97722691,19.0820564251033,10.785711060016,9.84568722271502,8.94952049699753,42.7635713754543,16.462978141817,61.38468938,6.816071297,8.76402468726489,3.049541894,76.1181986518243,16.7521929940044,5.16305564568008,0.656204825035154,1.35061677372174,1.18814769207571,15.9740497609739,0.145581368785665,0.190053992289159,0.932747970623053,0.538802776452904,0.917238678,0.011691378424113,0.975892315335533,2.26,3.05,2.865,1,"noRScoretop_noMesoseds_2over3under10_deep_134","noRScoretop_noMesoseds_2over3under10_deep"
"684",-5.54614579950863,19.9226403539144,27.9912476661331,33.9584416390323,63.9974911493592,47.97722691,19.077133746775,10.7854920255227,10.1541034284885,10.9228151205847,42.7296083027783,16.475010751554,61.38468938,6.81094725279386,8.76479167062384,3.04926477607392,76.2945002130992,16.7198730203377,5.16318620827775,0.652457083131412,1.35760939578232,1.12504724080898,15.97380282,0.690518274,0.190270642443705,0.934928943,0.786735054989027,0.917238678,0.036093394,0.975892315335533,2.31,3.05,2.837,1,"noRScoretop_noMesoseds_2over3under10_deep_135","noRScoretop_noMesoseds_2over3under10_deep"
"685",-5.54355184437087,19.9226403539144,27.9912476661331,33.9584416390323,63.9974911493592,47.97722691,19.077133746775,10.7854920255227,10.1541034284885,10.9228151205847,42.7310065715544,16.4686754231897,61.38468938,6.816071297,8.76479167062384,3.04926477607392,76.2945002130992,16.7198730203377,5.10939524950989,0.651808593251286,1.35689241134553,1.12112407383692,15.97380282,0.690518274,0.190270642443705,0.934928943,0.78743722,0.917238678,0.036093394,0.975892315335533,2.31,3.05,2.838,1,"noRScoretop_noMesoseds_2over3under10_deep_136","noRScoretop_noMesoseds_2over3under10_deep"
"686",-5.25513938051261,19.9237247488309,27.1343816934759,33.8579148120688,64.8084734539944,47.97722691,19.0190676946049,10.7510779293183,10.1365075222005,10.4680083001273,43.1585921084286,16.4710177148802,61.38468938,6.816071297,8.76402468726489,3.2470881470065,76.1257769480388,16.7517659192466,5.16161364134691,0.63871238809963,1.29863250597029,1.17413537073033,16.0035744371348,0.690479181780402,0.190251693895706,0.935598249298455,0.515585262248806,0.902436507914594,0.0039764949389188,0.97048604630531,2.33,3.05,2.826,1,"noRScoretop_noMesoseds_2over3under10_deep_137","noRScoretop_noMesoseds_2over3under10_deep"
"687",-6.24291328085357,19.4263710479004,28.0923577612706,32.8214921019626,47.3672949919642,61.7986045392594,20.3946882216862,10.2618149199958,13.5672264077,10.5037970289491,26.2507595304603,20.2557041823502,53.3275788417604,6.21915880281501,8.072399663823,3.24140409955973,63.7930479055893,27.873496660365,7.896925373,0.292525909231964,0.534481696115926,0.39572395938735,39.786677475206,0.874960171798762,0.129502231273194,0.935703197749338,0.515021713864484,0.920552229,0.0114618771314805,0.610333391345838,2.5,3.05,2.643,1,"noRScoretop_noMesoseds_2over3under10_deep_138","noRScoretop_noMesoseds_2over3under10_deep"
"688",-6.55639224162632,19.6833701864401,28.0922294,32.8730773507294,47.4187698149988,61.7968449139182,20.3870528095562,10.2630964119039,13.56652105269,10.4875658737472,26.1817544330675,20.2539482611451,53.32937676,6.22068414881642,8.07199177248489,3.24690280922298,63.7797107724555,27.8731088646802,7.89692070656094,0.29304769920546,0.166072280750854,0.725762866579824,40.290648349911,0.876810714,0.130730487793954,0.92887764360402,0.51497748293795,0.932134855964305,0.004064339670068,0.607347721434735,2.5,3.05,2.647,1,"noRScoretop_noMesoseds_2over3under10_deep_139","noRScoretop_noMesoseds_2over3under10_deep"
"689",-6.23557590534503,19.9184412656015,28.09224054759,32.82559475932,47.4445429760138,61.800106265282,20.3986994220621,10.7846247568649,13.5658098996607,10.5305348553664,26.1909704405304,20.2614004833105,53.3293623176885,6.11390214392722,8.07244044808729,3.22805502549854,63.7928840586433,27.8847556170607,7.89418572285545,0.289259372672386,0.52036228807086,0.350484012731551,39.7682250094471,0.876811509180702,0.129399069419436,0.934353956826309,0.515790422451884,0.98291182094336,0.0100488040944946,0.607402770704128,2.52,3.05,2.64,1,"noRScoretop_noMesoseds_2over3under10_deep_140","noRScoretop_noMesoseds_2over3under10_deep"
"690",-5.40315493979214,19.9230678209924,27.1385050646136,39.8920891088099,63.8102526676868,48.1213910813,19.0370117602678,10.7647663906642,10.04220868,17.0610040594421,42.7948832992985,16.4940303559511,61.1003628030192,6.80839991393473,8.31808041107733,3.04218386100365,76.160346513313,16.7376010542188,1.61075162996186,0.653372933529433,1.350624792,0.353738325333974,16.1306326066261,0.195319956349912,0.190260352687755,0.947329678507937,0.787361214759456,0.901092453114829,0.0108114459327537,0.918252772166203,2.24,3.06,3.949,1,"noRScoretop_noMesoseds_2over3under10_deep_141","noRScoretop_noMesoseds_2over3under10_deep"
"691",-5.40315493979214,19.9230678209924,27.0258122820365,34.0842043709459,63.1969509964539,47.7009307850449,19.0370025265644,10.7647663906642,10.04220868,10.5108104838851,42.7948832992985,16.4802131210967,61.38468938,6.80839991393473,8.31808041107733,3.04957293013204,76.160346513313,16.7941980686886,5.11949451031339,0.653372933529433,1.350624792,1.18815201422394,16.1065009659501,0.183824973101757,0.192073162956376,0.947329678507937,0.787361214759456,0.978292283479118,0.0107598615587714,0.977192936223405,2.27,3.06,2.825,1,"noRScoretop_noMesoseds_2over3under10_deep_142","noRScoretop_noMesoseds_2over3under10_deep"
"692",-5.23764712215084,19.925183438089,27.1345378052249,33.9568814408926,63.9974884917901,47.9707977098004,19.0841508789527,10.785956246256,10.1048916258139,10.4688992962461,42.7471928400081,16.4709229421587,61.38468938,6.816071297,8.76261867200662,3.049541894,76.2038688905031,16.7498685178626,5.1558060851035,0.655883310384654,1.29788032183671,1.18514620015392,15.9129801844505,0.690445636344274,0.190251693895706,0.928608876702879,0.537081020155026,0.909333799417971,0.00846872485088677,0.97048604630531,2.32,3.06,2.824,1,"noRScoretop_noMesoseds_2over3under10_deep_143","noRScoretop_noMesoseds_2over3under10_deep"
"693",-5.25721108061369,19.9237145890508,27.1343816934759,33.9568898116292,64.0012726390014,47.97722691,19.0416285247543,10.7395582207887,10.1052293382474,10.9197613355904,42.3548912223977,16.4547499017071,61.38468938,6.816071297,8.76396042156003,3.049541894,76.1602573354239,16.7528174646741,5.15198188664046,0.664132992149775,1.29863250597029,1.17640858229421,16.0035744371348,0.690445636344274,0.192994866094048,0.933249188914426,0.533978934092152,0.902436507914594,0.036093394,0.970260912357524,2.33,3.06,2.811,1,"noRScoretop_noMesoseds_2over3under10_deep_144","noRScoretop_noMesoseds_2over3under10_deep"
"694",-5.23764712215084,19.925183438089,27.1345378052249,33.9569220447638,63.997343481254,47.9707977098004,19.0841508789527,10.7385467778748,10.1048916258139,10.4688992962461,42.3548659289231,16.470993971024,61.38468938,6.816071297,8.76261867200662,3.049541894,76.2038688905031,16.7498685178626,5.1558060851035,0.673377386506759,1.29863250597029,1.1851313931966,15.9129801844505,0.690445636344274,0.190251693895706,0.928570482191613,0.537081020155026,0.909452644167162,0.0361511328102705,0.97048604630531,2.33,3.06,2.813,1,"noRScoretop_noMesoseds_2over3under10_deep_145","noRScoretop_noMesoseds_2over3under10_deep"
"695",-5.25721108061369,19.9237145890508,27.1343816934759,33.9568898116292,63.9974911493592,47.97722691,19.0190676946049,10.7395582207887,10.1052293382474,10.9199442208808,42.3548912223977,16.4630081787826,61.38468938,6.816071297,8.76402468726489,3.049541894,76.1257769480388,16.7517659192466,5.15246127188968,0.663886738102747,1.29863250597029,1.17640858229421,16.0035744371348,0.690445636344274,0.192994866094048,0.932733391285225,0.533978934092152,0.902436507914594,0.036093394,0.97046685406496,2.33,3.06,2.816,1,"noRScoretop_noMesoseds_2over3under10_deep_146","noRScoretop_noMesoseds_2over3under10_deep"
"696",-5.25629476335561,19.9237247488309,27.1343816934759,33.9569220447638,63.9974911493592,47.97722691,19.0190676946049,10.7385467778748,10.1048916258139,10.4680245214015,42.3548912223977,16.4630081787826,61.38468938,6.816071297,8.76402468726489,3.049541894,76.1257769480388,16.7517659192466,5.15246127188968,0.663886738102747,1.29863250597029,1.17640858229421,16.0035744371348,0.690445636344274,0.190251693895706,0.932733391285225,0.537081020155026,0.902436507914594,0.036093394,0.97048604630531,2.33,3.06,2.823,1,"noRScoretop_noMesoseds_2over3under10_deep_147","noRScoretop_noMesoseds_2over3under10_deep"
"697",-5.58727790764385,19.9269590296228,27.9761342377818,33.9622433977207,63.9974911493592,47.9769920935663,19.077133746775,10.7508222326582,10.0422064044998,17.0586231228444,42.76323256836,16.4625964324875,61.3813627186129,6.78031179795652,8.7635768002451,3.04961894948255,76.11825238877,16.8122878995728,5.1629709177589,0.652448606629273,1.35061511416043,1.18775012683828,15.9738412342469,0.690518274,0.194552581009152,0.934928943,0.789131049146738,0.916454990012962,0.036093394,0.967429958282509,2.4,3.06,2.795,1,"noRScoretop_noMesoseds_2over3under10_deep_148","noRScoretop_noMesoseds_2over3under10_deep"
"698",-6.55831358033335,19.6589875787861,28.0933017003075,33.8085266857275,47.4455865116819,61.800629442922,20.3885978984914,9.99296872281414,13.5088269646771,10.1215313343883,26.1851034033195,20.2626080514153,53.32937676,6.60562698666398,8.07176564587579,3.24721924494532,63.7930422973088,27.8814658754885,7.896925373,0.0108507848639898,0.516047155470433,0.720146118799148,40.2789898151648,0.874240677482665,0.12959910506893,0.934716253044048,0.515950541482768,0.985744954604972,0.00446979323347458,0.610372560146451,2.46,3.06,2.668,1,"noRScoretop_noMesoseds_2over3under10_deep_149","noRScoretop_noMesoseds_2over3under10_deep"
"699",-6.54348948667759,19.6658307996061,28.0922015363564,32.9074617337066,47.3693156848442,61.8000882259599,20.398544740546,10.2338736724341,13.5918224928581,10.4785957424556,26.1824323799595,20.2628278362584,53.3284104085225,6.35256817781204,8.07116533000955,3.29395017944067,63.7930175604589,27.8872725063608,7.896925373,0.281779272896275,0.515783282383214,0.359116120779583,40.2945231059116,0.876773019504075,0.130730487793954,0.935706767547336,0.515917657854584,0.932022761251142,0.00457769704127913,0.607519426314903,2.49,3.06,2.638,1,"noRScoretop_noMesoseds_2over3under10_deep_150","noRScoretop_noMesoseds_2over3under10_deep"
"700",-4.53158159752974,25.4567167190747,32.9360053306524,38.14833842765,70.3503203592106,47.2319046335076,20.6873178130764,14.7292932924331,10.3452952065336,10.6748620669782,45.4786691274331,12.7102034893327,65.005548668801,6.02259285968847,8.43818966032353,3.92241692817241,83.4698461893316,18.6466179663627,4.13026878403785,0.715052266998591,1.653891725,0.0873130939645011,18.3933066596774,0.905854599888968,0.137261298,0.756546846,0.376489205414265,0.985115654791279,0.0264474182446374,0.345756173467634,2.55,2.91,6.997,1,"noRScoretop_seds_2over3under10_sst_1","noRScoretop_seds_2over3under10_sst"
"701",-4.55952506209242,25.4567167190747,32.9360053306524,38.1073386636747,70.3503203592106,47.2319046335076,20.6873178130764,14.5063541948016,10.36389111,10.6748620669782,45.4786691274331,12.7102034893327,65.4157061558559,6.02259285968847,8.46575932888211,3.92241692817241,83.4698461893316,18.6454939285049,4.13026878403785,0.715052266998591,1.653891725,0.0873130939645011,18.3933066596774,0.251072891647271,0.137261298,0.756546846,0.376489205414265,0.985115654791279,0.020350467379437,0.345756173467634,2.53,2.92,6.812,1,"noRScoretop_seds_2over3under10_sst_2","noRScoretop_seds_2over3under10_sst"
"702",-4.58088756541542,22.5560494935071,33.009394606848,38.1073386636747,70.3529663641699,47.2319046335076,20.6873178130764,13.5767533818801,10.3829742208821,10.3964304150701,45.4770362463177,12.7194021219042,65.4157061558559,6.02259285968847,8.46575932888211,3.92241692817241,83.07383679113,18.6309870827583,5.095955316976,0.708434898740215,1.653891725,0.0873130939645011,18.3933066596774,0.251072891647271,0.137261298,0.756546846,0.376489205414265,0.988941563226981,0.020350467379437,0.345756173467634,2.52,2.94,6.778,1,"noRScoretop_seds_2over3under10_sst_3","noRScoretop_seds_2over3under10_sst"
"703",-4.86588545277863,25.054583485669,33.0196212147169,38.3022705895505,70.5930052605106,55.8512703392762,21.6538121985571,12.7114906567929,10.3638864388551,10.677963291857,42.6875634082419,17.9109131113923,59.9401635295101,6.02298978784493,8.01955433829812,3.93899249495117,74.2338295269334,18.6454028021981,4.93716785246927,0.714521256588825,1.63971037401072,0.0891001547578804,28.5880634091531,0.247600294657346,0.143408800644055,0.756450000899751,0.376459208893213,0.985800585917629,0.019799400362329,0.494677678503579,2.62,2.94,3.206,1,"noRScoretop_seds_2over3under10_sst_4","noRScoretop_seds_2over3under10_sst"
"704",-3.86031283797922,22.5369491442094,33.009394606848,38.1528593302115,70.3720007670741,47.2319046335076,20.6873178130764,12.1601499784616,10.4220832260072,10.3964304150701,45.4786163498761,12.7194021219042,61.5628940060804,6.02001724243156,8.46575932888211,3.92818289592822,75.219558431422,18.6445697565131,4.22608720137775,0.706333524226641,1.65471205895459,0.100602037220767,18.4088022530412,0.263324966020802,0.137261298,0.756546846,0.379767061018393,0.842454343265663,0.0203206604213976,0.345756173467634,2.44,2.96,3.778,1,"noRScoretop_seds_2over3under10_sst_5","noRScoretop_seds_2over3under10_sst"
"705",-2.14193893995713,22.5141003237331,32.874133623397,42.0441529268566,63.3074684344933,46.6171282829171,20.400336258859,12.1341746420645,11.0635225717479,14.7591605748039,39.997341029642,11.851152353802,62.6564353059231,6.02754156904548,8.0871198113353,3.93025155706634,71.9260420074196,18.6451001173017,3.63588483523054,0.883459141065447,1.65374006892323,0.0883897402992065,18.3386868933786,1.00546154874328,0.127935141834518,0.791556628030583,0.19076379177039,0.836840913783953,0.0216225624529639,0.479151732,2.42,2.97,3.798,1,"noRScoretop_seds_2over3under10_sst_6","noRScoretop_seds_2over3under10_sst"
"706",-2.16343996500901,22.2511584403184,34.064041077764,37.6939535418371,70.9983776167418,56.7651446366267,20.6737919685999,14.5386974217001,10.372184019943,13.8391550745326,42.8168849723754,19.096472976703,62.644506448988,6.01401731228172,8.4182711125834,3.24963912708771,74.3781774809422,18.5311609668484,4.96169305670639,0.112018295882002,0.307699344808063,0.0928916629871507,20.2235619452268,0.241386631114976,0.134572627779488,0.755897136636641,0.379740603380325,0.969315221805738,0.00193978388421045,0.588036295633806,2.8,2.97,3.068,1,"noRScoretop_seds_2over3under10_sst_7","noRScoretop_seds_2over3under10_sst"
"707",-4.25459967156884,22.5087706568612,33.0210486202987,38.1074548163518,70.6217133956321,56.61624202,20.6873178130764,14.4527488928954,10.3626046224213,10.6053130588901,45.4069764774085,17.859950261062,65.9165189780334,6.03145083930211,8.46575932888211,3.93169946570466,74.8013722214314,18.6403797002233,4.18137911817078,0.211635296899206,0.126914774245711,0.0877400160926062,18.418416814801,0.23936726599263,0.137165697665675,0.756515920692182,0.376495961182197,0.924941247351191,0.020350467379437,0.627310459692264,2.53,2.98,3.36,1,"noRScoretop_seds_2over3under10_sst_8","noRScoretop_seds_2over3under10_sst"
"708",-4.55952506209242,22.5087706568612,33.0210486202987,38.1074548163518,70.6217133956321,56.61624202,20.6873178130764,14.4527488928954,10.3626046224213,10.6053130588901,45.4069764774085,17.859950261062,65.9165189780334,6.03145083930211,8.46575932888211,3.93169946570466,74.8013722214314,18.6403797002233,4.18137911817078,0.211635296899206,0.126914774245711,0.0877400160926062,18.418416814801,0.23936726599263,0.137165697665675,0.756515920692182,0.376495961182197,0.924941247351191,0.020350467379437,0.627310459692264,2.53,2.99,3.439,1,"noRScoretop_seds_2over3under10_sst_9","noRScoretop_seds_2over3under10_sst"
"709",-4.57396189918542,22.5091417948597,33.0210486202987,38.1074548163518,70.6220714834466,56.61624202,20.6873178130764,14.4532639585928,10.3626046224213,10.6053130588901,45.4069764774085,17.8639989578821,65.9165189780334,6.03145083930211,8.46575932888211,3.93169946570466,74.8013722214314,18.6403797002233,3.24723132407509,0.19086815529602,0.126914774245711,0.0877400160926062,18.418416814801,0.23936726599263,0.136858300136298,0.745187210631465,0.376495961182197,0.924955105372965,0.020350467379437,0.619276398115418,2.53,2.99,3.695,1,"noRScoretop_seds_2over3under10_sst_10","noRScoretop_seds_2over3under10_sst"
"710",-4.86423321683878,25.2315271140543,33.0147294157135,38.1077375369508,70.5930052605106,55.8512703392762,21.6606871287636,12.7471497725134,10.3355252909882,10.6038569869361,42.6875634082419,17.8907622752969,60.0781320309326,6.0228663691895,8.01020359060424,3.98579670114941,74.2338295269334,18.6506121631581,4.92594299584367,0.714521256588825,0.195263465259889,0.0891001547578804,28.5544044883258,0.247587283731136,0.143408800644055,0.756450000899751,0.375215898675945,0.980642399733334,0.0205226411008905,0.623899928481049,2.73,2.99,3.16,1,"noRScoretop_seds_2over3under10_sst_11","noRScoretop_seds_2over3under10_sst"
"711",-2.14518772957805,22.5643665545424,32.6804699296834,42.247792804847,70.1574150079085,56.7390983483333,20.6923185725103,14.5386974217001,10.1393583709718,13.8533588987505,42.8086972298937,19.0999426076456,62.652630605755,6.02107315388508,7.7142865380166,3.25522244637816,74.2360550568485,18.794501427449,4.96175071680177,0.126178650652043,0.153050050792839,0.0719580622699059,20.3977695717529,0.241386631114976,0.136261099857374,0.754836880774696,0.279292467707497,0.969933450229092,0.0187492778011893,0.635052031637614,2.83,2.99,2.983,1,"noRScoretop_seds_2over3under10_sst_12","noRScoretop_seds_2over3under10_sst"
"712",-3.61208620842422,23.5546515258197,32.7855383169187,42.0022453821344,63.1009460361535,47.5474761931874,21.3888463251778,11.2115910304986,12.5086148395938,13.3039785825417,39.997341029642,11.851152353802,60.4723611084446,6.46138351011208,8.06323940387398,3.93025155706634,71.7975887439041,18.2569808227848,3.67273860113207,0.883459141065447,1.56212053521321,0.0466100722112765,18.6083262461239,0.996957519794271,0.114070534486621,0.799885533429677,0.193220862542446,0.950631102172674,0.0215718203087834,0.479151732,2.33,3,3.843,1,"noRScoretop_seds_2over3under10_sst_13","noRScoretop_seds_2over3under10_sst"
"713",-4.55942107793042,22.8634765190728,32.9360053306524,36.448500693437,70.6384519947182,56.61624202,20.6873178130764,14.4617634752027,10.36389111,10.6748620669782,44.951543206515,17.907016514692,66.6578672264247,6.03152929245755,8.46575932888211,3.91849388763503,78.4583550066815,18.6454896565421,4.17674893140523,0.735765929265791,0.137562884115062,0.0877400160926062,18.1763041857916,0.246304363088435,0.143304339489726,0.756026227245764,0.379580687325702,0.991153457472311,0.0203922094013858,0.627533841965029,2.52,3,3.533,1,"noRScoretop_seds_2over3under10_sst_14","noRScoretop_seds_2over3under10_sst"
"714",-5.26196107209679,22.4857308386488,32.6963875326564,38.1141173870128,70.6221322647854,56.61624202,21.6139197143721,14.5098098122445,10.3626046224213,10.6059392790928,43.6482554436147,17.9236761227707,65.1010845669295,6.03145083930211,8.46575932888211,3.99338943938914,74.8013722214314,18.6403797002233,5.25962506345678,0.124302241242269,0.538701166210052,0.0877404782205294,18.6619143076659,0.23936726599263,0.137058800896285,0.756515920692182,0.376495961182197,0.922437909819924,0.0203429050039601,0.626453289227637,2.53,3,3.289,1,"noRScoretop_seds_2over3under10_sst_15","noRScoretop_seds_2over3under10_sst"
"715",-2.14518772957805,22.5643665545424,32.680545642741,42.247792804847,71.0162297156246,56.7390983483333,20.6638065041076,14.5386974217001,10.1393583709718,13.8533588987505,42.8086972298937,19.0999426076456,62.652630605755,6.02107315388508,8.50637259435738,3.26447889355686,74.2360550568485,18.6496071659664,4.96175071680177,0.126178650652043,0.153050050792839,0.0877400160926062,20.3977695717529,0.241386631114976,0.13555647406511,0.754836880774696,0.279292467707497,0.969978196207326,0.0012700590439224,0.635052031637614,2.74,3,3.088,1,"noRScoretop_seds_2over3under10_sst_16","noRScoretop_seds_2over3under10_sst"
"716",-4.57385791502342,22.8638476570712,32.9360053306524,36.448500693437,70.6388100825328,56.61624202,20.6873178130764,14.4622785409001,10.36389111,10.6748620669782,44.951543206515,17.9110652115121,66.6578672264247,6.03152929245755,8.46575932888211,3.91849388763503,78.4583550066815,18.6454896565421,3.24260113730954,0.714998618831404,0.137562884115062,0.0877400160926062,18.1763041857916,0.246304363088435,0.142996941960349,0.744697517185047,0.379580687325702,0.99117283916658,0.0203922094013858,0.619499780388184,2.52,3.01,3.383,1,"noRScoretop_seds_2over3under10_sst_17","noRScoretop_seds_2over3under10_sst"
"717",-3.83576139164582,25.0681078026041,32.6951681241055,38.2746367618964,70.6217137238333,55.8844766872486,20.7102551512699,14.4496431816823,10.1554485242792,10.4122851189263,42.7092948072967,17.8907622752969,60.9656861422301,6.02073364570309,8.4656804574918,3.185406943,74.2338295269334,18.64978812,4.86538558959726,0.222672448637983,0.194134162170752,0.0890996926299572,28.4947211554498,0.247587283731136,0.143738200984512,0.756450000899751,0.376511201539947,0.924925049963663,0.00128506929042726,0.627306725383989,2.63,3.01,3.184,1,"noRScoretop_seds_2over3under10_sst_18","noRScoretop_seds_2over3under10_sst"
"718",-3.83576139164582,25.054583485669,32.69519127,38.2812993325573,70.6221325929866,55.8844766872486,21.6538121985571,14.5067041010314,10.1554485242792,10.4162638990518,42.7092948072967,17.8907622752969,60.1502517311263,6.02073364570309,8.4656804574918,3.185406943,74.2338295269334,18.64978812,4.88232112745691,0.125621369521758,0.194134162170752,0.0891001547578804,28.4947211554498,0.247587283731136,0.143570091063993,0.756450000899751,0.376511201539947,0.922421712432396,0.00128506929042726,0.626449554919363,2.64,3.01,3.156,1,"noRScoretop_seds_2over3under10_sst_19","noRScoretop_seds_2over3under10_sst"
"719",-2.05197675213947,22.2511584403184,32.8963292415989,42.3786451523646,70.9971717058083,56.6208614658687,20.6737919685999,14.4525247333333,10.3198019202121,13.7707147807584,42.8168849723754,19.096472976703,62.6899588414996,6.01401731228172,8.46576799180063,3.26388948631851,74.3250111133769,18.6545909035505,4.96169305670639,0.112018295882002,0.129673912711744,0.0877400160926062,20.3977695717529,0.212745167859729,0.137171028454721,0.756385649104168,0.380953125455677,0.846927187125261,0.00193978388421045,0.635270596617207,2.77,3.01,3.035,1,"noRScoretop_seds_2over3under10_sst_20","noRScoretop_seds_2over3under10_sst"
"720",-4.19268020582627,22.7152183993398,32.9360053306524,38.1073386636747,70.621716308457,55.8649327993095,20.6873178130764,14.5063541948016,10.36389111,10.7002694286473,42.7269166494801,17.9110652115121,65.854519643872,6.02055475370631,8.50645754864558,3.16030706675811,78.4583550066815,18.6454896565421,4.18137911817078,0.141957263678574,1.653891725,0.0891019544706576,18.418416814801,0.247408987796537,0.137318307732005,0.756546846,0.376489205414265,0.924284250367673,0.020350467379437,0.494691848723668,2.48,3.02,3.376,1,"noRScoretop_seds_2over3under10_sst_21","noRScoretop_seds_2over3under10_sst"
"721",-5.26196107209679,22.4992551555838,32.6963643867619,38.1074548163518,70.6217133956321,56.61624202,20.6703626670848,14.4527488928954,10.3626046224213,10.6019604989673,43.6482554436147,17.9236761227707,65.9165189780334,6.03145083930211,8.46575932888211,3.99338943938914,74.8013722214314,18.6403797002233,5.24268952559712,0.221353320358489,0.538701166210052,0.0877400160926062,18.6619143076659,0.23936726599263,0.137226910816805,0.756515920692182,0.376495961182197,0.924941247351191,0.0203429050039601,0.627310459692264,2.5,3.02,3.706,1,"noRScoretop_seds_2over3under10_sst_22","noRScoretop_seds_2over3under10_sst"
"722",-2.12972582111852,25.0400977955575,32.7050694235633,38.1088275,70.621716308457,56.6152570765385,20.6873587710039,16.6960517822507,10.1623736270714,13.893981963484,42.7341221645252,17.9942580179464,62.6787418923976,6.01029495003826,8.4656467633565,3.1948636927647,75.5411332271452,18.6484679863289,5.629386111,0.322340512715566,0.509220617458385,0.0877400160926062,20.9301398000516,0.247529961016453,0.137261298,0.757258186627503,0.280338050416565,0.940136152196124,0.00174320696040539,0.635052031637614,2.55,3.02,3.26,1,"noRScoretop_seds_2over3under10_sst_23","noRScoretop_seds_2over3under10_sst"
"723",-2.12972582111852,25.0213707188664,32.7050694235633,38.1088275,70.621716308457,56.6194828046391,20.6873587710039,16.6960517822507,10.1556463990185,13.893981963484,42.7341221645252,17.9728631246646,62.6730682112362,6.01439222924045,8.4656467633565,3.1834516282019,74.4906158052122,18.6454490881723,5.629386111,0.322340512715566,1.60753741240898,0.0877400160926062,20.4044131513241,0.247529961016453,0.137261298,0.756546846,0.280138095444677,0.924284250367673,0.00174320696040539,0.635052031637614,2.56,3.02,3.157,1,"noRScoretop_seds_2over3under10_sst_24","noRScoretop_seds_2over3under10_sst"
"724",-4.85466084472397,25.054583485669,32.69519127,38.2812993325573,70.6221325929866,55.8844766872486,21.6538121985571,14.5067041010314,10.1554485242792,10.4162638990518,42.7092948072967,17.8907622752969,60.1502517311263,6.02073364570309,8.4656804574918,3.185406943,74.2338295269334,18.64978812,4.88232112745691,0.125621369521758,0.194134162170752,0.0891001547578804,28.4947211554498,0.247587283731136,0.143570091063993,0.756450000899751,0.376511201539947,0.922421712432396,0.00128506929042726,0.626449554919363,2.65,3.02,3.129,1,"noRScoretop_seds_2over3under10_sst_25","noRScoretop_seds_2over3under10_sst"
"725",-2.13371293934572,22.2511584403184,32.8963292415989,42.3786451523646,71.0128858217593,56.7651446366267,20.6737919685999,14.5386974217001,10.372184019943,13.8391550745326,42.8168849723754,19.096472976703,62.6708639406275,6.01401731228172,8.46504569451204,3.26388948631851,74.3181777809021,18.6496071659664,4.96169305670639,0.112018295882002,0.187837681009329,0.0877400160926062,20.3977695717529,0.241386631114976,0.134564621512587,0.756471965874844,0.380953125455677,0.846927187125261,0.00193978388421045,0.635052031637614,2.74,3.02,3.043,1,"noRScoretop_seds_2over3under10_sst_26","noRScoretop_seds_2over3under10_sst"
"726",-2.14518772957805,22.5643665545424,32.680545642741,42.247792804847,71.0162297156246,56.7390983483333,20.6638065041076,16.5117091709882,10.1393583709718,13.8533588987505,42.8086972298937,19.0519959331453,62.652630605755,6.01987364457888,8.42466548443038,3.28713068001716,74.2360550568485,18.6496071659664,4.96175071680177,0.106696204864714,0.140306166234609,0.0877400160926062,20.3919807252421,0.234786906530134,0.13555647406511,0.754836880774696,0.279292467707497,0.969978196207326,0.0154128987018682,0.578761613639228,2.75,3.02,3.017,1,"noRScoretop_seds_2over3under10_sst_27","noRScoretop_seds_2over3under10_sst"
"727",-4.56449116509745,22.7276003804761,32.9360053306524,38.1073386636747,70.5945074206752,56.6243273271209,20.7179760085803,14.5063541948016,10.3699705132678,10.7002694286473,42.7269166494801,17.8755745994172,65.914711319063,6.02055475370631,8.50645754864558,3.15736699929022,74.9307105215316,18.6155444665604,4.18137911817078,0.0794593230849336,1.653891725,0.0930119853791208,20.4696124379343,0.2473670937775,0.137313037205469,0.764415051414949,0.372289493245706,0.988590631397839,0.020350467379437,0.494691848723668,2.46,3.03,3.662,1,"noRScoretop_seds_2over3under10_sst_28","noRScoretop_seds_2over3under10_sst"
"728",-2.13012133708408,22.539543662657,32.9051027853827,42.3374515746589,70.6049539388271,56.7651446366267,20.6599222742483,14.5587258208937,10.1393583709718,14.9003881699785,42.7107919363597,19.1111213531149,62.6524283852509,6.01013506338917,8.50614191195739,3.26399154393416,74.7403661377136,18.6608982487708,4.96382508963778,0.125607731762562,0.153910516021554,0.0374219155837452,20.3977695717529,0.241386631114976,0.134564621512587,0.754836880774696,0.279292467707497,0.848440167697692,0.0225606457164029,0.635052031637614,2.73,3.03,2.952,1,"noRScoretop_seds_2over3under10_sst_29","noRScoretop_seds_2over3under10_sst"
"729",-2.47973522032831,22.521654686843,32.6866714957607,42.0441529268566,63.0955176425589,47.1248328619401,20.400336258859,11.2125499513205,10.1433334909216,13.8823341840964,39.9579052161467,11.851152353802,62.6365005656266,6.46138351011208,8.07041037888775,3.93025155706634,71.7978706046532,18.2572132424061,3.68996641362145,0.883459141065447,1.55821135838911,0.0466099521234819,20.6988136682793,1.00579538093005,0.127828471640447,0.759824666867324,0.196097140195493,0.842935411050461,0.0225899462175286,0.632364817746439,2.36,3.04,3.762,1,"noRScoretop_seds_2over3under10_sst_30","noRScoretop_seds_2over3under10_sst"
"730",-2.47973522032831,22.521654686843,32.8595760763837,42.0441529268566,63.0955176425589,47.1248328619401,20.400336258859,11.3443973430933,10.1433334909216,13.3039785825417,39.9579052161467,11.851152353802,62.6365005656266,6.46138351011208,8.07041037888775,3.93025155706634,71.7975887439041,18.2587558829222,3.68996641362145,0.883459141065447,1.55821135838911,0.0464714888408352,20.5896308667902,1.00546154874328,0.127827117466072,0.759824666867324,0.193220862542446,0.842935411050461,0.0225899462175286,0.634112699265965,2.37,3.04,3.778,1,"noRScoretop_seds_2over3under10_sst_31","noRScoretop_seds_2over3under10_sst"
"731",-2.14193893995713,22.5100157808608,32.8745276532396,42.0441529268566,63.3074684344933,47.1248328619401,20.400336258859,11.2089871675682,11.0568572704436,13.304181306622,39.997341029642,11.851152353802,62.6564353059231,6.02754156904548,8.08448062704509,3.93025155706634,71.7975887439041,18.2569808227848,3.63588483523054,0.883459141065447,1.56212053521321,0.0466100722112765,18.2739446237854,1.00546154874328,0.127470711166253,0.791627226641835,0.190413759246777,0.842039965390452,0.0216225624529639,0.479151732,2.41,3.04,3.711,1,"noRScoretop_seds_2over3under10_sst_32","noRScoretop_seds_2over3under10_sst"
"732",-5.2560773732179,22.7185521939936,32.9409188797833,38.1514932236368,70.621716308457,56.6291700881515,20.7249678752896,14.3887197599495,10.36389111,10.7002694286473,42.7269166494801,17.9110652115121,65.914711319063,5.76168101415528,8.50645754864558,3.15736699929022,78.4583550066815,18.6394492640255,4.18137911817078,0.0794593230849336,1.653891725,0.0425668324628576,18.418416814801,0.2473670937775,0.137319564950251,0.758468920547631,0.376764669907718,0.92424252869204,0.020350467379437,0.495318213285219,2.46,3.04,3.662,1,"noRScoretop_seds_2over3under10_sst_33","noRScoretop_seds_2over3under10_sst"
"733",-4.48737906530153,24.8560828659915,32.7495578898832,38.3022705895505,70.5930052605106,49.0766684099256,21.6538121985571,12.7471497725134,12.8081388858677,15.06776731893,42.6896720871303,12.9681348213093,59.7963851958027,6.01944026825442,8.01896710341964,3.13766481011039,71.8266971894318,18.2540745313794,4.91172154774702,0.738594240563669,1.612042284802,0.056913076487549,28.4685342822266,0.247587283731136,0.12471410307287,0.757762439649983,0.380807453876349,0.980642399733334,0.000557262072435723,0.478886685800993,2.47,3.04,3.44,1,"noRScoretop_seds_2over3under10_sst_34","noRScoretop_seds_2over3under10_sst"
"734",-2.14518772957805,22.5643665545424,32.6838682365146,42.247556545468,70.6250602023223,56.7390983483333,20.6637822425698,14.5386974217001,10.1318663747876,13.8533588987505,42.8086972298937,17.9896108324985,62.6537719182236,6.02120283570161,8.50637259435738,3.26447889355686,74.2360550568485,18.6496071659664,4.96175071680177,0.126429092022536,0.15310906229171,0.0877400160926062,20.3977695717529,0.241386631114976,0.13555647406511,0.75491950966328,0.274975241380255,0.969978196207326,0.0012700590439224,0.635052031637614,2.56,3.04,3.144,1,"noRScoretop_seds_2over3under10_sst_35","noRScoretop_seds_2over3under10_sst"
"735",-4.86588545277863,22.2033864748484,33.0233867253268,38.3022705895505,70.6215023648528,55.8054193741141,21.6538121985571,12.7114906567929,10.3638864388551,10.677963291857,42.8113062259706,17.9139508257926,59.8825603910363,6.02251000613032,8.01955433829812,3.93899249495117,74.2338295269334,18.6454028021981,4.96524557963223,0.121529749538926,1.66459978763321,0.087757563195071,28.432827006498,0.247600294657346,0.143408800644055,0.755395010190888,0.371851516855942,0.988511730785667,0.0213807349590575,0.490020187196569,2.62,3.04,3.047,1,"noRScoretop_seds_2over3under10_sst_36","noRScoretop_seds_2over3under10_sst"
"736",-2.1264446927561,22.6589472732233,32.8418958767624,42.3200197581252,70.6049539388271,56.7651446366267,20.6650549831837,14.5587258208937,10.1393583709718,14.9003881699785,42.7107919363597,19.0639545549737,62.6524283852509,6.01013506338917,8.50614191195739,3.1800315301378,74.7403661377136,18.6608982487708,5.48131291521125,0.144096853970834,0.151940737901019,0.370485568364663,20.3977695717529,0.241386631114976,0.142175842293368,0.755881483753696,0.279292467707497,0.848440167697692,0.0225606457164029,0.635052031637614,2.72,3.04,2.93,1,"noRScoretop_seds_2over3under10_sst_37","noRScoretop_seds_2over3under10_sst"
"737",-3.79028811358548,20.5185495073379,32.6940052031098,38.2955344531535,71.03751896,55.851500217215,21.6538121985571,12.7699953254066,10.15544854076,14.93974363,39.238347242551,19.0746342312302,60.0073549468064,6.02034248354268,8.49679767210507,3.185406943,74.23064019,18.6501006339072,6.30687942798449,0.125572658741631,0.194134162170752,0.0265775060278859,28.6025794353026,0.245949741534438,0.196864389409281,0.798540013690921,0.976172601,0.97576232733458,0.00060191053866836,0.494677678503579,2.87,3.04,2.888,1,"noRScoretop_seds_2over3under10_sst_38","noRScoretop_seds_2over3under10_sst"
"738",-3.79028811358548,20.5185495073379,32.69519127,38.2955344531535,71.03751896,55.8512703392762,21.6538121985571,12.7699953254066,10.15544854076,14.93974363,39.238347242551,19.0852614131471,60.0073549468064,6.02034248354268,8.50637499112041,3.185406943,74.23064019,18.6501006339072,6.30765339028414,0.125572658741631,0.194134162170752,0.0265775060278859,28.5998465597727,0.247661470534406,0.196864389409281,0.805301208,0.976172601,0.97576232733458,0.000495220472450017,0.494677678503579,2.88,3.04,2.887,1,"noRScoretop_seds_2over3under10_sst_39","noRScoretop_seds_2over3under10_sst"
"739",-3.42557973925449,20.5185495073379,32.69519127,38.2955344531535,71.03751896,55.8512703392762,21.6538121985571,12.7699953254066,10.15544854076,14.93974363,39.238347242551,19.0852614131471,60.0073549468064,6.02034248354268,8.50637499112041,3.185406943,74.23064019,18.6501006339072,6.30765339028414,0.125572658741631,0.194134162170752,0.0265775060278859,28.5998465597727,0.247661470534406,0.196864389409281,0.805301208,0.976172601,0.97576232733458,0.000495220472450017,0.494677678503579,2.89,3.04,2.842,1,"noRScoretop_seds_2over3under10_sst_40","noRScoretop_seds_2over3under10_sst"
"740",-2.35448951848118,22.4799109775951,32.8595760763837,42.0441529268566,63.0955176425589,47.1248328619401,20.2055426155953,11.3443973430933,10.1433334909216,13.3039785825417,39.9532059595417,11.851152353802,62.6365005656266,6.46138351011208,8.07041037888775,3.93025155706634,71.7975887439041,18.2587558829222,4.52760769876486,0.883907267056978,1.55938995175328,0.0464714888408352,20.3128007785394,1.00546154874328,0.126504179029025,0.759824666867324,0.361262843920743,0.842935411050461,0.0225899462175286,0.634112699265965,2.38,3.05,3.748,1,"noRScoretop_seds_2over3under10_sst_41","noRScoretop_seds_2over3under10_sst"
"741",-2.13371293934572,22.5262405579694,32.8986626455146,36.9443963494433,70.621716308457,56.755544918307,20.6737180097865,14.5170841273956,10.229020437866,13.3364740598373,43.7970112575438,17.8380133034193,62.652630605755,6.02116650648829,8.53797795149553,3.26398953368837,74.8114679949591,18.6496071659664,4.96182303175226,0.146878486021709,0.151756705399096,0.0877400160926062,20.3369323203151,0.223387006432352,0.135569178269273,0.689717459179273,0.161513883936966,0.975239065910636,0.00317221649332456,0.635280831012815,2.53,3.05,2.947,1,"noRScoretop_seds_2over3under10_sst_42","noRScoretop_seds_2over3under10_sst"
"742",-2.0542839753195,25.0213707188664,32.7050694235633,42.2269606285258,71.0198792185519,56.6169314176757,20.6873178130764,16.6343243757926,10.1556463990185,15.0940583890261,42.8170464195619,17.8969049514385,62.7349441893061,6.01416305762879,8.46612578240324,3.17858457038775,74.4906158052122,18.6452589715988,4.9600989045634,0.322340512715566,1.7532322144545,0.0878615773354878,20.3862390146403,0.243642354747456,0.137261298,0.754928794070606,0.380997697021759,0.924284250367673,0.00294674700608644,0.635263152203393,2.56,3.05,3.103,1,"noRScoretop_seds_2over3under10_sst_43","noRScoretop_seds_2over3under10_sst"
"743",-4.17914030516419,20.5243112052247,32.69519127,38.2819802621145,71.03751896,55.8512703392762,21.6538121985571,12.7563343294678,10.15544854076,14.93974363,39.4656833482448,19.0852614131471,60.0073422368173,6.02196665992884,8.50637499112041,3.185406943,74.23064019,18.6505096701778,6.2836739164957,0.328898734369823,0.194134162170752,0.0265775060278859,28.7691725069982,0.247587283731136,0.196864389409281,0.805301208,0.976188979516238,0.97576232733458,0.0020818102339023,0.493896825274806,2.85,3.05,2.895,1,"noRScoretop_seds_2over3under10_sst_44","noRScoretop_seds_2over3under10_sst"
"744",-2.47973522032831,23.5523262281186,35.0504535323724,39.376302066422,63.0955176425589,47.1248328619401,20.400336258859,11.347174450888,13.0567957969557,13.3075197743239,39.997341029642,11.8747038040259,59.7964965377419,6.46138351011208,8.07041037888775,3.93025155706634,71.8103494328435,17.9688919436529,4.20577848884151,0.883459141065447,1.56212053521321,0.0464716089286297,18.1647618222963,1.00546406812309,0.127562431825625,0.947317368564322,0.193345011343663,0.842947736447213,0.0225899462175286,0.480899613519526,2.32,3.06,3.979,1,"noRScoretop_seds_2over3under10_sst_45","noRScoretop_seds_2over3under10_sst"
"745",-4.55594101123194,22.7185521939936,32.9360053306524,38.1073386636747,70.621716308457,56.6243273271209,20.6873178130764,14.5063541948016,10.36389111,10.7002694286473,42.7269166494801,17.9110652115121,65.914711319063,6.02055475370631,8.50645754864558,3.15736699929022,78.4583550066815,18.6454896565421,4.18137911817078,0.0794593230849336,1.653891725,0.0891019544706576,18.418416814801,0.2473670937775,0.137318307732005,0.756546846,0.376489205414265,0.924284250367673,0.020350467379437,0.494691848723668,2.42,3.06,3.417,1,"noRScoretop_seds_2over3under10_sst_46","noRScoretop_seds_2over3under10_sst"
"746",-2.47973522032831,22.5106053292388,32.8762435171716,42.0542968889331,62.9632056938984,48.147827852208,20.400336258859,11.2089871675682,11.0586978431229,13.8379426067614,39.997341029642,12.1969469163867,59.7670653578298,6.71911611959843,8.07041037888775,3.92604649801908,71.8215707761672,18.2569808227848,3.68996641362145,0.8838002329842,1.56212053521321,0.0577849989004656,18.2739446237854,1.01939490110368,0.127773017370062,0.570219927683196,0.196296963267852,0.842233415596983,0.0220101754067876,0.479151732,2.32,3.07,3.769,1,"noRScoretop_seds_2over3under10_sst_47","noRScoretop_seds_2over3under10_sst"
"747",-2.47973522032831,23.5523262281186,34.8775489517494,39.376302066422,63.0955176425589,47.1248328619401,20.400336258859,11.2153270591152,13.0567957969557,13.8858753758785,39.997341029642,11.8747038040259,59.7964965377419,6.46138351011208,8.07041037888775,3.93025155706634,71.8106312935927,17.9673493031368,4.20577848884151,0.883459141065447,1.56212053521321,0.0466100722112765,18.2739446237854,1.00579790030985,0.127563786,0.947317368564322,0.19622128899671,0.842947736447213,0.0225899462175286,0.479151732,2.32,3.07,3.94,1,"noRScoretop_seds_2over3under10_sst_48","noRScoretop_seds_2over3under10_sst"
"748",-2.52484619803875,22.5415117459846,32.7358573559743,40.0368496252154,63.0955176425589,49.2027802878328,20.400336258859,12.2214683311971,11.0188738393099,13.1548805321358,43.8889638808385,13.0356006243534,60.0231975545349,6.47033275780332,8.42227426474542,3.13732212454303,71.8365591491061,18.2546492587632,3.80423538924443,0.73848349841542,1.62803640626058,0.0531041394978711,18.2739446237854,1.01939490110368,0.12468618754215,0.570219927683196,0.193220862542446,0.866698641160505,0.0261666417957874,0.488191864534437,2.39,3.07,3.601,1,"noRScoretop_seds_2over3under10_sst_49","noRScoretop_seds_2over3under10_sst"
"749",-2.4832621722435,22.6690948339807,32.795277619102,42.2691663861092,62.9294590238956,48.147827852208,20.4030765066927,11.1567785308791,10.9905938666404,13.8015265074023,39.997341029642,13.1498093231581,59.7670653578298,6.71911611959843,8.07041037888775,3.92604649801908,71.8215707761672,18.2569808227848,3.68996641362145,0.89062282560195,1.51957286980766,0.0577849989004656,18.2739446237854,1.01939490110368,0.127456056145764,0.68359279305787,0.196296963267852,0.842233415596983,0.0259901056683891,0.479151732,2.41,3.07,3.691,1,"noRScoretop_seds_2over3under10_sst_50","noRScoretop_seds_2over3under10_sst"
"750",-2.13371293934572,22.5308506134793,32.8996518353725,42.3374515746589,70.621716308457,56.7651446366267,20.6737180097865,14.5386974217001,10.1393583709718,13.8459484509695,42.8086972298937,17.9787479324356,62.652630605755,6.01013943289057,8.50614519796453,3.26399154393416,74.7219306277185,18.660500746362,4.95743140456927,0.126178650652043,0.167563013498975,0.833049432073654,20.3977695717529,0.660191709228019,0.134564621512587,0.754836880774696,0.279292467707497,0.846927187125261,0.0213105111485632,0.635052031637614,2.62,3.07,2.914,1,"noRScoretop_seds_2over3under10_sst_51","noRScoretop_seds_2over3under10_sst"
"751",-3.88230655817077,20.5185495073379,32.6830455486138,39.0613560915774,71.03751896,55.8512703392762,21.6538121985571,12.7563343294678,10.15544854076,14.9446582245401,42.7092948072967,17.9401282401958,59.446962688218,6.02034248354268,8.49813005891694,3.185406943,74.230690916795,18.6164030318162,5.0047160935513,0.125621369521758,0.194134162170752,0.0355833912319249,28.603031031788,0.247584281993457,0.197593802005067,0.804901091628799,0.96662650578376,0.972250931821511,0.00390663953129336,0.494677678503579,2.69,3.07,2.906,1,"noRScoretop_seds_2over3under10_sst_52","noRScoretop_seds_2over3under10_sst"
"752",-5.01891891046326,22.5676976786526,32.6935493044939,39.3640183864299,71.03751896,55.8512703392762,21.6538121985571,12.7563343294678,10.15544854076,14.93974363,42.7092948072967,19.0852614131471,59.94399257254,6.02034248354268,8.46392142941917,3.185406943,74.23064019,18.64978812,5.6133799594418,0.125846827907481,0.153166977601662,0.0857614037818584,28.554448465749,0.247587283731136,0.214916490044163,0.913176127755934,0.976172601,0.972279345842812,0.0012015626619011,0.494677678503579,2.78,3.07,2.892,1,"noRScoretop_seds_2over3under10_sst_53","noRScoretop_seds_2over3under10_sst"
"753",-2.86122040978136,22.5106053292388,32.8762435171716,42.0542968889331,62.9632056938984,48.147827852208,20.400336258859,11.2089871675682,11.0586978431229,13.8379426067614,39.997341029642,12.1969469163867,59.7670653578298,6.71911611959843,8.07041037888775,3.92604649801908,71.8215707761672,18.2569808227848,3.68996641362145,0.8838002329842,1.56212053521321,0.0577849989004656,18.2739446237854,1.01939490110368,0.127773017370062,0.570219927683196,0.196296963267852,0.842233415596983,0.0220101754067876,0.479151732,2.32,3.08,3.863,1,"noRScoretop_seds_2over3under10_sst_54","noRScoretop_seds_2over3under10_sst"
"754",-2.52484619803875,22.5039118839886,32.7358573559743,39.8798228430003,69.8502556594292,49.1826606410397,20.3758883538019,12.2214683311971,13.1047353548311,13.319847297297,43.8715354402055,13.0356006243534,59.6837260716366,6.48872093481072,8.07041037888775,3.13732212454303,74.8689821887617,18.2569808227848,5.08211561574408,0.738468726092208,1.62803640626058,0.0577849989004656,18.2739446237854,0.678993990191526,0.12473363938922,0.56855789182264,0.193220862542446,0.88062503631415,0.0270749585251516,0.453243184798788,2.39,3.08,3.517,1,"noRScoretop_seds_2over3under10_sst_55","noRScoretop_seds_2over3under10_sst"
"755",-2.52360401495077,22.5090196412058,32.7304998234239,38.3385353545323,70.6312230758223,49.1826606410397,20.3829780580454,12.2214683311971,10.1165438700466,13.319847297297,43.9088461463845,13.1854272827698,62.6618350927044,6.48872093481072,8.51350521984734,3.13732212454303,74.8689821887617,18.2569808227848,4.96641601381893,0.718416465232916,1.62803640626058,0.0877126838086547,18.2739446237854,0.70775899786546,0.123879717058953,0.56855789182264,0.28051097668107,0.846293208171874,0.0270749585251516,0.456239046127891,2.4,3.08,3.21,1,"noRScoretop_seds_2over3under10_sst_56","noRScoretop_seds_2over3under10_sst"
"756",-1.86295796670374,22.5039118839886,32.7358573559743,39.8798228430003,69.8502556594292,49.1826606410397,20.3758883538019,12.2214683311971,13.1047353548311,13.319847297297,43.8715354402055,13.0356006243534,59.6837260716366,6.48872093481072,8.07041037888775,3.13732212454303,74.8689821887617,18.2569808227848,5.08211561574408,0.738468726092208,1.62803640626058,0.0577849989004656,18.2739446237854,0.678993990191526,0.12473363938922,0.56855789182264,0.193220862542446,0.88062503631415,0.0270749585251516,0.453243184798788,2.41,3.08,3.455,1,"noRScoretop_seds_2over3under10_sst_57","noRScoretop_seds_2over3under10_sst"
"757",-4.55952506209242,22.5262380901339,33.0210486202987,38.1074548163518,70.6217133956321,56.61624202,20.6867618577211,14.5178620349045,12.8301572343837,10.6053130588901,45.4069764774085,17.859950261062,65.9502685663764,6.01129297022125,8.46575932888211,3.24572618277522,74.811484024268,18.6403797002233,4.95181514117244,0.212347276764241,0.126914774245711,0.0877400160926062,18.418416814801,0.239534849756717,0.134765146457735,0.757020066362407,0.376495961182197,0.843175887610472,0.0210388481809411,0.627310459692264,2.49,3.08,3.203,1,"noRScoretop_seds_2over3under10_sst_58","noRScoretop_seds_2over3under10_sst"
"758",-4.43596557498605,22.4471151424708,32.6731844643106,38.1379071007802,70.6262427847328,56.61624202,20.6873178130764,12.7608102350765,10.1504241482651,10.7013385469457,42.5833800075267,17.8790021739429,65.9685731665495,6.02097620566936,8.47341793703169,3.9113636850622,74.4991976569333,18.6454896565421,5.51359400150502,0.113661994166295,1.65217723586436,0.0881443545626716,20.222129177442,0.247408883976825,0.143231249041712,0.916666354048721,0.378096502882458,0.927461277204707,0.0631896292507247,0.62775220455605,2.52,3.08,3.369,1,"noRScoretop_seds_2over3under10_sst_59","noRScoretop_seds_2over3under10_sst"
"759",-4.52090093833115,22.4471151424708,32.6731844643106,38.1379071007802,70.6262427847328,56.61624202,20.6873178130764,12.7608102350765,10.1556463990185,10.7013385469457,42.6765058041536,17.8930464957236,65.9685731665495,6.01046110850771,8.46565146038616,3.9113636850622,74.4991976569333,18.6454896565421,5.629386111,0.112715053449701,1.65217723586436,0.0881443545626716,20.222129177442,0.24744714809721,0.143212441254381,0.91980608738348,0.378096502882458,0.927461277204707,0.0631896292507247,0.635052031637614,2.53,3.08,3.362,1,"noRScoretop_seds_2over3under10_sst_60","noRScoretop_seds_2over3under10_sst"
"760",-3.1114131157905,19.9570508770224,32.6935512105916,39.3199386244409,71.03751896,55.8512703392762,21.6538121985571,12.7563506794928,10.15544854076,14.93974363,39.4443275618531,17.9893120600464,60.0068585556556,6.02196899715812,8.50637499112041,3.185406943,74.23064019,18.6485797383479,6.28369530300254,0.125621369521758,0.156013044696648,0.0355583095487663,28.679728110616,0.247587283731136,0.187946846572431,0.804863138842549,0.976172601,0.838859616855288,0.00210876207221885,0.493937565141081,2.78,3.08,2.786,1,"noRScoretop_seds_2over3under10_sst_61","noRScoretop_seds_2over3under10_sst"
"761",-3.0720711394759,19.9570508770224,32.6935585133411,39.3640183864299,71.03751896,55.8512703392762,21.6538121985571,12.7587221801358,10.15544854076,14.93974363,39.4443275618531,17.9893120600464,59.946869981327,6.02034248354268,8.50637499112041,3.185406943,74.23064019,18.6485797383479,6.294877438863,0.125621369521758,0.152777923426946,0.0355583095487663,28.679728110616,0.247587283731136,0.187946846572431,0.810501120261805,0.976172601,0.841080752642619,0.00210876207221885,0.493937565141081,2.78,3.08,2.791,1,"noRScoretop_seds_2over3under10_sst_62","noRScoretop_seds_2over3under10_sst"
"762",-3.14584840737775,22.5106053292388,32.8762435171716,42.0542968889331,62.9632056938984,48.147827852208,20.400336258859,11.2089871675682,11.0586978431229,13.8379426067614,39.997341029642,12.1969469163867,59.7670653578298,6.71911611959843,8.07041037888775,3.92604649801908,71.8215707761672,18.2569808227848,3.68996641362145,0.8838002329842,1.56212053521321,0.0577849989004656,18.2739446237854,1.01939490110368,0.127773017370062,0.570219927683196,0.196296963267852,0.842233415596983,0.0220101754067876,0.479151732,2.31,3.09,3.948,1,"noRScoretop_seds_2over3under10_sst_63","noRScoretop_seds_2over3under10_sst"
"763",-5.03511570240248,22.6006744295193,32.695173755896,39.0269786501441,71.0375290253256,55.8516151278173,21.6537769728368,12.8644657028618,10.174178343404,14.93974363,42.6901250288593,19.0865486457947,60.0040895433248,6.02037916675377,8.50776713878851,3.185406943,74.3999696699444,18.679138107735,4.95612031362666,0.297342614674997,0.189786916384322,0.0265744996043757,28.554412596277,0.242989370057164,0.215167507013441,0.810072141385855,0.976176498734049,0.967117149885506,0.00127439252706439,0.494638826520091,2.76,3.09,2.894,1,"noRScoretop_seds_2over3under10_sst_64","noRScoretop_seds_2over3under10_sst"
"764",-2.85102083606397,22.5104594547748,32.7363613532263,39.8740327083781,63.0955176425589,49.1826606410397,20.400336258859,11.2185304328685,11.0604149812199,13.3001376701552,40.4495727130113,12.1968662638088,59.767290914093,6.71969493013561,8.07041037888775,3.92835169968274,71.8269311207402,18.2569808227848,3.70078289657307,0.73848349841542,1.62803640626058,0.0577849989004656,18.2739446237854,1.01939490110368,0.12468618754215,0.570219927683196,0.193220862542446,0.88062503631415,0.0211490236486761,0.479151732,2.35,3.1,3.736,1,"noRScoretop_seds_2over3under10_sst_65","noRScoretop_seds_2over3under10_sst"
"765",-2.13371293934572,22.5262405579694,32.8986626455146,36.9443963494433,70.621716308457,56.7556165783632,20.6737180097865,14.5170841273956,12.8240115714337,13.3364740598373,43.8149715354092,17.8380133034193,62.652630605755,6.01164750546713,8.04776762471608,3.26399154393416,74.8114679949591,18.6496071659664,4.96382508963778,0.14740894456156,0.181670699407872,0.0877400160926062,20.3362289461905,0.223387006432352,0.13462145074978,0.689717459179273,0.161513883936966,0.842041163631902,0.021082381652106,0.635280831012815,2.51,3.1,3.034,1,"noRScoretop_seds_2over3under10_sst_66","noRScoretop_seds_2over3under10_sst"
"766",-1.42811558513878,22.6307359189674,34.8168209493041,43.0859083735704,70.2277649832731,47.0964379043013,19.3718849275283,13.469073682493,13.1740265992976,13.8447926536012,40.0887023678745,13.0111132596593,62.7075632463067,6.71933939904889,8.4375463019558,3.79881796808649,74.8805362949004,15.5875532021097,5.09325208297782,0.888418596162732,1.57818033200304,0.835367059589673,20.9600094994093,0.699070796,0.140986172255542,0.792301708,0.372191523,0.864682738150924,0.125498081848438,0.731667114506375,2.38,3.11,3.488,1,"noRScoretop_seds_2over3under10_sst_67","noRScoretop_seds_2over3under10_sst"
"767",-2.52484619803875,22.5048525420798,32.7358573559743,39.8740327083781,63.0955176425589,49.1826606410397,20.400336258859,12.2214683311971,11.0188738393099,13.3001376701552,43.8715354402055,13.0356006243534,59.7964965377419,6.71966609347977,8.07041037888775,3.13732212454303,71.8269311207402,18.2569808227848,3.70078289657307,0.73848349841542,1.62803640626058,0.0577849989004656,18.2739446237854,1.01939490110368,0.12468618754215,0.570219927683196,0.193220862542446,0.88062503631415,0.0211490236486761,0.479151732,2.38,3.11,3.559,1,"noRScoretop_seds_2over3under10_sst_68","noRScoretop_seds_2over3under10_sst"
"768",-3.23283031590625,23.7233276329845,32.7368840155038,49.80767944,63.1809506037031,49.2029051623783,20.4102343960793,13.9693905593536,10.4181658322192,19.499953406328,34.6142767965146,12.98235682,60.0244539971243,6.46701997329119,8.42807452205626,3.92321963869519,72.9047876440855,18.3096139986351,5.34700863481829,0.307836110383722,1.55241558300487,0.0532530937661753,28.60362002,0.701204624906174,0.140296011527066,0.57074456098356,0.170724983253896,0.866974410788116,0.0265884071003812,0.488212618077756,2.38,3.11,3.647,1,"noRScoretop_seds_2over3under10_sst_69","noRScoretop_seds_2over3under10_sst"
"769",-4.65060418967546,22.611991298292,33.0208353802462,37.6310577904057,70.6620760705531,56.61624202,20.7292638430038,12.3422318666989,10.1792043054511,10.4518449691356,45.2942472569572,17.7558589175593,62.7019824441717,6.04473975964729,8.46575932888211,3.17869714106601,74.6963411556939,18.7077136811157,6.12062268834371,0.322359121198694,1.653891725,0.117456731189816,20.3159763587111,0.27956924430522,0.143636913978383,0.800655021726758,0.37848474590007,0.928537092114264,0.0012115207021398,0.696844053901707,2.49,3.11,3.148,1,"noRScoretop_seds_2over3under10_sst_70","noRScoretop_seds_2over3under10_sst"
"770",-1.60870642095705,22.6301290890111,34.8168209493041,43.0859083735704,70.2277649832731,47.0964379043013,19.3718849275283,12.0320064598602,13.1740265992976,13.8447926536012,43.8682588272487,13.0111132596593,62.7070654546651,6.71933939904889,8.4375463019558,3.79881796808649,74.8805362949004,15.5894313753904,5.09325208297782,0.888418596162732,1.57818033200304,0.402194364629792,18.1540012488099,0.699070796,0.140986172255542,0.915790054684328,0.372191523,0.864604331177567,0.124320970118998,0.727457242510021,2.29,3.12,3.434,1,"noRScoretop_seds_2over3under10_sst_71","noRScoretop_seds_2over3under10_sst"
"771",-1.60870642095705,22.6301290890111,34.8298985990771,43.0859083735704,70.2277649832731,47.0964379043013,19.3718849275283,12.0320064598602,13.1740265992976,13.8449502621885,43.8715676718469,13.0101120983919,62.7070654546651,6.71933939904889,8.4375463019558,3.7853095013911,74.8805362949004,15.5894313753904,5.0921132284618,0.888418596162732,1.6258810081994,0.402194364629792,18.1540012488099,0.699070796,0.140986172255542,0.900319274514816,0.372191523,0.864604331177567,0.124320970118998,0.727457242510021,2.29,3.12,3.436,1,"noRScoretop_seds_2over3under10_sst_72","noRScoretop_seds_2over3under10_sst"
"772",-1.39664835133777,22.5218786606156,34.7829687149799,43.1835064002091,70.3198363581953,47.0964379043013,19.3718849275283,12.2013829239853,13.12274276,13.8628500592839,40.0887023678745,12.1854537387423,59.8900399383038,6.46241602123063,8.04431159201739,3.79023415267601,74.8805362949004,17.9295458528624,5.08910703208758,0.886954082170994,1.5699947843822,0.835367059589673,28.2709858970955,0.699070796,0.141003160687977,0.792301708,0.376726039921202,0.842007176636775,0.125498081848438,0.736095714478244,2.31,3.12,3.832,1,"noRScoretop_seds_2over3under10_sst_73","noRScoretop_seds_2over3under10_sst"
"773",-4.55594101123194,22.723524555496,32.9360053306524,38.1290863845892,70.621716308457,56.6235574227168,20.6870136734371,14.5063541948016,10.4785713692998,13.9146446923766,42.8072776198466,17.9110652115121,65.914711319063,6.0203984997722,8.50645754864558,3.15522946399004,78.4583550066815,18.6928025262307,4.18137911817078,0.0794593230849336,1.65599307081389,0.0891019544706576,18.418416814801,0.241995473917884,0.137318307732005,0.756546846,0.280292620927617,0.841450965187526,0.020350467379437,0.495859665844792,2.39,3.12,3.422,1,"noRScoretop_seds_2over3under10_sst_74","noRScoretop_seds_2over3under10_sst"
"774",-4.86588545277863,25.0346196973435,33.0185281667721,38.3022705895505,70.5930052605106,55.8478626144583,21.6538121985571,12.7471497725134,12.8808781381391,14.9688513618508,42.6875634082419,17.8907622752969,59.9338362154451,6.02298978784493,8.01896710341964,3.17842304043384,74.2338295269334,17.9737033755334,4.93121295281508,0.714521256588825,0.195263465259889,0.0891001547578804,28.4685342822266,0.247587283731136,0.143408800644055,0.756450000899751,0.375261824568577,0.980642399733334,0.0015879709368386,0.494677678503579,2.52,3.12,2.871,1,"noRScoretop_seds_2over3under10_sst_75","noRScoretop_seds_2over3under10_sst"
"775",-3.8416456307012,25.0545467145379,32.69519127,38.2819802621145,79.0791844540969,56.629567419296,21.6953972000978,12.7563343294678,10.3693530812294,8.08497270721186,45.3999999275674,17.9089824966648,59.3416215216421,6.02044224378481,8.47427956241611,3.33347694204538,78.6145732314501,18.8538242482614,4.92235677594769,0.125621369521758,1.62772359128686,0.825961565228895,28.4947211554498,0.247584073306169,0.137093548129745,0.756537521967747,0.375173903174895,0.971526859281486,0.0631325320660292,0.624922802149292,2.52,3.12,3.016,1,"noRScoretop_seds_2over3under10_sst_76","noRScoretop_seds_2over3under10_sst"
"776",-2.31536099302091,22.2511584403184,32.7038238905582,37.6421190625219,70.6620728919105,56.7532130616282,20.6873620410118,16.6233126719318,10.1129741966538,13.8391550745326,42.8395321895921,17.9788565902199,62.652630605755,6.04498443945748,8.46714740534177,3.25814064679864,74.3123599305306,18.7072989848044,5.61520918968817,0.320655757417411,0.196963917594102,0.0877444258878069,20.3985765242946,0.247712917715631,0.137308294786331,0.754836880774696,0.381750561415843,0.845918938995644,0.0616356514626702,0.635052031637614,2.58,3.12,2.919,1,"noRScoretop_seds_2over3under10_sst_77","noRScoretop_seds_2over3under10_sst"
"777",-5.02832288569127,22.5640938533181,32.6932362163205,39.3640183864299,70.837054595562,55.8512703392762,21.6538121985571,12.7563343294678,11.0534937259299,15.0906810677374,42.7092948072967,19.084817236104,59.94399257254,6.02038890199544,8.50637499112041,3.185406943,74.23064019,18.64978812,4.95510309852809,0.125621369521758,0.153166977601662,0.0355583095487663,28.3516400363971,0.247668003621506,0.214048715825453,0.810501120261805,0.976183840078292,0.973473404961757,0.004878027526196,0.492582210082348,2.68,3.12,2.83,1,"noRScoretop_seds_2over3under10_sst_78","noRScoretop_seds_2over3under10_sst"
"778",-5.01025177422048,22.5640938533181,32.6935409992371,39.3640183864299,71.03751896,55.8040897769061,21.6622255772872,12.7563343294678,11.089687356886,14.93974363,42.7092948072967,19.0852855276285,59.94399257254,6.02191235878891,8.43514147909666,3.185406943,74.23064019,18.6493911786165,4.93938153016451,0.142597892881849,0.153166977601662,0.0355583095487663,28.554448465749,0.247152681673971,0.214048715825453,0.80573018687595,0.976318810265951,0.971534554143332,0.00128506929042726,0.494677678503579,2.69,3.12,2.828,1,"noRScoretop_seds_2over3under10_sst_79","noRScoretop_seds_2over3under10_sst"
"779",-5.01094497533376,22.5640938533181,32.6705729592244,39.3640183864299,71.0996205219416,55.8512703392762,21.6505904219439,12.7563343294678,10.1586658752791,15.0287551114074,42.7092948072967,19.0973479818154,59.94399257254,6.50776291344541,8.50637499112041,3.185406943,74.23064019,18.8269763644387,5.09129813569563,0.125621369521758,0.153166977601662,0.0355583095487663,28.554448465749,0.247587283731136,0.215399568805177,0.810501120261805,0.976172601,0.972279345842812,0.00128506929042726,0.494677678503579,2.74,3.12,2.896,1,"noRScoretop_seds_2over3under10_sst_80","noRScoretop_seds_2over3under10_sst"
"780",-4.65060418967546,22.611991298292,33.0208353802462,37.6310577904057,70.6620760705531,56.61624202,20.7292638430038,12.3421056491027,11.0602657408516,10.4518449691356,45.2942472569572,17.7558589175593,62.6515395563808,6.04473975964729,8.46575932888211,3.17869714106601,74.6963411556939,18.7077125862648,6.12085090975611,0.322359121198694,1.653891725,0.117456731189816,20.3159763587111,0.27956924430522,0.143636913978383,0.800656861728513,0.37848474590007,0.929392402388187,0.0012115207021398,0.699697416716343,2.5,3.13,3.11,1,"noRScoretop_seds_2over3under10_sst_81","noRScoretop_seds_2over3under10_sst"
"781",-2.27051906267765,22.2511584403184,32.9095910004194,38.8985005753123,70.5933950812794,57.1332154690107,20.6877266973926,14.5688291799683,10.4184575156986,14.9488298105462,42.8086972298937,17.9788565902199,62.6327576707763,6.01011110848409,8.52278013915284,3.25887035164564,74.3182351442922,18.6593381567084,4.94347190318558,0.707634622212911,1.54668400654369,0.0878117980368858,20.3985427371825,0.247712917715631,0.137304064069283,0.755166533758155,0.279292467707497,0.846163801300913,0.000434772747226878,0.639079504623292,2.51,3.13,3.006,1,"noRScoretop_seds_2over3under10_sst_82","noRScoretop_seds_2over3under10_sst"
"782",-5.03476999256111,22.6006744295193,32.695173755896,39.0269786501441,71.0375290253256,55.8516151278173,21.6537769728368,12.8644657028618,11.1121599852749,14.93974363,42.6901250288593,19.0864704143636,59.9439829142007,6.02037916675377,8.50776713878851,3.185406943,74.2290639654966,18.6498454483767,4.95598725003736,0.301471414994948,0.189786916384322,0.0266010189652852,28.554412596277,0.242977427528531,0.215167507013441,0.810052169488283,0.976176498734049,0.967117149885506,0.00127439252706439,0.494638826520091,2.67,3.13,2.843,1,"noRScoretop_seds_2over3under10_sst_83","noRScoretop_seds_2over3under10_sst"
"783",-0.817403376785459,22.5218786606156,34.8168209493041,43.1835064002091,70.3198363581953,47.0964379043013,19.3718849275283,12.2432720711091,13.12274276,13.8447926536012,40.0887023678745,12.1947003248954,59.8900399383038,6.46241602123063,8.45194163793672,3.79023415267601,74.8805362949004,15.5875532021097,5.08910703208758,0.882176066,1.55305007529105,0.835367059589673,28.2709858970955,0.699070796,0.140986172255542,0.792301708,0.372191523,0.842007176636775,0.125498081848438,0.731511678520871,2.27,3.14,3.797,1,"noRScoretop_seds_2over3under10_sst_84","noRScoretop_seds_2over3under10_sst"
"784",-1.39664835133777,22.6738013989331,34.8168209493041,43.1835064002091,70.0264764017859,47.0964379043013,19.4842326016656,12.2432720711091,13.12274276,13.7921031388744,40.0887023678745,13.1437798706953,60.0116821336165,6.46325923647856,8.45194163793672,3.76241015511923,74.8491217334341,15.5875532021097,4.21609125168263,0.30308078528037,1.57590522009422,0.842682677125702,28.2840650329555,0.699070796,0.140986172255542,0.792301708,0.385495253343036,0.842007176636775,0.125498081848438,0.731511678520871,2.28,3.14,3.689,1,"noRScoretop_seds_2over3under10_sst_85","noRScoretop_seds_2over3under10_sst"
"785",-4.98254544153343,19.9651559146854,32.6935585133411,39.3640183864299,71.03751896,55.8512703392762,21.6538121985571,12.7564030471446,10.15544854076,14.93974363,42.5600782921275,18.0414973732443,59.946869981327,6.02034248354268,8.50637499112041,3.19409317851668,74.23064019,18.6485797383479,6.294877438863,0.125621369521758,0.113839360731783,0.0355583095487663,28.5527824750115,0.247587283731136,0.187275277171555,0.810501120261805,0.975944715752541,0.841080752642619,0.00210876207221885,0.494669412602948,2.74,3.14,2.817,1,"noRScoretop_seds_2over3under10_sst_86","noRScoretop_seds_2over3under10_sst"
"786",-1.39664835133777,22.5218786606156,34.8168209493041,43.1835064002091,70.3198363581953,47.0964379043013,19.3718849275283,12.2432720711091,13.12274276,13.8447926536012,40.0887023678745,12.1947003248954,59.8900399383038,6.46241602123063,8.45194163793672,3.79023415267601,74.8805362949004,15.5875532021097,5.08910703208758,0.882176066,1.55305007529105,0.835367059589673,28.2709858970955,0.699070796,0.140986172255542,0.792301708,0.372191523,0.842007176636775,0.125498081848438,0.731511678520871,2.26,3.15,3.696,1,"noRScoretop_seds_2over3under10_sst_87","noRScoretop_seds_2over3under10_sst"
"787",-3.79254429466612,22.5624827915644,32.7015793069216,43.1801932872695,63.1723431033267,49.6617630837587,21.6413338597464,10.1737653818376,10.3575001685671,19.6769303093371,34.61456235,13.0459280151874,60.00592973,6.71676615099171,8.38421801635934,3.17536218,72.9475985956863,18.3421355268775,4.17298690127696,0.916452243923385,1.48853541589777,0.376736674238577,28.6036093053273,0.96237636724782,0.138231457383892,0.679663140858815,0.170659588,0.966064169531294,0.0621229411738858,0.699666266107365,2.38,3.15,3.167,1,"noRScoretop_seds_2over3under10_sst_88","noRScoretop_seds_2over3under10_sst"
"788",-4.86588545277863,25.054583485669,32.9975772529201,38.3022705895505,70.5930052605106,55.8512703392762,21.6538121985571,12.7471497725134,12.767683936734,14.9445919168566,42.6875634082419,17.8907622752969,60.0748628995416,6.02428390221256,8.01896710341964,3.17842304043384,74.2329364404462,17.9819973208417,4.21810696702696,0.734180251832208,0.061452274318498,0.0948907721529852,28.4685342822266,0.247587283731136,0.143408800644055,0.920208113284612,0.37503010543055,0.980642399733334,0.000737801645587073,0.491759822874657,2.52,3.15,2.873,1,"noRScoretop_seds_2over3under10_sst_89","noRScoretop_seds_2over3under10_sst"
"789",-5.03511570240248,22.6006744295193,32.695173755896,39.0269786501441,71.0375290253256,55.8516151278173,21.2029877514004,12.8644657028618,11.125565335976,14.8723005585352,42.6901250288593,19.0865486457947,59.9410270428826,6.02168382465821,8.50896888494806,3.185406943,74.3999696699444,18.679138107735,5.51809298181092,0.297342614674997,0.291890768328308,0.0206421417716298,28.554412596277,0.242989370057164,0.215167507013441,0.810017256319997,0.976176498734049,0.967583416755129,4.79174185992297e-05,0.494638826520091,2.66,3.15,2.868,1,"noRScoretop_seds_2over3under10_sst_90","noRScoretop_seds_2over3under10_sst"
"790",-5.01025177422048,22.6603579465599,32.6935409992371,39.3640183864299,71.03751896,55.8040897769061,21.6538286664464,12.7563242719612,11.089687356886,14.93974363,42.7092948072967,17.9607942448313,59.9440083961746,6.02191235878891,8.43583352370319,3.185406943,74.23064019,18.6485823867778,4.93938153016451,0.142597892881849,0.152786463450059,0.0355583095487663,28.5603468959095,0.247152681673971,0.188742355709591,0.80573018687595,0.976318810265951,0.846370360388748,0.00209386052539659,0.494677678503579,2.56,3.16,2.858,1,"noRScoretop_seds_2over3under10_sst_91","noRScoretop_seds_2over3under10_sst"
"791",-3.61620521161502,22.5624827915644,32.9317336488329,43.2347193296023,63.1255341587336,49.6617630837587,20.7008375256107,10.1737653818376,10.3575001685671,19.6769303093371,34.61456235,12.98235682,60.00592973,6.68609098544226,8.38421801635934,3.17536218,72.9475985956863,18.34410062284,4.2101594951211,0.916452243923385,1.48853541589777,0.376736674238577,28.6036093053273,0.96237636724782,0.138231457383892,0.682708680111832,0.170659588,0.965882052092863,0.0621229411738858,0.701662557785855,2.36,3.17,3.287,1,"noRScoretop_seds_2over3under10_sst_92","noRScoretop_seds_2over3under10_sst"
"792",-3.63699899273943,22.9212932292469,32.79396922,48.6249016901069,63.2730472643003,47.3987148873913,20.6878230119179,11.1192012289912,10.9941023093102,19.8284026500423,34.6346878411904,12.9774648171923,60.2824086957212,6.68608627105618,8.43595947979349,3.92321963869519,72.5635594429564,15.7105775494644,5.34658955334015,0.319628300705257,1.56035398614616,0.898323216832115,28.9041325933239,0.688244175732939,0.14042617283253,0.788577079745714,0.166226214277101,0.841368198653767,0.0646384262218278,0.511927724916858,2.37,3.17,3.275,1,"noRScoretop_seds_2over3under10_sst_93","noRScoretop_seds_2over3under10_sst"
"793",-4.53857971816632,22.611991298292,33.0208353802462,37.6310577904057,71.0160491342995,56.61624202,20.6899247103435,12.3451752111861,10.180334592076,15.1020070691589,45.2942472569572,17.7551103616087,62.6517694802989,6.04342819874492,8.46575932888211,3.17527166234276,74.6963411556939,18.6451741968781,6.10690591642709,0.322359121198694,1.7592177562678,0.115477189133254,20.3159763587111,0.27956924430522,0.143636913978383,0.800766525141774,0.381029378305383,0.994445147246817,0.0618088460607489,0.634392501011243,2.47,3.17,3.098,1,"noRScoretop_seds_2over3under10_sst_94","noRScoretop_seds_2over3under10_sst"
"794",-4.86588545277863,25.054583485669,33.0181788887507,38.3022705895505,70.5930052605106,55.8520221399071,21.6538121985571,12.8767050986498,12.8081388858677,14.9445919168566,42.7092303156371,17.8907622752969,59.9360860848623,6.02298978784493,8.01896710341964,3.18532527657161,74.2338295269334,18.64978812,4.93111068037673,0.0826083743350734,0.195263465259889,0.0891001547578804,28.4685342822266,0.247587283731136,0.14341088437056,0.756450000899751,0.375261535571255,0.980642399733334,0.000559796181324638,0.620080249508045,2.56,3.17,2.863,1,"noRScoretop_seds_2over3under10_sst_95","noRScoretop_seds_2over3under10_sst"
"795",-5.66803527810895,22.5303208607816,33.0200139235049,38.1507413612881,69.8525897109932,55.4251619756833,23.1505431026973,12.220168185283,12.7948475285828,13.3276403104312,43.852232783746,15.9830758753153,62.6805515326598,5.75876463645066,7.74133099794896,3.25265273536334,74.838053075925,17.9028276382424,3.75814774833746,0.148441471286083,0.52644253186675,0.791954804407357,19.9869205523338,1.05346939623629,0.140429896372519,0.946106019997304,0.283214426694174,0.922354012102656,0.0209905385550793,0.585180238576172,2.59,3.17,2.838,1,"noRScoretop_seds_2over3under10_sst_96","noRScoretop_seds_2over3under10_sst"
"796",-5.24588156354568,22.546272373303,33.0191831394366,36.5175257712997,69.5684860644606,54.7212774564742,23.0910017967035,12.2569107873553,12.8000380036051,13.3276403104312,43.80995487238,15.4595181947897,62.6808391820099,5.75595031286698,8.07102905815574,3.17314630458866,74.838053075925,17.9671327750621,3.7664457816207,0.389114473116121,1.18213555396132,0.142277510253391,18.2443360357321,1.01696298110027,0.143113645628386,0.945647719241186,0.292074921324753,0.922354012102656,0.0375469180166885,0.633893436257428,2.59,3.17,2.84,1,"noRScoretop_seds_2over3under10_sst_97","noRScoretop_seds_2over3under10_sst"
"797",-5.24588156354568,22.5303208607816,33.0200139235049,38.1507413612881,69.8525897109932,55.4251619756833,23.1505431026973,12.220168185283,12.7948475285828,13.3276403104312,43.852232783746,15.9830758753153,62.6805515326598,5.75876463645066,7.74133099794896,3.25265273536334,74.838053075925,17.9028276382424,3.75814774833746,0.148441471286083,0.52644253186675,0.791954804407357,19.9869205523338,1.05346939623629,0.140429896372519,0.946106019997304,0.283214426694174,0.922354012102656,0.0209905385550793,0.585180238576172,2.61,3.17,2.76,1,"noRScoretop_seds_2over3under10_sst_98","noRScoretop_seds_2over3under10_sst"
"798",-3.08962661162762,20.5905920687381,32.69519127,38.2819802621145,70.5911638178726,55.8027487999345,21.6538121985571,12.7934030275527,10.15544854076,14.9395037065516,39.5566609628451,17.8502332337915,60.0073452055182,6.02034248354268,8.50637499112041,3.185406943,74.2308761145402,18.64978812,6.31742671377925,0.125621369521758,0.194134162170752,0.0265775060278859,28.602432130033,0.247587283731136,0.196864389409281,0.804731626288437,0.97616959471002,0.977995928786746,0.00131334491710082,0.494677678503579,2.73,3.17,2.824,1,"noRScoretop_seds_2over3under10_sst_99","noRScoretop_seds_2over3under10_sst"
"799",-2.52484619803875,22.50304659643,32.733179843202,39.8798228430003,69.8502556594292,49.1826606410397,20.3758883538019,12.2214683311971,10.9201310285331,13.319847297297,43.8261728357216,13.0367452382068,59.6837260716366,6.68493471176165,8.07041037888775,3.09105775553821,74.8689821887617,18.0280208040459,5.08211561574408,0.722853981735041,1.62803640626058,0.921911659503748,18.2739446237854,0.976746651298865,0.140486229673527,0.564027460366029,0.1675005810694,0.880204090712894,0.0265640735783455,0.44266853001614,2.34,3.19,3.285,1,"noRScoretop_seds_2over3under10_sst_100","noRScoretop_seds_2over3under10_sst"
"800",-1.39668901194292,22.5234160220506,34.8127239006059,43.0842151491475,70.2307697404586,47.0964379043013,19.3718849275283,12.235508025716,13.1205208375571,13.8447926536012,40.0887023678745,13.0423199561838,59.8860935297531,6.71933519890021,8.45226910521532,3.79017136276251,79.0807655467704,15.5814458686417,5.0896706750773,0.870910605364908,1.55235096282886,0.835347244554787,28.0822699678568,0.699070796,0.140986172255542,0.678187518902669,0.372191523,0.864682738150924,0.125498081848438,0.587934776871243,2.25,3.2,4.433,1,"noRScoretop_seds_2over3under10_sst_101","noRScoretop_seds_2over3under10_sst"
"801",-1.32356240859442,22.5309681249986,33.0773612605176,43.0842151491475,69.549135850104,47.1363435573702,19.4376536413861,12.190778860078,13.172058092345,13.8447926536012,43.811499862408,12.9190127643445,60.1394583677058,6.71933939904889,8.0503643633556,3.81019485692924,74.8805362949004,15.6157826820356,5.11126058608358,0.729474816017539,1.50268738397684,0.413650509491448,20.4911355824557,0.699070796,0.140996516479497,0.919735239409228,0.372191523,0.990298447295131,0.125498081848438,0.857867081459771,2.28,3.2,3.448,1,"noRScoretop_seds_2over3under10_sst_102","noRScoretop_seds_2over3under10_sst"
"802",-3.15071799071809,22.5121775546622,32.9317336488329,43.2347193296023,63.1316378538987,49.6762934323016,20.7008375256107,10.1737653818376,11.0590043939855,19.6769303093371,34.61456235,12.980385400215,60.0036211091327,6.72240783978001,8.09622108297471,3.17575394111012,72.9475985956863,18.34410062284,4.16566098881728,0.884368948455122,1.56378677094997,0.378365643232804,28.6036093053273,0.96041161998976,0.127664956796731,0.569374556957213,0.196802194354291,0.965882052092863,0.0627443216913156,0.701662557785855,2.35,3.2,3.191,1,"noRScoretop_seds_2over3under10_sst_103","noRScoretop_seds_2over3under10_sst"
"803",-5.24588156354568,22.546272373303,33.0200162297335,36.5175257712997,69.5684860644606,55.1297366774847,23.0910017967035,12.2578967412112,12.8000380036051,13.3276403104312,43.80995487238,15.4595181947897,62.6808378730871,5.75595031286698,8.07102905815574,3.17314630458866,74.838053075925,17.9671327750621,3.7664457816207,0.389114473116121,1.18213555396132,0.414840554353814,18.2443360357321,1.05346740758333,0.143113645628386,0.945647719241186,0.292074921324753,0.922354012102656,0.0384151790062737,0.633893436257428,2.59,3.2,2.811,1,"noRScoretop_seds_2over3under10_sst_104","noRScoretop_seds_2over3under10_sst"
"804",-1.41419082901725,22.5222269405357,34.8168209493041,43.1835064002091,70.4104557378371,47.0989399946338,18.540300616237,12.4782857936004,13.1368070521689,13.8081679148199,39.9441488028511,12.0724782758753,59.8900399383038,6.46241602123063,8.42003474677226,3.80318673955296,74.8805362949004,15.5282782318223,5.08910703208758,0.882176066,1.55392810178189,0.835367059589673,28.2732338783259,0.810291055306234,0.140919273321615,0.911230360218803,0.372191523,0.972566639125087,0.125498081848438,0.731511678520871,2.25,3.21,3.81,1,"noRScoretop_seds_2over3under10_sst_105","noRScoretop_seds_2over3under10_sst"
"805",-1.42628507323967,22.6291985575323,34.8168209493041,43.1835064002091,70.3198363581953,47.0964379043013,19.3718849275283,13.4768377278861,13.12274276,13.8447926536012,40.0887023678745,12.1910282876047,59.9789448822533,6.46241602123063,8.43721883467719,3.79023415267601,74.8805362949004,15.5874845299719,5.08910703208758,0.682443030219486,1.55305007529105,0.841431499405419,28.2709858970955,0.699070796,0.140986172255542,0.792301708,0.372191523,0.842007176636775,0.125498081848438,0.731511678520871,2.26,3.21,3.771,1,"noRScoretop_seds_2over3under10_sst_106","noRScoretop_seds_2over3under10_sst"
"806",-1.39712157548262,22.5130559907568,32.8295328512068,43.0842151491475,69.5367456647327,47.1363435573702,19.3757713055509,12.190778860078,13.1485898180126,13.8447926536012,43.8178455808826,12.9640937724025,60.1774307492451,6.71933939904889,8.05511235344794,3.76020771048355,74.884846667575,15.4712804865279,5.12651172265869,0.728462640188803,1.55235096282886,0.413451597827681,18.2632201797578,1.02358359349705,0.217129020681669,0.91742766743906,0.545514438920638,0.989534439775798,0.131824237691223,0.864467574514061,2.3,3.21,3.366,1,"noRScoretop_seds_2over3under10_sst_107","noRScoretop_seds_2over3under10_sst"
"807",-2.82251523084686,23.3667171140154,32.9302491233941,39.546528963981,69.8828954834635,54.7218891234843,21.3143928136671,12.2260908188667,12.4740176116233,13.8424890893502,42.8365910449714,16.020527349306,62.6515014146721,5.98161054463101,8.07110551937999,3.26166374587693,74.6583326533855,17.0378582773886,4.15196044728834,0.743694965420331,0.201038526036827,0.402208415354192,19.9410670928547,1.01475850538046,0.134742660531633,0.949281600403562,0.538631264689577,0.871934346856562,0.0650829780885506,0.642635427354218,2.46,3.21,2.986,1,"noRScoretop_seds_2over3under10_sst_108","noRScoretop_seds_2over3under10_sst"
"808",-2.31536099302091,22.2513668511256,32.9095910004194,38.9074237897442,70.621716308457,57.1332154690107,20.6877266973926,14.5688291799683,10.2256007007487,12.984743989447,44.2356125650808,17.9788565902199,62.6327576707763,6.01011110848409,8.14024246665887,3.25887035164564,74.3182351442922,17.8894365491952,5.32868227431385,0.305059323358584,1.52100792825564,0.0877400160926062,18.6628475403078,0.219393535397831,0.142548356486961,0.679169131716267,0.279292467707497,0.846163801300913,0.0281300873484088,0.586679911479819,2.46,3.21,3.011,1,"noRScoretop_seds_2over3under10_sst_109","noRScoretop_seds_2over3under10_sst"
"809",-2.13371293934572,22.3743129534113,32.8986626455146,36.9443963494433,70.621716308457,56.7556165783632,20.6737180097865,14.7767253521964,12.8207952330575,13.3364740598373,43.4651192055073,17.8380133034193,62.631690154605,6.01164750546713,8.08528122404749,3.26399154393416,74.8188986786738,18.6496071659664,4.20079952193259,0.173445421487719,0.18441932566691,0.170584708882677,20.2154736362227,0.224571735256109,0.13462145074978,0.689717459179273,0.161513883936966,0.842041163631902,0.0869856700899331,0.635280831012815,2.49,3.21,2.998,1,"noRScoretop_seds_2over3under10_sst_110","noRScoretop_seds_2over3under10_sst"
"810",-1.39712157548262,22.5130559907568,33.0773612605176,43.0842151491475,69.5367456647327,47.1363435573702,19.4376536413861,12.190778860078,13.1707034576765,13.8447926536012,43.8178455808826,12.9640937724025,60.0090653792603,6.71933939904889,8.05509921510802,3.79017136276251,74.8805362949004,15.5875532021097,5.1163366128448,0.729474816017539,1.55235096282886,0.413451597827681,20.4911355824557,0.699070796,0.140986172255542,0.919735239409228,0.372191523,0.989534439775798,0.125498081848438,0.85765510448652,2.28,3.22,3.422,1,"noRScoretop_seds_2over3under10_sst_111","noRScoretop_seds_2over3under10_sst"
"811",-5.36673767752497,22.7929873582623,33.0209435530245,36.8108005919626,69.5507394711015,55.1251210317951,23.0919416440038,12.1999221801113,12.8000380036051,13.3517995388261,43.8115521615733,15.7068283325227,62.6789009,6.0098612484392,8.04891597622895,3.07145932968445,74.8306845792343,17.9940018620655,4.18683622424642,0.715768559736514,0.537550837698174,0.428771313368032,18.1240003914759,1.04354547967943,0.14340717028679,0.919762736103032,0.117157490077051,0.864338688752192,0.0188757263298895,0.850929184461371,2.5,3.23,2.857,1,"noRScoretop_seds_2over3under10_sst_112","noRScoretop_seds_2over3under10_sst"
"812",-2.31536099302091,22.2511584403184,32.9095910004194,38.9074237897442,70.621716308457,57.1332154690107,20.6877266973926,14.5688291799683,10.4184575156986,13.8391550745326,42.8086972298937,17.9788565902199,62.6327576707763,6.01011110848409,8.50884461586917,3.25887035164564,74.3182351442922,18.6594615022462,5.32868227431385,0.305059323358584,1.54668400654369,0.0877400160926062,20.3985427371825,0.247712917715631,0.137304064069283,0.755166533758155,0.279292467707497,0.846163801300913,0.101883945899509,0.636918785854605,2.51,3.23,2.958,1,"noRScoretop_seds_2over3under10_sst_113","noRScoretop_seds_2over3under10_sst"
"813",-3.72356102173394,22.8188844014116,32.7882935918531,49.80767944,63.189336634847,49.1683294347651,20.7002137590157,12.2494956345464,10.9987967263086,19.7885313469735,34.6346973247678,12.98235682,60.0127295969511,6.69513792321029,8.11999212818612,3.92321963869519,73.0561980107278,15.7584904348532,5.34658955334015,0.30793332240795,1.551652769,0.0437058627450567,28.1518296085639,1.01246904182181,0.141145202251789,0.634401160293568,0.166226214277101,0.933493037024002,0.0646384262218278,0.842716034897842,2.32,3.24,3.29,1,"noRScoretop_seds_2over3under10_sst_114","noRScoretop_seds_2over3under10_sst"
"814",-1.42632573384482,22.6307359189674,34.8127239006059,43.0842151491475,70.2307697404586,47.0964379043013,19.3718849275283,13.469073682493,13.1205208375571,13.8447926536012,40.0887023678745,13.0386479188931,59.9749984737026,6.71933519890021,8.4375463019558,3.79017136276251,79.0807655467704,15.5813771965039,5.0896706750773,0.671177569584394,1.55235096282886,0.841411684370532,28.0822699678568,0.699070796,0.140986172255542,0.678187518902669,0.372191523,0.864682738150924,0.125498081848438,0.587934776871243,2.25,3.25,4.526,1,"noRScoretop_seds_2over3under10_sst_115","noRScoretop_seds_2over3under10_sst"
"815",-6.34340714174578,22.4005739989153,30.0103814905473,38.1138562709778,70.643304558004,54.4927451147784,24.0501960361621,11.1833241564136,10.8719378294179,14.7445661865441,40.0955100238836,16.9111320170576,62.9981381671224,5.79248913030716,8.13652786954474,3.93038795548413,74.8625573657804,18.6585461664902,3.61672036648829,0.572578239405786,1.40961854219369,0.408355158403718,25.1347055410049,0.295882653638842,0.138903790349889,0.560708774325859,0.381285992158901,0.844124752653558,0.0193791305808939,0.358637154357423,2.79,3.26,2.679,1,"noRScoretop_seds_2over3under10_sst_116","noRScoretop_seds_2over3under10_sst"
"816",-2.54798181620778,22.50304659643,32.7207000281995,39.8798228430003,69.8502556594292,49.0853392531014,20.3758883538019,12.2214683311971,10.8899637641375,13.319847297297,43.840232539064,12.7908952242298,59.6837260716366,6.69819468843151,8.07154541911783,3.08145286265799,74.8689821887617,17.9675405066835,5.11252999889828,0.722853981735041,1.62803640626058,0.921911659503748,19.9683151374395,0.976746651298865,0.140484688546223,0.569700390681165,0.172392165919588,0.880204090712894,0.0211308785519879,0.837290870025986,2.32,3.28,3.2,1,"noRScoretop_seds_2over3under10_sst_117","noRScoretop_seds_2over3under10_sst"
"817",-1.23105107898689,22.6307359189674,34.8127239006059,43.0842151491475,70.2853349936013,47.0964379043013,19.3718849275283,13.5049007737495,13.1244155523689,13.8447926536012,40.1214605073221,13.0386479188931,59.9749984737026,6.71933519890021,8.4375463019558,3.79017136276251,79.0807655467704,14.3755111893174,5.0896706750773,0.671177569584394,1.55235096282886,0.84236822933447,28.0818095385795,0.697760691804246,0.140986172255542,0.682532157445504,0.372874971068318,0.971004257175376,0.125498081848438,0.856554406120554,2.24,3.3,4.369,1,"noRScoretop_seds_2over3under10_sst_118","noRScoretop_seds_2over3under10_sst"
"818",-6.80183146381617,22.8321113716102,33.0034628904401,39.33457457626,69.6077090828152,55.4294272696573,23.269238125128,10.0185459168504,12.1982100293287,13.8249122131387,45.6604418549782,16.0082037435327,62.6310821509596,6.05864434335835,8.43748061087922,3.24890128554571,74.6693931166115,18.2499993286139,4.21357271616452,0.131240016494993,0.183973638995204,0.787311145695052,19.9890461838759,1.0084534319041,0.127393057505186,0.949281600403562,0.170628097570903,0.94078108437694,0.0207980176458155,0.482043988316828,2.61,3.31,2.724,1,"noRScoretop_seds_2over3under10_sst_119","noRScoretop_seds_2over3under10_sst"
"819",-1.49138715830804,22.6307359189674,34.8127239006059,43.0842151491475,70.2853349936013,47.0964379043013,19.3718849275283,13.5049007737495,13.1244155523689,13.8447926536012,40.1214605073221,13.0386479188931,59.9749984737026,6.71933519890021,8.4375463019558,3.79017136276251,79.0807655467704,14.3755111893174,5.0896706750773,0.671177569584394,1.55235096282886,0.84236822933447,28.0818095385795,0.697760691804246,0.140986172255542,0.682532157445504,0.372874971068318,0.971004257175376,0.125498081848438,0.856554406120554,2.24,3.33,4.273,1,"noRScoretop_seds_2over3under10_sst_120","noRScoretop_seds_2over3under10_sst"
"820",1.59447978645101,23.7551337040289,33.0243551488381,43.2350270975047,82.6970130654473,51.6522280645781,18.6398457468085,10.1091187568457,12.8525844852665,13.1785338510665,45.4124696531298,15.9001041653609,54.0939478291812,7.22723393232956,8.38311050225561,3.803325431,85.980316658421,14.1489259464998,4.21163090634447,0.91068385,1.63005202271166,0.894213766613655,28.314833339951,0.802471393,0.171720272,0.919779321545361,0.314606388291698,0.0633877247430995,0.123379204582337,0.856235266369252,2.26,3.33,3.492,1,"noRScoretop_seds_2over3under10_sst_121","noRScoretop_seds_2over3under10_sst"
"821",-6.83916400009874,22.8085793020414,33.023034664548,39.3994481524263,69.5643505098622,54.7109905701649,23.0920097020635,12.1999252084343,12.5714459453836,15.0444682939069,45.7733721215432,15.7421160957693,62.6789009,6.71868811361202,8.04890466557677,3.05413934203284,74.7081349657421,17.9671327750621,4.22495671814438,0.153668301218415,0.315589726788182,0.065976291303596,18.2803332225359,1.04337218910731,0.209693789319635,0.949421164581298,0.543266052998338,0.864959909086764,0.0188175824165896,0.850896239393479,2.4,3.34,2.892,1,"noRScoretop_seds_2over3under10_sst_122","noRScoretop_seds_2over3under10_sst"
"822",-6.83916400009874,22.8088555632853,33.023034664548,39.3994481524263,69.5643505098622,54.7109905701649,23.0920097020635,12.1999252084343,12.5714459453836,15.0444682939069,45.7733721215432,15.7421160957693,62.6789009,6.71868811361202,8.05075001790072,3.05413934203284,74.7081349657421,17.9671327750621,3.76427120885867,0.153668301218415,0.315589726788182,0.0719296155148055,18.2803332225359,1.04337218910731,0.212555450909448,0.966974015549786,0.543266052998338,0.864959909086764,0.0188175824165896,0.84838674470815,2.4,3.34,2.946,1,"noRScoretop_seds_2over3under10_sst_123","noRScoretop_seds_2over3under10_sst"
"823",1.59447978645101,23.7551337040289,33.0244638235878,43.23471618,82.6970130654473,51.6522280645781,18.6398457468085,10.1091187568457,12.8525844852665,13.1785019881721,45.4090536265263,15.9002002819477,54.0939478291812,7.22723393232956,8.38311050225561,3.803325431,85.980316658421,14.1489259464998,4.21163090634447,0.91068385,1.63036450933935,0.89543668225634,28.3132001980458,0.802471393,0.171720272,0.793588544046084,0.314606388291698,0.0634460218701896,0.123379204582337,0.856235266369252,2.26,3.35,3.492,1,"noRScoretop_seds_2over3under10_sst_124","noRScoretop_seds_2over3under10_sst"
"824",-6.77590087192482,24.886430768373,31.3118779894237,43.6967481801212,54.5103836743116,64.1453570939544,24.8933985068759,14.7872152017772,12.4756567372101,14.5265291582845,36.0277271728677,20.0649476394316,60.0548566622862,6.39470387,5.894865908,3.97838314466382,63.1509887033442,26.56045247,4.20024422028926,0.958427243573698,0.0761463677119128,1.75061915838344,24.3998282,0.81806148933737,0.163590783592951,0.758110982353536,0.662038608738485,0.790623904849134,0.0869648187443818,0.609092233560757,3.31,3.35,2.633,1,"noRScoretop_seds_2over3under10_sst_125","noRScoretop_seds_2over3under10_sst"
"825",-1.79717224302202,22.6307359189674,34.8168209493041,43.0842151491475,70.2307697404586,47.0964379043013,19.3718849275283,13.469073682493,13.1740265992976,13.8447926536012,40.0887023678745,13.0111132596593,60.0090653792603,6.71933939904889,8.4375463019558,3.79017136276251,74.8805362949004,15.5875532021097,5.09325208297782,0.888418596162732,1.55235096282886,0.835367059589673,28.3193014048826,0.699070796,0.140986172255542,0.792301708,0.372191523,0.864682738150924,0.125498081848438,0.731667114506375,2.25,3.37,3.751,1,"noRScoretop_seds_2over3under10_sst_126","noRScoretop_seds_2over3under10_sst"
"826",-6.88232080393926,24.886430768373,31.3118779894237,43.6967481801212,54.5103840184834,64.1453570939544,24.893353498831,14.7861370588331,12.4775710952896,14.5769795357548,36.0277271728677,20.0649476394316,60.0548566622862,6.39470387,5.894865908,3.97838314466382,63.1509887033442,26.56045247,4.20024422028926,0.958427243573698,0.346691384392922,1.75061915838344,24.3998282,0.81806148933737,0.163590783592951,0.7596701642587,0.662045417388698,0.792041163137234,0.0869648187443818,0.609092233560757,3.29,3.39,2.637,1,"noRScoretop_seds_2over3under10_sst_127","noRScoretop_seds_2over3under10_sst"
"827",-7.19543110191561,24.7959305200356,31.3296885029103,38.1367861021724,54.5089597727529,64.14541705,24.8929127827112,14.7687448126163,12.5378928444583,13.3140501396039,35.974632283168,20.1681095076467,60.24920549,6.3898544033096,5.78804740296499,3.815440357,63.1863293240276,26.7724470954526,4.18763063507307,0.721436062024421,1.75486711405054,0.402053789342161,24.4008460180963,0.873504253651316,0.201204542174492,0.758224390593066,0.656796862083465,0.988557999946994,0.0614754070059265,0.584644352130121,3.19,3.4,2.664,1,"noRScoretop_seds_2over3under10_sst_128","noRScoretop_seds_2over3under10_sst"
"828",-7.19543110191561,24.7029533768307,31.3296885029103,38.1367861021724,54.5089768712018,64.1441782832937,24.8929127827112,14.7870156925099,12.5378928444583,13.3140501396039,35.974632283168,20.1868038646302,60.24920549,6.38939726347177,5.78804740296499,3.98478783503034,63.1477762863379,26.7914250971627,4.18755044220868,0.721436062024421,1.75486711405054,0.402053789342161,24.3967637191473,0.873677924589362,0.198730223472702,0.758224390593066,0.670946448187428,0.988557999946994,0.0614754070059265,0.584736910442763,3.21,3.4,2.652,1,"noRScoretop_seds_2over3under10_sst_129","noRScoretop_seds_2over3under10_sst"
"829",-6.88059989896137,24.8872795066887,31.2930374380652,43.7458941981626,54.4694878564765,64.1507499640935,24.8931956645982,14.7864461329216,12.4938255166205,14.5768391693642,35.9465119847375,20.0657377196045,59.9188518726003,6.39470387,5.894865908,3.98384408697695,63.1515508522448,26.56045247,4.19996497301746,0.958158757597011,0.404175602077671,1.74873268501409,24.3998282,0.84487299824916,0.163590783592951,0.768645859959368,0.655957249128691,0.7927146409021,0.0866857697779882,0.60883188,3.28,3.4,2.635,1,"noRScoretop_seds_2over3under10_sst_130","noRScoretop_seds_2over3under10_sst"
"830",-7.19543110191561,24.7029533768307,31.3296885029103,38.1367861021724,54.5089768712018,64.14541705,24.8929127827112,14.768943615374,12.5378928444583,13.3140501396039,35.974632283168,20.1868038646302,60.24920549,6.3898544033096,5.78804740296499,3.815440357,63.2186277413352,26.7724470954526,4.18763063507307,0.721436062024421,1.75486711405054,0.402053789342161,24.3379546765394,0.873504253651316,0.201204542174492,0.758224390593066,0.670946448187428,0.988557999946994,0.0614754070059265,0.584644352130121,3.19,3.41,2.66,1,"noRScoretop_seds_2over3under10_sst_131","noRScoretop_seds_2over3under10_sst"
"831",-7.19505844096926,24.7043853788696,31.3296885029103,38.1367861021724,54.5089768712018,64.1457908716624,24.8929127827112,14.768943615374,12.5378928444583,13.3208365935609,35.9457068294957,20.1868038646302,60.24920549,6.39481566752476,5.78804740296499,3.815440357,63.2183517224924,26.7638505698517,4.20039646086037,0.721436062024421,1.75486711405054,0.3956084028974,24.3379546765394,0.873504253651316,0.201204542174492,0.758226592393707,0.670946448187428,0.988557999946994,0.0614757482985657,0.584644352130121,3.19,3.41,2.661,1,"noRScoretop_seds_2over3under10_sst_132","noRScoretop_seds_2over3under10_sst"
"832",-6.88111745964207,24.8872795066887,31.2930374380652,43.8241642086091,54.5118569227863,64.1497596903304,24.8931956645982,14.7864461329216,12.4938255166205,14.5799701898233,36.0197118304462,20.0657377196045,59.9188568245245,6.39470387,5.894865908,3.98437482055664,63.1505825164419,26.56045247,4.19996497301746,0.958128801225149,0.404175602077671,1.74873268501409,24.3998282,0.818178657371143,0.163084368866965,0.768645859959368,0.65636129574683,0.792412457632598,0.0866857697779882,0.60883188,3.28,3.41,2.636,1,"noRScoretop_seds_2over3under10_sst_133","noRScoretop_seds_2over3under10_sst"
"833",1.02086178768633,22.5312593224147,33.0244638235878,43.1840660818446,82.5653878853837,51.6522280645781,18.63991042,10.10844935,12.8116600030099,14.7986489878203,45.4123223328391,15.7751716918948,53.69150708,7.227021098,8.41977623026302,3.80175304230273,84.5053306946158,14.3433659694995,4.21163090634447,0.905772350760294,1.60042886169189,0.896933041,28.3148244656268,0.802471393,0.172247140464867,0.914749558459191,0.540299128560102,0.969606174,0.123391761,0.855917372802167,2.28,3.42,3.331,1,"noRScoretop_seds_2over3under10_sst_134","noRScoretop_seds_2over3under10_sst"
"834",-6.88232080393926,24.8864254889261,31.2930374380652,43.7498437228946,54.4714965560691,64.1384798273716,24.8924656683206,14.7872291482718,12.4775971388889,14.5754946551896,36.02797161,20.0655929846052,59.9311942543403,6.39470387,5.894865908,3.81498306711274,63.1509887033442,26.56045247,4.18853063925922,0.952964037515975,0.380349121858197,1.73760979498182,24.3998282,0.81806148933737,0.163590783592951,0.759459606413697,0.661871568997958,0.593168717834762,0.0881396418647718,0.616192683016017,3.26,3.42,2.643,1,"noRScoretop_seds_2over3under10_sst_135","noRScoretop_seds_2over3under10_sst"
"835",-7.19543110191561,24.7947064593757,31.3296885029103,38.1367861021724,54.5089768712018,64.14541705,24.8929127827112,14.7689956012588,12.5378928444583,13.3065448258158,35.974632283168,20.1876478818355,60.24920549,6.3898544033096,5.78804740296499,3.815440357,63.2186277413352,26.7724470954526,4.18763063507307,0.90342828712786,1.75486711405054,0.402053789342161,24.3379546765394,0.870639169374174,0.20226183214663,0.758224390593066,0.670946448187428,0.988557999946994,0.0614754070059265,0.584644352130121,3.19,3.43,2.656,1,"noRScoretop_seds_2over3under10_sst_136","noRScoretop_seds_2over3under10_sst"
"836",-6.88323345317748,24.8864254889261,31.2962149824976,43.7458941981626,54.4701031395435,64.1511332206661,24.8931956645982,14.7872291482718,12.482703250583,14.5768391693642,35.9465119847375,20.0645969504395,59.9188518726003,6.39470387,5.894865908,3.95803188731473,63.1518983,26.56045247,4.20035059434275,0.952682327303287,0.368913969626772,1.7375934097788,24.3998282,0.84487299824916,0.163590783592951,0.767707743530097,0.661871568997958,0.58362824739838,0.0868918190459438,0.608758208497374,3.28,3.43,2.632,1,"noRScoretop_seds_2over3under10_sst_137","noRScoretop_seds_2over3under10_sst"
"837",-6.88335196283533,24.8864254889261,31.2930374380652,43.7458941981626,54.4701048492325,64.1508664384794,24.8931956645982,14.7872291482718,12.4767163614623,14.5768391693642,35.9465119847375,20.0645969504395,59.9188518726003,6.39035194092662,5.894865908,3.96912649532551,63.1518983,26.56045247,4.20035059434275,0.95799350396083,0.368913969626772,1.7369283528052,24.3998282,0.84487299824916,0.163467400022063,0.767707743530097,0.661871568997958,0.58362824739838,0.0868918190459438,0.60883188,3.28,3.43,2.632,1,"noRScoretop_seds_2over3under10_sst_138","noRScoretop_seds_2over3under10_sst"
"838",-6.88323345317748,24.8864254889261,31.2962149824976,43.7458941981626,54.4701031395435,64.1508696274364,24.8931956645982,14.7872291482718,12.482703250583,14.5768391693642,35.9465119847375,20.0645969504395,59.9188518726003,6.39470387,5.894865908,3.95803188731473,63.1518983,26.56045247,4.20035059434275,0.952682327303287,0.368913969626772,1.73759157993848,24.3998282,0.84487299824916,0.163590783592951,0.767707743530097,0.661871568997958,0.58362824739838,0.0868918190459438,0.608758208497374,3.28,3.43,2.632,1,"noRScoretop_seds_2over3under10_sst_139","noRScoretop_seds_2over3under10_sst"
"839",-6.88323345317748,24.8864254889261,31.3121576042222,43.7458941981626,54.4701048712137,64.1508664384794,24.8931956645982,14.7872291482718,12.4775715442773,14.5768402222597,35.9420225633535,20.0645951728404,59.9188518726003,6.39470387,5.894865908,3.98384408697695,63.1518525518149,26.56045247,4.20035106543198,0.958022206036411,0.368782924098803,1.73721833664952,24.3998282,0.817154070744155,0.163590783592951,0.759644871838754,0.661871568997958,0.58362824739838,0.0868918190459438,0.60882976877979,3.28,3.43,2.633,1,"noRScoretop_seds_2over3under10_sst_140","noRScoretop_seds_2over3under10_sst"
"840",-7.0256107587783,24.8864254889261,31.2930374380652,43.7497278940929,54.4698657064002,64.1454111429816,24.8932029094157,14.7736554439272,12.4767163614623,14.5769767190776,36.0279968167327,20.0645969504395,59.9183581980961,6.39470387,5.89729486439509,3.98297055165935,63.1511727202195,26.56045247,4.20109715852476,0.90738236979993,0.368913969626772,1.772125922,24.3998282,0.818049771677158,0.163590783592951,0.767707743530097,0.661871568997958,0.580433811680419,0.0881488115425638,0.60883188,3.28,3.43,2.643,1,"noRScoretop_seds_2over3under10_sst_141","noRScoretop_seds_2over3under10_sst"
"841",-6.88323345317748,24.8864254889261,31.2930374380652,43.7458941981626,54.4701048712137,64.1508664384794,24.8931956645982,14.7872291482718,12.4767163614623,14.5768391693642,35.9465119847375,20.0645969504395,59.9188518726003,6.39470387,5.894865908,3.98384408697695,63.1518983,26.56045247,4.20035059434275,0.958022206036411,0.368913969626772,1.73721833664952,24.3998282,0.84487299824916,0.163590783592951,0.767707743530097,0.661871568997958,0.58362824739838,0.0868918190459438,0.60883188,3.29,3.43,2.632,1,"noRScoretop_seds_2over3under10_sst_142","noRScoretop_seds_2over3under10_sst"
"842",-6.88323345317748,24.8864254889261,31.2930374380652,43.7458941981626,54.4701048712137,64.1511300317091,24.8931956645982,14.7872291482718,12.4767163614623,14.5768391693642,35.9465119847375,20.0645969504395,59.9188518726003,6.39470387,5.894865908,3.98384408697695,63.1518983,26.56045247,4.20035059434275,0.958022206036411,0.368913969626772,1.73722016648984,24.3998282,0.84487299824916,0.163590783592951,0.767707743530097,0.661871568997958,0.58362824739838,0.0868918190459438,0.60883188,3.29,3.43,2.632,1,"noRScoretop_seds_2over3under10_sst_143","noRScoretop_seds_2over3under10_sst"
"843",-7.19543110191561,24.7047000643574,31.3296885029103,38.157433505744,54.5105191197198,64.14541705,24.8929127827112,14.7806439741152,12.5393378673612,14.5877965737881,35.974632283168,20.1677862765188,60.24920549,6.3898544033096,5.78804740296499,3.815440357,63.1868989865955,26.7724470954526,4.18763063507307,0.725539163561914,1.75480088624739,0.368040872928827,24.3998282,0.873377950090891,0.201195923877591,0.758270640760957,0.65672023099074,0.988557999946994,0.0614754070059265,0.584644352130121,3.2,3.44,2.635,1,"noRScoretop_seds_2over3under10_sst_144","noRScoretop_seds_2over3under10_sst"
"844",-6.34340714174578,22.4005739989153,30.01261842,38.1138562709778,70.6351916119081,54.4043976930153,24.0541875868583,12.2448072111633,10.8492251809246,14.7445661865441,40.0943256929266,16.9218061699251,63.0382062197554,5.79712267256362,7.77649829474926,3.92086423101,74.7051308327267,18.6585461664902,3.61672036648829,0.123694697561495,1.40961854219369,0.408355158403718,25.1347055410049,0.295882653638842,0.138837900884613,0.560708774325859,0.179552391217523,0.86941000651125,0.0550129456865741,0.86022178177299,2.78,3.45,2.654,1,"noRScoretop_seds_2over3under10_sst_145","noRScoretop_seds_2over3under10_sst"
"845",-6.78662410539186,25.0100980482028,32.6972006450913,43.2776956064173,79.1230206205205,55.2200497693326,23.3473802543037,12.6785141434972,12.1981687776252,13.8415300795831,43.8307761309618,17.861126408209,62.6370774123079,6.71109201289563,8.05034687153536,3.37513369168901,78.7982186613106,15.6082580340546,4.94539121476124,0.142069916503389,1.59485157564975,0.839104053274994,28.4172283859375,0.259817136799448,0.172793376045716,0.684768235138915,0.679424582593356,0.838966048768494,0.00232723540347822,0.689201432198755,2.34,3.46,3.061,1,"noRScoretop_seds_2over3under10_sst_146","noRScoretop_seds_2over3under10_sst"
"846",-7.06879461074781,24.7964531469024,31.4005794761216,38.1578864735645,54.5105211193878,64.1454107676808,24.8933651,14.7805247921332,12.4939286835979,14.5800287655101,36.02797161,20.060215990894,60.24920549,6.39470621260517,5.78804740296499,3.81596908506266,63.1877402981423,26.56045247,4.2010499855278,0.909029935565918,1.75737745200192,0.148655268645928,24.3998282,0.816824369033418,0.204079074077053,0.761761379972853,0.656361924367472,0.79492585407629,0.017064617189572,0.584580215781406,3.17,3.48,2.646,1,"noRScoretop_seds_2over3under10_sst_147","noRScoretop_seds_2over3under10_sst"
"847",-7.19543110191561,24.8228461841966,30.2645253724602,38.1793239091175,54.5089768712018,64.14541705,24.8930013371314,14.78069596,12.5394177715089,14.58029126,35.974632283168,20.1889622353563,60.24920549,6.3898544033096,5.78804740296499,3.815440357,63.1868977360063,26.7720903496534,4.18763063507307,0.907531388665354,1.75486711405054,0.402053789342161,24.3998282,0.870512865813749,0.201546385819909,0.758224390593066,0.670946448187428,0.988557999946994,0.0870296123063446,0.615761203188584,3.19,3.49,2.644,1,"noRScoretop_seds_2over3under10_sst_148","noRScoretop_seds_2over3under10_sst"
"848",-6.78662410539186,25.0100980482028,32.6972006450913,43.2776956064173,79.1230206205205,55.2200497693326,23.3473802543037,12.6859985093558,12.1981687776252,13.7938827649918,43.8119303453189,17.8272719324347,62.6368602190603,6.71109201289563,8.05034687153536,3.37133859321856,78.7982186613106,15.6282051197877,4.94539121476124,0.721778814412023,0.610499995349208,0.839104053274994,28.305086572684,0.280975411167544,0.172793376045716,0.920712456205823,0.685089998275695,0.995418672481221,0.00232723540347822,0.689201432198755,2.34,3.5,3.011,1,"noRScoretop_seds_2over3under10_sst_149","noRScoretop_seds_2over3under10_sst"
"849",-7.03541853532712,24.8795626256908,31.3381805651049,38.1683284237528,54.5089883443984,64.14541705,24.8933651,14.7686213214472,12.4938528236887,13.250544695538,35.976545729894,20.1860297120382,60.244360288544,6.3898544033096,5.8944775096166,3.815440357,63.1851083331011,26.56045247,4.19998336526744,0.965417900378724,1.75500616454189,0.402053789342161,24.3397204704989,0.818044346608995,0.204081443,0.758063121416644,0.670970779190034,0.788040466776724,0.0866694065212524,0.584580215781406,3.15,3.51,2.649,1,"noRScoretop_seds_2over3under10_sst_150","noRScoretop_seds_2over3under10_sst"
"850",-4.88483508105355,19.6594432127857,30.3832113176488,33.0243268076988,57.4656652173367,61.5206901516963,19.0645793172198,13.4169976408873,11.2548310513797,11.196526208408,39.3235448440653,21.41992273,68.47904623,6.55649374859324,9.02226218486992,3.09651082375939,76.3815249515019,21.5009199479684,1.77838623905635,0.646800846096196,0.0810609895789452,0.338972608155817,9.5375246987535,0.165121221364997,0.059709912,0.473737311608833,0.313560194282804,0.964389391692193,0.0311271487717565,0.305633685055728,2.34,2.67,3.202,1,"noRScoretop_seds_2over3under10_deep_1","noRScoretop_seds_2over3under10_deep"
"851",-4.8761891429938,19.6594432127857,29.0381108840009,33.0243268076988,57.4656652173367,61.5206901516963,19.0645793172198,13.4098395959698,11.255059061051,11.196526208408,39.3235448440653,21.41992273,68.47904623,6.55649374859324,9.02226218486992,3.0731224495691,76.3815249515019,21.5117598083168,1.77156915123931,0.577259595055525,0.0807109805156391,0.338972608155817,9.5375246987535,0.165121221364997,0.059709912,0.483390006091254,0.313444137195654,0.980547105366085,0.0311271487717565,0.291518444870075,2.31,2.69,3.225,1,"noRScoretop_seds_2over3under10_deep_2","noRScoretop_seds_2over3under10_deep"
"852",-5.49479495342643,19.7421020741785,28.1123844913374,33.336300160037,58.1266279404423,61.3055419448712,19.0229432818618,12.3712669735613,11.2940180044688,11.2057979515036,26.7238120927271,21.41992273,68.47904623,6.56945092764848,8.27004801663474,3.36413634537672,76.2420675941257,22.0256410541289,1.78282564524743,0.652389708871433,0.107911505897118,0.338907858667837,38.9669929399615,0.0963821528264143,0.059709912,0.504714647862,0.315462138556683,0.96449684,0.0317749576167756,0.286776448654678,2.29,2.7,5.252,1,"noRScoretop_seds_2over3under10_deep_3","noRScoretop_seds_2over3under10_deep"
"853",-4.87642501850836,19.7479190171998,29.0324956810719,33.0243268076988,57.447314496747,61.5960525756415,19.0645793172198,11.4769180906935,11.255059061051,11.1791663572914,39.3235448440653,21.41992273,68.47904623,6.55649374859324,9.02226218486992,3.0731224495691,76.3815827353733,21.5117598083168,1.77156915123931,0.577259595055525,0.0807109805156391,0.339660482365285,9.53782426537389,0.165121221364997,0.059709912,0.483768077341113,0.312857241824352,0.980560676233368,0.0171499564446555,0.291518444870075,2.31,2.7,3.095,1,"noRScoretop_seds_2over3under10_deep_4","noRScoretop_seds_2over3under10_deep"
"854",-4.70899708128491,20.9901718934938,29.0657302773324,33.1943732587634,58.0684709494944,57.9014607055768,20.9060483432027,10.9423163942998,11.3355246707144,10.9994878309769,25.7573600849349,20.806343674313,55.0503917901476,6.56159090542342,8.30822647216338,3.09069162519734,76.230594328911,17.1032129608986,5.25989884559384,0.107881681484175,0.186922758151901,0.336809705868445,39.6669424926996,1.23729322112815,0.060915067904774,0.48398981335182,0.552383489286701,0.980909717474251,0.0189713825374453,0.341838047636988,2.47,2.72,2.834,1,"noRScoretop_seds_2over3under10_deep_5","noRScoretop_seds_2over3under10_deep"
"855",-4.34801683800305,20.8390786961935,29.0926754079477,33.1771044242406,58.4472938871519,57.9152776488901,19.0498712098746,10.9423163942998,11.3076177494876,10.9994878309769,25.7573600849349,20.8354342166402,68.1698420068239,6.55645868399981,9.14870904477225,3.12037197430804,76.3001478548646,17.1716611273585,4.23474877267412,0.567533278802046,0.188521061144134,0.338845972866372,39.5184181106861,0.131042249553463,0.0588138080072854,0.48398981335182,0.553046688406444,0.977972272962065,0.0310708884040181,0.340192175605122,2.31,2.73,5.373,2,"noRScoretop_seds_2over3under10_deep_6","noRScoretop_seds_2over3under10_deep"
"856",-4.70899708128491,20.9901718934938,28.9216343880353,33.178251115868,58.0684709494944,57.9014607055768,20.9060483432027,10.9423163942998,11.0871424841522,10.9994878309769,25.5763108222362,20.7880898633345,55.0503917901476,6.56175461947607,8.30822647216338,3.09069162519734,76.2310406493096,17.1182981828975,5.25989884559384,0.107881681484175,0.186922758151901,0.336809705868445,39.6669424926996,1.23729322112815,0.0609934511567124,0.483560757764135,0.552383489286701,0.954204949352744,0.0189713825374453,0.341838047636988,2.47,2.73,2.812,1,"noRScoretop_seds_2over3under10_deep_7","noRScoretop_seds_2over3under10_deep"
"857",-4.69127908139575,20.9901717354847,29.1060154241667,33.1969519551843,58.0776776721843,57.9173232040553,20.9058812244293,10.7357948797586,11.3355257986258,10.9989473552472,25.9079464903916,20.8128935513621,55.0584843737646,6.59235571688423,9.1542083362258,3.09069162519734,76.3055295158658,17.0072265313104,5.25989884559384,0.0997260926416174,0.186868546509311,0.335038454553045,40.2018652823821,0.132425061101772,0.0694750005883339,0.483230362698748,0.553046688406444,0.977917911195388,0.0189713825374453,0.341821014489475,2.37,2.74,2.991,2,"noRScoretop_seds_2over3under10_deep_8","noRScoretop_seds_2over3under10_deep"
"858",-4.71105676654764,20.9901717354847,29.1060154241667,33.1969519551843,58.0776776721843,57.9173232040553,20.9058812244293,10.7357948797586,11.3355257986258,10.9989473552472,25.9079464903916,20.8128935513621,55.0584843737646,6.59235571688423,9.1542083362258,3.09069162519734,76.3055295158658,17.0072265313104,5.25989884559384,0.0997260926416174,0.186868546509311,0.335038454553045,40.2018652823821,0.132425061101772,0.0694750005883339,0.483230362698748,0.553046688406444,0.977917911195388,0.0189713825374453,0.341821014489475,2.37,2.75,2.988,2,"noRScoretop_seds_2over3under10_deep_9","noRScoretop_seds_2over3under10_deep"
"859",-4.30052059234836,22.5010223020548,32.546822114624,33.1780814457956,65.63999422,58.3402761927558,20.1754450361478,10.9415427555387,14.8447195834586,11.0747842268353,33.1521667854006,20.2154844813597,55.2827958844194,6.56175605041072,9.06440876728169,3.04671254879311,76.3038895893556,17.1071548409165,5.0479754123306,0.120918344888059,0.187249033065671,0.336654330616686,37.0327986711336,0.900335990903847,0.058845915017618,0.483552935244845,0.545026281229787,0.954900674001765,0.0803739626205547,0.341780252687915,2.48,2.75,2.71,1,"noRScoretop_seds_2over3under10_deep_10","noRScoretop_seds_2over3under10_deep"
"860",-4.885055746,20.8502188038578,32.4370035983714,33.2764754677164,58.3991864655738,58.3670316359993,19.0753583,13.2406138886019,13.4288584233954,11.1710212869628,39.40676485,20.9277942175364,68.4744406394559,6.55651882034206,9.05273400606792,3.02689959754439,76.3289446124278,16.185088925915,1.779025923,0.669245129581986,0.168259262544757,0.376720445814492,8.25575728488919,0.631950251255983,0.0702318645359644,0.504613456385779,0.545416245773506,0.955289185863865,0.030955925793379,0.372345611557381,2.32,2.76,3.148,2,"noRScoretop_seds_2over3under10_deep_11","noRScoretop_seds_2over3under10_deep"
"861",-4.29244855425843,22.501001024989,32.7911064982795,33.1780814457956,65.63999422,58.3426050346652,20.182793929304,10.9406555645521,14.8447195834586,11.0351962341942,33.1817024895169,20.2154844813597,55.2827958844194,6.56175856807811,9.06435347256911,3.04618703047283,76.2458397685208,16.5294909195023,5.08836578051037,0.116947034523126,0.181528381643325,0.326438640837291,37.0327986711336,0.944261040375707,0.058845915017618,0.483558378086789,0.545026281229787,0.955692284260175,0.0781386671060506,0.344958680680872,2.46,2.76,2.681,1,"noRScoretop_seds_2over3under10_deep_12","noRScoretop_seds_2over3under10_deep"
"862",-3.97913239072595,22.5010223020548,32.6377837098377,33.1782610722624,65.63999422,58.7620653012224,20.154031846123,10.9415427555387,14.8325152076043,11.0440162490511,33.1521667854006,20.8486010252779,55.2827958844194,6.56175856807811,9.06440876728169,3.04636537754625,76.2458397685208,16.5294909195023,5.08836578051037,0.116127959863756,0.123363057583995,0.326347946928803,37.0327986711336,0.951726014387055,0.058845915017618,0.484219250282888,0.545026281229787,0.955692284260175,0.0803739626205547,0.344958680680872,2.47,2.76,2.654,1,"noRScoretop_seds_2over3under10_deep_13","noRScoretop_seds_2over3under10_deep"
"863",-3.97913239072595,22.5010223020548,32.6391349692608,33.1780790172821,65.63999422,58.7620653012224,20.1820326923637,10.9415427555387,14.8325152076043,11.0440162490511,33.1521667854006,20.8486010252779,55.2827958844194,6.56175856807811,9.06440876728169,3.04636537754625,76.2458397685208,16.5294909195023,5.08836578051037,0.116124812393153,0.123363057583995,0.326347946928803,37.0327986711336,0.95158578618667,0.058845915017618,0.483574659767481,0.545026281229787,0.955692284260175,0.0803739626205547,0.344958680680872,2.47,2.76,2.659,1,"noRScoretop_seds_2over3under10_deep_14","noRScoretop_seds_2over3under10_deep"
"864",-4.30375198706258,22.5010223020548,32.6391413789855,33.1780814457956,65.63999422,58.3426050346652,20.182793929304,10.9415427555387,14.8447195834586,11.0440162490511,33.1521667854006,20.2154844813597,55.2827958844194,6.56175856807811,9.06440876728169,3.04618703047283,76.2458397685208,16.5294909195023,5.08836578051037,0.116947034523126,0.175446577088891,0.326438640837291,37.0327986711336,0.944261040375707,0.058845915017618,0.483558378086789,0.545026281229787,0.955692284260175,0.0803739626205547,0.344958680680872,2.46,2.77,2.684,1,"noRScoretop_seds_2over3under10_deep_15","noRScoretop_seds_2over3under10_deep"
"865",-4.30375198706258,22.5010223020548,32.6391413789855,33.1780814457956,65.63999422,58.3426050346652,20.182793929304,10.9415427555387,14.8447195834586,11.0456854174375,33.1547731406533,20.2154844813597,55.2827958844194,6.56175856807811,9.05078002743996,3.04618441614297,76.2324791177823,16.5294909195023,5.08836578051037,0.116906965167716,0.175411276005743,0.326438640837291,37.0327986711336,0.944261040375707,0.058845915017618,0.483558378086789,0.545026281229787,0.955186050770055,0.0814867069877347,0.343804901194265,2.46,2.77,2.688,1,"noRScoretop_seds_2over3under10_deep_16","noRScoretop_seds_2over3under10_deep"
"866",-4.30375198706258,22.5010223020548,32.6391413789855,33.1780814457956,65.63999422,58.3426050346652,20.182793929304,10.9415427555387,14.8447195834586,11.0440162490511,33.1521667854006,20.2154844813597,55.2827958844194,6.56175856807811,9.06440876728169,3.04618703047283,76.2458397685208,16.5294909195023,5.04789116655067,0.120918344888059,0.175446577088891,0.326438640837291,37.0327986711336,0.944261040375707,0.058845915017618,0.483558378086789,0.545026281229787,0.955186573823278,0.0803739626205547,0.344958680680872,2.46,2.77,2.69,1,"noRScoretop_seds_2over3under10_deep_17","noRScoretop_seds_2over3under10_deep"
"867",-4.30430755880924,19.6594432127857,29.0381108840009,33.0243828494914,57.8495448922984,61.6038150332895,19.0645793172198,13.4308859048602,11.255059061051,11.196526208408,39.3235448440653,21.41992273,68.47904623,6.55649374859324,8.37262238019135,3.04923256758459,76.3815249515019,21.7154971282098,1.77156915123931,0.576833417906749,0.18845064501138,0.379848001123072,9.54387202571153,0.163745345993056,0.059709912,0.50456898,0.515566303943144,0.964429949055589,0.0110476514621414,0.29528230786274,2.3,2.78,3.378,1,"noRScoretop_seds_2over3under10_deep_18","noRScoretop_seds_2over3under10_deep"
"868",-3.97913239072595,22.5010223020548,32.6391413789855,33.1780814457956,65.63999422,58.3426050346652,20.182793929304,10.9415427555387,14.8447195834586,11.0440162490511,33.1521667854006,20.2154844813597,55.2827958844194,6.56175856807811,9.06440876728169,3.04618703047283,76.2458397685208,16.5294909195023,5.08836578051037,0.116947034523126,0.175446577088891,0.326438640837291,37.0327986711336,0.944261040375707,0.058845915017618,0.483558378086789,0.545026281229787,0.955692284260175,0.0803739626205547,0.344958680680872,2.46,2.78,2.645,1,"noRScoretop_seds_2over3under10_deep_19","noRScoretop_seds_2over3under10_deep"
"869",-4.30449277528501,22.5010223020548,32.5564639604621,33.1780814457956,65.63999422,58.3426050346652,20.1698809671934,10.9415427555387,14.9969596741225,11.0667686497325,33.1521667854006,20.2154844813597,55.2830968452794,6.56175856807811,9.06440876728169,3.04618703047283,76.2458397685208,16.5294909195023,5.04789116655067,0.120918344888059,0.175446577088891,0.326438640837291,37.0327986711336,0.945851302399734,0.058845915017618,0.483558378086789,0.545026281229787,0.955186573823278,0.0803739626205547,0.344958680680872,2.47,2.78,2.684,2,"noRScoretop_seds_2over3under10_deep_20","noRScoretop_seds_2over3under10_deep"
"870",-4.98092399610659,19.8419951088079,29.1010608298389,33.1837703170159,58.0777162654658,57.9374509759574,20.9377419230461,10.909065393151,11.3291692336027,10.9946257653791,25.7573600849349,20.8128935513621,55.07508659126,6.58732784880493,8.31102607909085,3.08991914107968,76.3055295158658,17.0072265313104,5.25989884559384,0.119767489054365,0.186868546509311,0.325679776427084,40.2018652823821,0.1033278337297,0.0698828767669163,0.484658679470121,0.553046688406444,0.977917911195388,0.0225356772935044,0.341821014489475,2.39,2.79,2.81,1,"noRScoretop_seds_2over3under10_deep_21","noRScoretop_seds_2over3under10_deep"
"871",-6.25666558093502,20.8166552742681,29.09418326,37.2999634324782,55.6009913115316,48.7293732748965,20.6487093247131,10.6042405413943,11.8453488156336,14.9303201165853,34.8248793871144,16.6952842732671,67.2558591821899,6.55930080397728,8.7682674000318,3.27042729421221,75.9801245308986,14.3791793255113,1.84933904202025,0.880418993221596,0.0837746745820186,0.320042434760073,15.852324270083,0.668131635215603,0.069378939128513,0.518376756384929,0.54247962452594,0.982744547972033,0.0197872831029354,0.370671220887742,2.28,2.8,3.612,1,"noRScoretop_seds_2over3under10_deep_22","noRScoretop_seds_2over3under10_deep"
"872",-4.88218335904508,20.9869818914784,29.1089140414782,33.1836449330969,58.0714868921158,57.9128762230382,20.9376528377244,10.9450905626606,11.3353828669078,10.9994712237248,25.7618971248193,20.8128935513621,55.0503917901476,6.55470304093531,8.30552678763731,3.09069162519734,76.3055295158658,17.1032129608986,5.25989884559384,0.587178164825213,0.186922758151901,0.336687173943094,40.2229798592378,0.132425061101772,0.0592216841858678,0.48398981335182,0.541888778933627,0.97753714350795,0.0189713825374453,0.341821014489475,2.34,2.8,2.903,1,"noRScoretop_seds_2over3under10_deep_23","noRScoretop_seds_2over3under10_deep"
"873",-4.29229780570154,22.5045178399215,32.7965292061674,33.1780814457956,65.63999422,58.2929951947394,20.182793929304,10.9406409928893,14.8447195834586,11.2915181402146,33.1815034598027,20.2803940507417,55.2827958844194,6.79817911527618,9.08091908396764,3.04618703047283,76.2495214086544,16.5294909195023,5.46047270391098,0.116947034523126,0.181396237562711,0.326438640837291,37.0327986711336,0.944261040375707,0.058845915017618,0.483558378086789,0.545026281229787,0.968729484526864,0.0781533038573007,0.344958680680872,2.43,2.8,2.694,1,"noRScoretop_seds_2over3under10_deep_24","noRScoretop_seds_2over3under10_deep"
"874",-4.6957366041065,20.9901718934938,29.0657302773324,33.1943732587634,58.0684438030707,57.9014475316143,20.9023519513132,10.9534262592862,11.3355246707144,11.0389011937571,26.0249948139364,20.8063553870576,55.0503917901476,6.56954633154137,8.30822647216338,3.09069973026673,76.2330476404874,17.1014118342083,5.25989884559384,0.572708892511656,0.186679979640142,0.336809705868445,39.6669424926996,1.21865753168466,0.060915067904774,0.48398981335182,0.552383489286701,0.980909717474251,0.0189713825374453,0.33889715275466,2.45,2.81,2.965,2,"noRScoretop_seds_2over3under10_deep_25","noRScoretop_seds_2over3under10_deep"
"875",-3.98794201896841,22.5010223020548,32.620545407164,33.1281984220921,65.63999422,58.8214342010729,20.1205179192933,10.9415427555387,14.8447195834586,11.0440162490511,33.1521667854006,20.2154844813597,55.2798267874825,6.56175856807811,9.06440876728169,3.01760488944589,76.2458397685208,16.5294909195023,5.08836578051037,0.116947034523126,0.175446577088891,0.326438640837291,37.0327986711336,0.944261040375707,0.058845915017618,0.483558378086789,0.545026281229787,0.95573006180369,0.0803739626205547,0.344958680680872,2.46,2.81,2.687,1,"noRScoretop_seds_2over3under10_deep_26","noRScoretop_seds_2over3under10_deep"
"876",-8.75246794902711,19.7360703000536,29.09418326,37.2999634324782,55.5863678096949,48.7293732748965,20.6389173260843,10.6042405413943,11.8453488156336,14.9303201165853,34.8248793871144,16.7051564175617,67.1731657173898,6.56965181839877,8.24847037261674,3.27042729421221,73.4122822782166,14.470479524678,1.84933904202025,0.906357814396275,0.199082084870772,0.320042434760073,14.9074124808758,0.618900271234237,0.0670007187560312,0.508158616689371,0.54247962452594,0.987321034560895,0.0197872831029354,0.349109054472118,2.28,2.82,4.994,1,"noRScoretop_seds_2over3under10_deep_27","noRScoretop_seds_2over3under10_deep"
"877",-4.30360123850568,22.5045391169873,32.6445640868735,33.1780814457956,65.63999422,58.2929951947394,20.182793929304,10.9415281838759,14.8447195834586,11.3003381550715,33.1519677556863,20.2803940507417,55.2827958844194,6.79817911527618,9.08097437868021,3.04618703047283,76.2495214086544,16.5294909195023,5.46047270391098,0.116947034523126,0.175314433008277,0.326438640837291,37.0327986711336,0.944261040375707,0.058845915017618,0.483558378086789,0.545026281229787,0.968729484526864,0.0803885993718049,0.344958680680872,2.43,2.82,2.683,1,"noRScoretop_seds_2over3under10_deep_28","noRScoretop_seds_2over3under10_deep"
"878",-8.75246794902711,20.8319509243676,29.0384447925633,37.2999634324782,54.1606868105563,48.3545614306891,20.6294696079735,10.6042405413943,11.9695643147103,14.9536444125053,34.6194989161595,16.6306503986759,67.2558591821899,6.55043602169331,8.76441240335802,3.27042729421221,76.085962053365,14.3791793255113,2.53385536562481,0.879075600438407,0.0837746745820186,0.320042434760073,15.852324270083,0.668516902058413,0.069378939128513,0.518376756384929,0.538449005884626,0.982744547972033,0.0197872831029354,0.370671220887742,2.26,2.83,3.682,1,"noRScoretop_seds_2over3under10_deep_29","noRScoretop_seds_2over3under10_deep"
"879",-8.75246794902711,20.8166552742681,29.09418326,37.2999634324782,55.6009913115316,48.7293732748965,20.6487093247131,10.6042405413943,11.8453488156336,14.9303201165853,34.8248793871144,16.6952842732671,67.2558591821899,6.55930080397728,8.7682674000318,3.27042729421221,75.9801245308986,14.3791793255113,1.84933904202025,0.880418993221596,0.0837746745820186,0.320042434760073,15.852324270083,0.668131635215603,0.069378939128513,0.518376756384929,0.54247962452594,0.982744547972033,0.0197872831029354,0.370671220887742,2.25,2.84,4.04,1,"noRScoretop_seds_2over3under10_deep_30","noRScoretop_seds_2over3under10_deep"
"880",-4.34801683800305,20.9901718934938,29.1506697027258,33.1771214513171,58.4472938871519,57.9152776488901,20.9060483432027,10.9423163942998,11.3355246707144,10.9994878309769,25.7573600849349,20.8354342166402,55.0503917901476,6.56158849081319,9.14870904477225,3.08250039641596,76.3051398044302,17.1032129608986,4.23474877267412,0.567460006625739,0.186922758151901,0.335344689297532,39.5184181106861,0.132425061101772,0.0588138080072854,0.48398981335182,0.553046688406444,0.977986398964765,0.0189713825374453,0.340192175605122,2.32,2.84,2.878,1,"noRScoretop_seds_2over3under10_deep_31","noRScoretop_seds_2over3under10_deep"
"881",-4.31846954766983,20.9901718934938,29.1089140414782,33.0922008432901,58.0714174051069,57.912865208485,20.9204831450284,10.9423163942998,11.3254701075892,11.0168763701614,25.7573600849349,20.8128935513621,55.0503917901476,6.57006556007461,9.14946548296365,3.09069162519734,76.3055295158658,17.0253491528323,5.25989884559384,0.567460006625739,0.186922758151901,0.336809705868445,39.656346186877,0.132425061101772,0.0588138080072854,0.48398981335182,0.553046688406444,0.977986398964765,0.0189713825374453,0.341821014489475,2.34,2.84,3.08,1,"noRScoretop_seds_2over3under10_deep_32","noRScoretop_seds_2over3under10_deep"
"882",-8.78027080181328,19.8559730455775,29.1572591996924,37.2999634324782,55.6009913115316,48.7293732748965,20.6487093247131,10.5781542601965,11.8453488156336,15.1679964578319,34.8336477118635,16.6952842732671,67.2558591821899,6.55930080397728,8.76965618674073,3.03610491619927,76.6672774378936,14.3791793255113,1.84933904202025,0.880418993221596,0.103153851343985,0.320042434760073,15.7677300924,0.668131635215603,0.069378939128513,0.518376756384929,0.54247962452594,0.982744547972033,0.0197612313265845,0.370671220887742,2.26,2.85,3.871,1,"noRScoretop_seds_2over3under10_deep_33","noRScoretop_seds_2over3under10_deep"
"883",-3.97913239072595,22.4745171457506,32.6391413789855,33.1780814457956,65.63999422,58.3426050346652,20.182793929304,10.9415427555387,14.8311687643234,11.0457079156079,33.1521667854006,20.2213881769638,55.2817110189047,6.56175856807811,9.06440876728169,3.04618703047283,76.0980867559213,16.5294176706556,5.08836578051037,0.116947034523126,0.175446577088891,0.326712167805048,37.0327986711336,0.944261040375707,0.0721360037178916,0.484648569679679,0.545026281229787,0.956393625919269,0.0798387869300491,0.345054964832674,2.46,2.85,2.649,1,"noRScoretop_seds_2over3under10_deep_34","noRScoretop_seds_2over3under10_deep"
"884",-4.30884278847003,22.5902744103787,32.6316592123576,33.1780814457956,65.63999422,58.339611305847,20.182793929304,10.9415427555387,14.8447195834586,11.0440162490511,33.1386861797511,20.2154844813597,55.2827958844194,6.56176198350296,9.05606698262633,3.04618703047283,76.2458397685208,16.538238842315,5.08836578051037,0.559542177797864,0.175446577088891,0.326438640837291,37.0327986711336,0.944261040375707,0.058845915017618,0.483840499240723,0.545026281229787,0.955692641280032,0.0803739626205547,0.351335205293861,2.43,2.86,2.698,1,"noRScoretop_seds_2over3under10_deep_35","noRScoretop_seds_2over3under10_deep"
"885",-8.75246794902711,20.8166552742681,29.1103648973773,37.2999634324782,55.5083503328152,48.7102536946649,20.6487093247131,10.6042405413943,11.8453488156336,15.0000208656813,34.8248793871144,16.6952842732671,67.2558591821899,6.55930080397728,8.34864041459736,3.27042729421221,76.0027890547403,14.3791793255113,1.84933904202025,0.134729366736401,0.0783227310126763,0.320071944988979,15.852324270083,0.669743721217094,0.069378939128513,0.503895776692502,0.541289208538176,0.982744547972033,0.0198039968685092,0.370671220887742,2.28,2.87,4.256,2,"noRScoretop_seds_2over3under10_deep_36","noRScoretop_seds_2over3under10_deep"
"886",-4.88178196898531,19.7340113342083,29.1164448603706,33.3438555552139,58.069347943621,61.5956223673605,19.0825993062869,11.5843816068237,11.1114744802137,10.5900031780414,39.3669147765842,21.41992273,68.5477710561124,6.55648724399833,8.26958218485463,3.07018841538398,76.287324294747,21.4471564643006,1.90023183472876,0.572100348397105,0.0995024075713137,0.33965999660906,10.9703095185571,0.0963653954005907,0.0606812999912361,0.48392882316874,0.296921456091262,0.964901393271725,0.0173196535794833,0.305429167421637,2.3,2.87,3.193,1,"noRScoretop_seds_2over3under10_deep_37","noRScoretop_seds_2over3under10_deep"
"887",-8.75246794902711,20.8166552742681,29.0942340799883,33.0883213918192,55.6009913115316,48.7293732748965,20.6487093247131,10.6042405413943,11.8453488156336,9.28877037793711,34.8248793871144,16.6952842732671,66.9982169951505,6.55930080397728,8.7738369376938,3.27042729421221,75.9801245308986,14.3791793255113,1.84933904202025,0.893433682283097,0.123490666744737,1.15445238599008,15.8789525682124,0.668131635215603,0.069727165980651,0.518376756384929,0.538689929816929,0.979032088336554,0.016474161838209,0.376770583755847,2.25,2.89,4.051,1,"noRScoretop_seds_2over3under10_deep_38","noRScoretop_seds_2over3under10_deep"
"888",-8.77604337809587,20.6919681896558,29.09418326,37.2999634324782,55.6009913115316,48.7293732748965,20.6487093247131,10.6042405413943,11.7405746179205,14.9303201165853,34.8248793871144,16.6952842732671,67.2558591821899,6.57569816208777,8.30725763590274,3.27042729421221,75.9801245308986,14.3791793255113,1.84933904202025,0.874556606367512,1.40538477999825,0.320042434760073,15.852324270083,0.668131635215603,0.069378939128513,0.518376756384929,0.54247962452594,0.982744547972033,0.0197872831029354,0.370671220887742,2.25,2.94,3.771,1,"noRScoretop_seds_2over3under10_deep_39","noRScoretop_seds_2over3under10_deep"
"889",-4.71105676654764,20.9869817334693,29.1060154241667,33.1837703170159,58.0777162654658,57.9173342186085,20.937485718951,10.9423163942998,11.3353839948192,10.9994878309769,25.7573600849349,20.8128935513621,55.0584843737646,6.59045178911122,8.31102607909085,3.09069162519734,76.3055295158658,17.0072265313104,5.25989884559384,0.119436345066026,0.186868546509311,0.335038454553045,40.2018652823821,0.132425061101772,0.0698828767669163,0.483230362698748,0.553046688406444,0.977917911195388,0.0189713825374453,0.341821014489475,2.35,2.94,2.858,1,"noRScoretop_seds_2over3under10_deep_40","noRScoretop_seds_2over3under10_deep"
"890",-5.82422558810295,19.9085619203863,29.159254538389,33.1325831063548,54.1618352317055,48.3647764020802,19.1953548005594,11.529115995826,10.120585632019,8.92480246528312,34.6096982227707,16.62920237,63.3561763178341,6.75646237258082,9.10531871735769,3.04444104679746,76.1501904693431,16.710180950892,2.56862532881173,0.897846742341815,1.38995022042863,1.168994618,16.5383021776562,0.191960935445836,0.173770568514225,0.934979838307912,0.787379489841255,0.916894478668127,0.0165182497037251,0.988901355299987,2.29,3.01,3.431,1,"noRScoretop_seds_2over3under10_deep_41","noRScoretop_seds_2over3under10_deep"
"891",-4.31712027132204,22.5010223020548,32.62875363567,33.194203588691,65.63999422,58.7378239222469,20.8923401997369,10.9415427555387,15.088897760349,11.1803311396424,33.3332160480993,20.250805317053,55.2638534466946,6.56159485402546,8.32537577101863,3.01611599187647,76.2453934481223,16.5072790381126,5.06296478738053,0.116947034523126,0.174023812880588,0.326391201095376,37.0325332640157,0.929377600701296,0.0587675317656795,0.483987433674474,0.516499213100503,0.981219854508995,0.00699129748143997,0.532411156200637,2.43,3.01,2.677,1,"noRScoretop_seds_2over3under10_deep_42","noRScoretop_seds_2over3under10_deep"
"892",-6.01725770042681,19.90850159,29.0817919662462,33.1108251060809,59.3946786140754,47.957539862481,19.1947058812896,11.54453813413,10.120585632019,9.12772366169342,34.6332448845313,16.62920237,63.3673613124363,6.75537074325509,9.10533411060836,3.05796855576119,76.1151451192434,15.2086221535255,2.36008004124447,0.892881996138972,1.34799207031372,1.16918683356054,23.4912259414031,0.208666005551092,0.196085346,0.937638459273917,0.784061575078981,0.925872708178954,0.0165182497037251,0.988869296068101,2.27,3.02,3.739,2,"noRScoretop_seds_2over3under10_deep_43","noRScoretop_seds_2over3under10_deep"
"893",-6.01308175260862,19.9085619203863,29.159254538389,33.1325831063548,54.1618352317055,48.3647764020802,19.1953548005594,11.529115995826,10.120585632019,8.92480246528312,34.6096982227707,16.62920237,63.3561763178341,6.75646237258082,9.10531871735769,3.04444104679746,76.1501904693431,16.710180950892,2.56862532881173,0.897846742341815,1.38995022042863,1.168994618,16.5383021776562,0.191960935445836,0.173770568514225,0.934979838307912,0.787379489841255,0.916894478668127,0.0165182497037251,0.988901355299987,2.29,3.02,3.43,1,"noRScoretop_seds_2over3under10_deep_44","noRScoretop_seds_2over3under10_deep"
"894",-5.82422558810295,19.9085619203863,29.159254538389,33.1117729844474,54.1618352317055,48.3647764020802,19.1946646705227,11.5450997441458,10.120585632019,8.92480246528312,34.6096982227707,16.62920237,63.3660037561081,6.81592850256608,9.10531871735769,3.04444104679746,76.6497081509107,16.710180950892,2.45507745293604,0.897846742341815,1.39157934549014,1.168994618,16.5383021776562,0.191960935445836,0.195287117500606,0.934979838307912,0.787379489841255,0.916894478668127,0.0165182497037251,0.988901355299987,2.29,3.02,3.483,1,"noRScoretop_seds_2over3under10_deep_45","noRScoretop_seds_2over3under10_deep"
"895",-4.31712027132204,22.5010223020548,32.484657746373,33.1780814457956,65.63999422,58.7378239222469,20.8923401997369,10.9415427555387,14.8405155737872,11.1803311396424,33.1521667854006,20.2325515060745,55.2638534466946,6.56175856807811,8.32537577101863,3.01611599187647,76.2458397685208,16.5223642601115,5.06296478738053,0.116947034523126,0.174023812880588,0.326391201095376,37.0325332640157,0.929377600701296,0.058845915017618,0.483558378086789,0.516499213100503,0.954515086392515,0.00699129748143997,0.532411156200637,2.42,3.02,2.674,1,"noRScoretop_seds_2over3under10_deep_46","noRScoretop_seds_2over3under10_deep"
"896",-4.76453573871226,21.000516087013,32.4503538393837,33.1780814457956,65.6031848495869,58.7378239222469,20.8917020286769,11.6330056144497,14.8557355570182,12.5723808282843,32.8777144170896,20.7696373400392,55.2854661300955,6.56175856807811,9.05652543667737,3.01733437793678,76.2458397685208,16.5561466307955,5.06191759485208,0.116947034523126,0.175556227571111,0.334908174413415,37.0228647292893,0.156257521198994,0.0586108355290216,0.483841570111848,0.545026281229787,0.977435476158539,0.0803739626205547,0.355888008127395,2.41,3.03,2.712,1,"noRScoretop_seds_2over3under10_deep_47","noRScoretop_seds_2over3under10_deep"
"897",-6.02100467690325,19.9086762045707,29.159254538389,33.1071644693266,59.4267441458047,48.2547800425888,19.1946680536386,11.5141355783379,10.120585632019,8.86147186021569,34.6326237195744,17.0097722792129,63.3561846623243,6.8163489705332,9.10531871735769,3.0579470806979,76.6412206565155,15.2326171848652,2.32028693245731,0.892641050264225,1.34814871483961,1.168994618,23.1703230286497,0.191964058478293,0.171353063440926,0.937639532957713,0.787379489841255,0.909806872936588,0.0371471538767615,0.988869296068101,2.28,3.04,3.593,1,"noRScoretop_seds_2over3under10_deep_48","noRScoretop_seds_2over3under10_deep"
"898",-6.0209681327673,19.9086770478584,29.1593272641213,33.1073820062361,59.4267441458047,48.2594904390065,19.1953782697251,11.5141355783379,10.120585632019,12.6070492525923,34.6326233615047,17.0060866316264,63.3561763178341,6.81586538100043,9.10531871735769,3.05774594163244,76.6411418602643,15.2004143733701,2.32028693245731,0.892885823462288,1.34799927353485,1.168994618,23.9761358719832,0.191960935445836,0.196978260380687,0.934886375724967,0.787383188927824,0.909386024294326,0.0366343038645104,0.988869296068101,2.3,3.04,3.422,1,"noRScoretop_seds_2over3under10_deep_49","noRScoretop_seds_2over3under10_deep"
"899",-4.56804305895441,22.5010223020548,32.4503538393837,33.4257919557491,65.63999422,58.7444994844876,20.8923401997369,10.9415427555387,14.8621831206942,11.1803311396424,33.1521667854006,20.2154844813597,55.2904421617099,6.56175856807811,9.06590491212733,3.01567475523463,76.2458397685208,16.52275619,5.06266009687143,0.119871794148495,0.123766919461152,0.326438640837291,37.0327986711336,0.944261040375707,0.05884876924839,0.483558378086789,0.545026281229787,0.955224687294807,0.0802979604859451,0.532421617395722,2.46,3.04,2.669,1,"noRScoretop_seds_2over3under10_deep_50","noRScoretop_seds_2over3under10_deep"
"900",-5.2052670961682,19.908509248441,27.1195412520864,33.188300242199,59.3242412412564,48.3573141299447,19.1939318535687,10.7836191377967,10.0782906843094,8.93051481525862,34.768680419152,16.62920237,63.5123572175035,6.75229127913379,8.28596395825147,3.01602127534467,76.1543631779321,16.7204272362735,2.57458757660818,0.65450565545366,1.35583907639442,1.16373632953273,23.3406600941793,0.094012112857101,0.168549365786538,0.934936203529932,0.779420262577869,0.931360063840308,0.0362441956764791,0.992403387785333,2.29,3.05,3.293,1,"noRScoretop_seds_2over3under10_deep_51","noRScoretop_seds_2over3under10_deep"
"901",-6.01725770042681,19.90850159,29.1592192618342,33.1488227729735,59.4267441458047,47.957539862481,19.196352055279,11.5516715052768,10.1189275820478,9.13815614147536,34.6322888523212,17.0017195521965,63.3667564931999,6.75660516701474,9.10963040656985,3.04444104679746,76.2505440957324,14.1875631249798,2.45708801380427,0.892875349745567,1.34636294525221,1.168994618,23.1735316025282,0.191960935445836,0.174409515032666,0.934997861966562,0.787379489841255,0.926090507683696,0.0165182497037251,0.988869296068101,2.24,3.06,3.918,1,"noRScoretop_seds_2over3under10_deep_52","noRScoretop_seds_2over3under10_deep"
"902",-6.02100467690325,19.9086761638949,29.159254538389,33.1071644693266,59.4267441458047,48.2594904390065,19.1953548005594,11.5440690335778,10.120585632019,9.18623416254701,34.6326233615047,16.6248855370047,63.3561763178341,6.81586538100043,9.10531871735769,3.04445903463372,76.6411025202376,15.2326171848652,2.32028693245731,0.892631524269675,1.3481472757963,1.168994618,23.1576504671681,0.191960935445836,0.171367131871098,0.937731553190281,0.787379489841255,0.90993853554885,0.0365327944481485,0.988869296068101,2.27,3.06,3.637,1,"noRScoretop_seds_2over3under10_deep_53","noRScoretop_seds_2over3under10_deep"
"903",-5.47628799194155,19.9086654241124,29.184107229357,33.1115590147738,57.2468132195708,47.94976079949,19.081102012133,11.4784254567336,10.0361495098049,9.13815614147536,34.3900208498671,17.572252989271,62.714703985409,6.816071297,9.10683244683988,3.05391923405209,76.6199118128566,13.9759543944028,2.45898500363412,0.889004963922642,1.34799207031372,1.1652853577588,23.3537851091206,0.191960935445836,0.172989288563011,0.937701314355559,0.787379489841255,0.926090507683696,0.035812964935055,0.988869296068101,2.24,3.07,3.502,1,"noRScoretop_seds_2over3under10_deep_54","noRScoretop_seds_2over3under10_deep"
"904",-5.47786848966559,19.9086581711019,29.1646070419941,33.1115590147738,59.4267441458047,47.9497813682422,19.0845495325422,11.5447646337891,10.0406034317611,9.13815614147536,34.6326959175794,17.031429676832,63.3569547237798,6.816071297,9.10683244683988,3.05669151625626,76.6199118128566,13.9759543944028,2.54538516360445,0.89263272554772,1.34799207031372,1.1688217983106,23.1735316025282,0.191960935445836,0.172989288563011,0.934755235334148,0.787379489841255,0.926090507683696,0.0157772881380507,0.988869296068101,2.24,3.07,3.724,1,"noRScoretop_seds_2over3under10_deep_55","noRScoretop_seds_2over3under10_deep"
"905",-5.47690349639107,19.9086654241124,29.1646070419941,33.1270046052836,59.4267441458047,47.94976079949,19.081102012133,11.4780819788772,10.0406034317611,9.13815614147536,35.0144167128641,17.0934723764938,63.3569547237798,6.816071297,9.10683244683988,3.05766018147326,76.6257797088433,13.9759543944028,2.45898500363412,0.889087762653931,1.34499924820903,1.15514067592969,22.6140549218436,0.191960935445836,0.172030404622771,0.937701314355559,0.800888175577827,0.982177479357765,0.0827819208442969,0.99702094887307,2.24,3.07,3.727,1,"noRScoretop_seds_2over3under10_deep_56","noRScoretop_seds_2over3under10_deep"
"906",-5.47628799194155,19.9086654241124,29.1646070419941,33.1115590147738,59.4267441458047,47.94976079949,19.081102012133,11.4784254567336,10.0406034317611,9.13815614147536,34.6326959175794,17.031429676832,63.3569547237798,6.816071297,9.10683244683988,3.05766018147326,76.6199118128566,13.9759543944028,2.45898500363412,0.89263272554772,1.34799207031372,1.16330091278227,23.1735316025282,0.191960935445836,0.172989288563011,0.937701314355559,0.787379489841255,0.926090507683696,0.035812964935055,0.988869296068101,2.24,3.07,3.757,1,"noRScoretop_seds_2over3under10_deep_57","noRScoretop_seds_2over3under10_deep"
"907",-5.20389473147507,19.9148241974026,27.1190993168944,33.1973171149892,54.1729727728067,48.2652240815487,19.0848609287007,10.7784418716009,10.0788752048811,9.01394564527651,34.600127766467,16.6409007584941,61.5597796260354,6.80292777999988,8.29335742351502,3.05790314698534,76.6338506366303,16.4430649084557,2.57827496504763,0.654326561352611,1.37009775257334,1.16702635514378,16.4745517599381,0.0734685627848425,0.169077206842303,0.937621786169195,0.313768667056177,0.927459705900086,0.0199750890959907,0.990781023898635,2.25,3.07,3.318,1,"noRScoretop_seds_2over3under10_deep_58","noRScoretop_seds_2over3under10_deep"
"908",-5.18608099536283,20.9593709768605,29.1113662741804,33.1831871941454,58.0604577135097,57.912865208485,20.9231382032138,10.9423163942998,11.3280062433473,10.998876248097,25.7573600849349,20.9235695711833,55.0503917901476,6.8063542424685,9.01741170604635,3.08523124528326,76.2452945032178,17.1032129608986,2.49329563491008,0.869742873523703,0.16726912282088,0.333817893168989,39.5271769644323,0.132425061101772,0.0578314709732779,0.498997843925191,0.552870867733659,0.979264917860018,0.0165831447482449,0.348541077482305,2.29,3.07,3.306,1,"noRScoretop_seds_2over3under10_deep_59","noRScoretop_seds_2over3under10_deep"
"909",-5.47357952778241,18.3441748547101,27.13915342,34.102551406397,54.1749916203318,48.3577350543705,19.0901453696156,10.1561600104219,10.0414058871497,12.8677343750409,34.60993668,16.62920237,63.0389954813195,6.75800196738452,8.764582168,3.01676270408922,76.0683985283219,16.4892666891054,2.57586520009523,0.661730699626287,0.965717506516082,1.15367064098862,15.7833027873596,0.668505280965546,0.199141629486323,0.958996585830137,0.812306371554562,0.906134376115209,0.0187574292851371,0.857889258514586,2.32,3.07,3.193,2,"noRScoretop_seds_2over3under10_deep_60","noRScoretop_seds_2over3under10_deep"
"910",-5.09343573159342,21.0498628653182,28.06552633,33.13310567,58.0828471143815,54.6138469379565,20.159455798244,11.614292166835,11.3267103570791,11.0347840145399,26.7084716129552,20.2880111775497,55.0579028339691,6.569457808,8.33015822316868,3.36568302575572,76.2208365125889,16.5241498931214,5.08998436169425,0.290924305874429,0.187555079662449,0.33456257369343,39.6721964987174,0.130395640993977,0.137820961925631,0.51113510136601,0.545085802884444,0.95553706385609,0.0168913336143112,0.530290999266665,2.33,3.07,2.875,1,"noRScoretop_seds_2over3under10_deep_61","noRScoretop_seds_2over3under10_deep"
"911",-5.47690349639107,19.9085079481571,29.1635609844858,33.108075901424,59.4267441458047,47.9496815234917,19.081102012133,11.4784713939825,10.114687988076,9.13815614147536,35.0144167128641,17.0934723764938,63.3569547237798,6.816071297,9.10538755647772,3.05766018147326,76.6201736744995,13.9759543944028,2.45898500363412,0.892883618043466,1.34799139269977,1.16818086321752,22.6140549218436,0.191960935445836,0.172030404622771,0.937701314355559,0.787292553854564,0.982177479357765,0.0828532468703937,0.99702094887307,2.23,3.08,3.716,1,"noRScoretop_seds_2over3under10_deep_62","noRScoretop_seds_2over3under10_deep"
"912",-6.02301456831574,19.9086654241124,29.1646070419941,33.1115590147738,59.4267441458047,47.94976079949,19.081102012133,11.4771637452077,10.0406034317611,9.13815614147536,34.6326959175794,17.031429676832,63.3569547237798,6.816071297,9.10683244683988,3.05950876026817,76.1201519340891,13.9759543944028,2.46357193795114,0.89263272554772,1.34799207031372,1.16330091278227,23.1744695382452,0.191960935445836,0.172989288563011,0.937701314355559,0.787379489841255,0.92587347059937,0.035812964935055,0.988869296068101,2.25,3.08,4.074,2,"noRScoretop_seds_2over3under10_deep_63","noRScoretop_seds_2over3under10_deep"
"913",-5.2052670961682,19.908509248441,27.1195412520864,33.188300242199,53.9762472652974,48.3703526824561,19.075961124838,10.771990805139,10.0782906843094,8.93051481525862,34.768680419152,16.62920237,63.5115983965305,6.75358571354382,8.28596395825147,3.01682232769608,76.1543631779321,16.7204272362735,2.57458757660818,0.65450565545366,1.35583907639442,1.16363048460194,16.4712753189506,0.094012112857101,0.169012024796533,0.934936203529932,0.779587297291154,0.931012758384624,0.0362553404693731,0.992444062960001,2.26,3.08,3.244,1,"noRScoretop_seds_2over3under10_deep_64","noRScoretop_seds_2over3under10_deep"
"914",-5.13037008683027,19.908509248441,27.1195412520864,33.188300242199,53.9762472652974,48.3703526824561,19.075961124838,10.771990805139,10.0782906843094,8.93051481525862,34.768680419152,16.62920237,63.5115983965305,6.75358571354382,8.28596395825147,3.01682232769608,76.1543631779321,16.7204272362735,2.57458757660818,0.65450565545366,1.35583907639442,1.16363048460194,16.4712753189506,0.094012112857101,0.169012024796533,0.934936203529932,0.779587297291154,0.931012758384624,0.0362553404693731,0.992444062960001,2.26,3.08,3.264,1,"noRScoretop_seds_2over3under10_deep_65","noRScoretop_seds_2over3under10_deep"
"915",-5.47415604824821,19.9072492872525,27.1185664683582,34.1736684443762,54.1896729919904,48.3577350543705,19.0142173099615,10.8136401746533,10.0479490043635,8.97730376325485,34.60993668,16.4857500762324,63.4277324860519,6.80450026112755,8.764582168,3.05879806545228,76.11873851,16.728080682703,2.57586520009523,0.662405076459258,0.965721996131078,1.16361792633051,17.1761767273528,0.671243392012175,0.173116459172631,0.934928943,0.283943854420358,0.881843250626248,0.036093394,0.992403814489734,2.29,3.08,3.263,1,"noRScoretop_seds_2over3under10_deep_66","noRScoretop_seds_2over3under10_deep"
"916",-5.51321839326481,18.3181949616825,27.2000464031615,34.2888564202533,54.4964203865401,48.358315480338,19.2329725673224,9.38881253473225,10.046534623297,12.5979722318946,34.7435358630771,16.62920237,63.4277324860519,6.77607205861893,8.759884054838,3.01566532245356,76.1161925491832,16.4892666891054,2.59041364008043,0.654408640116038,1.46897593641352,1.06341442976442,16.4356903109635,0.22277893633104,0.169104199487763,0.919751149573516,0.361172137038524,0.409175869788394,0.0190102359655394,0.860023667925727,2.31,3.08,3.1,1,"noRScoretop_seds_2over3under10_deep_67","noRScoretop_seds_2over3under10_deep"
"917",-4.92688935435904,19.9086654241124,29.1646070419941,33.3751080004256,59.4267441458047,47.94976079949,19.081102012133,11.4784254567336,10.0406034317611,9.13815614147536,34.6326959175794,17.031429676832,63.3569547237798,6.816071297,9.10683244683988,3.07108067856244,76.6199118128566,13.815965236467,2.44261961268793,0.891298240900926,1.34799207031372,1.16330091278227,23.1735316025282,0.106257689774724,0.172989288563011,0.937701314355559,0.787379489841255,0.926090507683696,0.035812964935055,0.988869296068101,2.23,3.09,3.702,1,"noRScoretop_seds_2over3under10_deep_68","noRScoretop_seds_2over3under10_deep"
"918",-5.51321839326481,18.3181949616825,27.2000464031615,34.2888564202533,54.4964203865401,48.358315480338,19.2329069802908,9.39209868075608,10.046534623297,12.5979722318946,34.6340347551775,16.62920237,63.3681597802888,6.77607205861893,8.759884054838,3.04439445441319,76.6516117576951,16.4892666891054,2.60412302900632,0.654408640116038,1.45701535427786,1.06341442976442,16.4356903109635,0.22277893633104,0.170129558711967,0.919751149573516,0.361172137038524,0.409175869788394,0.0190102359655394,0.988964527479502,2.3,3.09,3.11,1,"noRScoretop_seds_2over3under10_deep_69","noRScoretop_seds_2over3under10_deep"
"919",-6.03676782397281,18.3441748547101,27.0293129308657,34.102551406397,53.9834184034102,48.3577350543705,19.1867734795827,10.1561600104219,10.1226162985973,9.20467803389589,34.60993668,16.62920237,63.0389954813195,6.75800196738452,8.764582168,3.04426106364384,76.0683985283219,16.4709123910774,2.57586520009523,0.896376027617485,0.965717506516082,1.153693888869,15.7833027873596,0.668505280965546,0.196031517939686,0.958996585830137,0.812204765185869,0.904967233565253,0.0187574292851371,0.862254171027095,2.3,3.09,3.237,1,"noRScoretop_seds_2over3under10_deep_70","noRScoretop_seds_2over3under10_deep"
"920",-5.47357952778241,18.3441748547101,27.129659754584,34.102551406397,54.0899509058651,48.3577350543705,19.1950670615417,10.1481296911759,10.1199113674864,12.8677343750409,34.6099639593739,16.62920237,63.0229974610456,6.75708970745978,8.75998697124909,3.01421746508598,76.0697367918185,16.4892666891054,2.601775062489,0.661730699626287,0.965717506516082,1.15367064098862,15.7833027873596,0.172854552902631,0.195988114037577,0.959889354967393,0.812320832617268,0.906134376115209,0.0187574292851371,0.986465663719812,2.3,3.09,3.239,1,"noRScoretop_seds_2over3under10_deep_71","noRScoretop_seds_2over3under10_deep"
"921",-6.37451014772769,19.90850159,29.0813851381864,33.1115431028644,59.4267441458047,47.957539862481,19.1925511121567,11.2323630268564,10.2102408552323,9.1374996312077,34.6332310558871,16.6315972933007,63.3764045641177,6.816071297,9.10963040656985,3.04444104679746,76.1191569727027,15.127704953143,5.99659346182275,0.892875349745567,1.51294732049328,1.17099821292531,23.6124764653032,0.192394673774504,0.196085346,0.934917498746087,0.787379489841255,0.926092266141868,0.0164923840259335,0.98884406601565,2.26,3.1,3.136,1,"noRScoretop_seds_2over3under10_deep_72","noRScoretop_seds_2over3under10_deep"
"922",-5.45514450779735,19.9089465873271,27.1969431996718,34.2032017056033,54.1717297877913,48.2660425136049,19.2375756782337,10.7444339278823,10.0271522145148,12.5868713689964,34.5768021546066,17.0030455056582,63.3489374772825,6.75592830755955,8.76438899116717,3.05835386613897,76.2399906797173,15.2310371907883,2.49894914660436,0.653936259651659,1.40437410318175,0.286038783652581,15.97380282,0.213119596035311,0.169141999719132,0.93756396588972,0.56291285506092,0.987391705869903,0.0354655809860977,0.994681414634064,2.24,3.11,3.457,1,"noRScoretop_seds_2over3under10_deep_73","noRScoretop_seds_2over3under10_deep"
"923",-5.45514450779735,19.915106289558,27.1969431996718,34.2036326509555,54.1717297877913,48.2660425136049,19.2375756782337,10.7444339278823,10.0286349324234,12.5868713689964,34.5783148569727,16.997596861087,63.3547344759546,6.75592830755955,8.76438899116717,3.05835386613897,76.2399906797173,15.1952245233809,2.49894914660436,0.653936259651659,1.40437410318175,0.286038783652581,15.97380282,0.208740462023025,0.169141999719132,0.93756396588972,0.56291285506092,0.987391705869903,0.0192741310623979,0.994681414634064,2.24,3.11,3.461,1,"noRScoretop_seds_2over3under10_deep_74","noRScoretop_seds_2over3under10_deep"
"924",-5.20172176895225,19.9072862036873,27.1581318344562,33.1108272760155,54.2601325923357,47.9839807878957,19.0759499309728,11.5303127480692,10.0634792157537,9.04880702678212,34.5091923931302,16.62920237,61.597856716486,6.7472285550582,8.36142828183391,3.05856320215674,76.1192309217714,15.0305032544377,2.47004351168045,0.65450123838934,1.34889650419168,1.16727075197244,16.4560556747791,0.620612625896423,0.170743672128414,0.937602498892876,0.302407642964054,0.917238678,0.0170346588424577,0.988837718416265,2.24,3.11,3.471,1,"noRScoretop_seds_2over3under10_deep_75","noRScoretop_seds_2over3under10_deep"
"925",-5.20172176895225,19.9072702513803,27.1670521751563,33.1105318213116,54.1913542960715,47.9839807878957,19.0759499309728,10.7515418877571,10.0634792157537,9.04880702678212,34.5091923931302,16.62920237,61.597856716486,6.75051184211357,8.2859340527917,3.05856320215674,76.1567939959145,15.0651264339401,2.47004351168045,0.65450123838934,1.36952525547395,1.16727075197244,16.4560556747791,0.620612625896423,0.169053758696022,0.937602498892876,0.302407642964054,0.917238678,0.0362553404693731,0.990733111774176,2.24,3.11,3.476,2,"noRScoretop_seds_2over3under10_deep_76","noRScoretop_seds_2over3under10_deep"
"926",-6.01725770042681,19.9085888797682,29.1606371787235,33.1115590147738,59.4269287679758,47.9575892519495,19.1946886234521,11.220281574807,10.120585632019,9.13815614147536,34.6326818160814,16.62920237,63.3659256567263,6.816071297,9.10963040656985,3.04444104679746,76.1143930228983,15.1295185490814,5.98402641724856,0.892875349745567,1.34799207031372,1.16893804096577,23.1735316025282,0.191960935445836,0.203406966658826,0.934917498746087,0.786336760831019,0.925809374996395,0.0165182497037251,0.988869296068101,2.27,3.11,3.106,1,"noRScoretop_seds_2over3under10_deep_77","noRScoretop_seds_2over3under10_deep"
"927",-5.47415604824821,19.9072163435555,27.1185664683582,34.192420773557,54.1896729919904,47.9601868249457,19.0142173099615,10.8136401746533,10.0405646318025,8.97730376325485,34.60993668,16.4857500762324,63.42769306857,6.80450026112755,8.764582168,3.05879806545228,76.11873851,16.728080682703,2.4089362721252,0.662405076459258,1.35384952782501,1.16361792633051,17.1761767273528,0.196030004197569,0.173116459172631,0.934928943,0.801673785267495,0.881843250626248,0.036093394,0.992383240160414,2.27,3.11,3.262,2,"noRScoretop_seds_2over3under10_deep_78","noRScoretop_seds_2over3under10_deep"
"928",-4.70798776914227,20.9593709768605,29.1113662741804,33.2075348419546,58.0714445003489,57.912865208485,20.9231382032138,10.9423163942998,11.3280062433473,10.998876248097,25.7573600849349,20.8128935513621,55.0503917901476,6.56159090542342,9.01741170604635,3.08523124528326,76.3055295158658,17.1032129608986,5.25989884559384,0.869742873523703,0.186922758151901,0.336809705868445,39.5271769644323,0.132425061101772,0.0588138080072854,0.51159002963227,0.552870867733659,0.972667185158887,0.0165831447482449,0.341821014489475,2.32,3.11,3.067,1,"noRScoretop_seds_2over3under10_deep_79","noRScoretop_seds_2over3under10_deep"
"929",-5.21533618697059,19.9086075593154,27.1139571666632,33.0970337449848,54.3357475504867,47.9602163250505,19.1919904341248,10.8027317506411,10.4113534042641,9.04665706646059,34.6074533603261,16.62920237,63.3637614679475,6.80360587341393,8.28737513030666,3.05787179647481,76.1282863786079,15.0772458176006,2.57924482780608,0.88919638040282,1.35448118282524,1.16893135169153,15.97380282,0.191960247603988,0.169676261462014,0.937638661801103,0.302407642964054,0.925726660345751,0.0165180685553083,0.988905540732011,2.23,3.12,3.333,1,"noRScoretop_seds_2over3under10_deep_80","noRScoretop_seds_2over3under10_deep"
"930",-5.21533618697059,19.9086201856484,27.1196373849298,33.0968953959826,54.185541189711,47.9602134563708,19.0714292681002,10.7819458758384,10.3941283556072,9.04665706646059,34.6074533603261,16.62920237,63.2803195669551,6.80292844907345,8.28737513030666,3.05787179647481,76.1282863786079,15.0772458176006,2.57924482780608,0.88919638040282,1.35448118282524,1.16893135169153,15.97380282,0.192999908341777,0.169319087742733,0.937675930039319,0.302407642964054,0.917236332880086,0.0171338170317802,0.988905540732011,2.23,3.12,3.334,1,"noRScoretop_seds_2over3under10_deep_81","noRScoretop_seds_2over3under10_deep"
"931",-5.31930678057458,19.9086201856484,27.1196373849298,33.0968953959826,54.185541189711,47.9602134563708,19.0714292681002,10.7819458758384,10.3941283556072,9.04665706646059,34.6074533603261,16.62920237,63.2803195669551,6.80292844907345,8.28737513030666,3.05787179647481,76.1282863786079,15.0772458176006,2.57924482780608,0.88919638040282,1.35448118282524,1.16893135169153,15.97380282,0.192999908341777,0.169319087742733,0.937675930039319,0.302407642964054,0.917236332880086,0.0171338170317802,0.988905540732011,2.23,3.12,3.334,1,"noRScoretop_seds_2over3under10_deep_82","noRScoretop_seds_2over3under10_deep"
"932",-5.21533618697059,19.9086186170974,27.0117185883739,33.1126004337948,54.185541189711,47.9427983703851,19.074732938759,10.7981020287255,10.019761481225,9.04724832808602,34.6328084146749,16.62920237,61.5541625845524,6.80292844907345,8.32445289215907,3.04996089856545,76.6490648482729,15.0772458176006,2.57924482780608,0.65450565545366,1.34812146470907,1.16903851491361,15.97380282,0.191935452415105,0.169061223191128,0.937470614771505,0.302407642964054,0.925831882159247,0.0163062139261795,0.99051030479048,2.23,3.12,3.448,1,"noRScoretop_seds_2over3under10_deep_83","noRScoretop_seds_2over3under10_deep"
"933",-5.13608309103752,19.90850159,29.078290380886,33.1874337284584,59.4267441458047,48.351300072129,19.0717460669868,10.7834740562656,10.120585632019,9.1415222054523,34.6332448845313,16.62920237,61.5138261696362,6.816071297,9.10963040656985,3.04444104679746,76.1097525237054,15.0779472331131,5.997420321,0.892875349745567,1.36855384879287,1.16724897892156,23.1735316025282,0.191960935445836,0.168329250519414,0.937449023707518,0.787379489841255,0.917074518926609,0.0361159591279427,0.988869296068101,2.27,3.12,3.046,1,"noRScoretop_seds_2over3under10_deep_84","noRScoretop_seds_2over3under10_deep"
"934",-4.31036483544691,22.5010223020548,32.4503773922437,33.4212707043515,65.6168165238122,58.2605172246603,20.9059622394802,10.9337087054314,14.5202886678066,11.2344490700275,32.8079528155276,20.8486152600595,55.05777385676,6.56221388007366,8.34897382429575,3.0293685051409,76.2298786269896,16.5048441869022,5.07907951888166,0.567904452675392,0.123311090979311,0.353245440140937,37.1401062926751,0.733382803534197,0.0578536524203184,0.504939325534649,0.545060791825767,0.954729760241506,0.0777527824315028,0.532784179136834,2.4,3.12,2.664,1,"noRScoretop_seds_2over3under10_deep_85","noRScoretop_seds_2over3under10_deep"
"935",-4.87810223355917,19.9289714354634,29.0817919662462,33.1091763089529,58.5964973109143,47.957539862481,19.1947058812896,11.54453813413,10.1103424570489,9.13815614147536,34.5678775227611,16.7469884121653,63.4669508626284,6.80766261303249,9.1483258644948,3.04444104679746,76.11873851,14.0630762988823,2.0126666068339,0.892881996138972,1.35194312405567,1.16653810318991,23.6138740181199,0.133265578126379,0.196085346,0.929103180758663,0.787379489841255,0.926270984290501,0.0165182497037251,0.997574043538102,2.23,3.13,3.813,1,"noRScoretop_seds_2over3under10_deep_86","noRScoretop_seds_2over3under10_deep"
"936",-5.47690349639107,19.9084971202419,29.1646070419941,33.1270046052836,59.4267441458047,47.94976079949,19.081102012133,11.4826632037272,10.0381865267054,9.13815614147536,35.0552295988035,16.6482930007597,63.3569547237798,6.816071297,9.10683244683988,3.04436733051285,76.6186464166877,13.9759543944028,2.57357194467922,0.889087762653931,1.34498101680621,1.15501619658254,22.6108253393418,0.191960935445836,0.172030404622771,0.937701314355559,0.800888175577827,0.978915234953479,0.0842765695053151,0.99702094887307,2.24,3.13,3.734,2,"noRScoretop_seds_2over3under10_deep_87","noRScoretop_seds_2over3under10_deep"
"937",-6.01725770042681,19.90850159,29.1602693517981,33.1116316138096,59.4267441458047,47.957539862481,19.078402208262,11.5439543633089,10.1207088209342,9.13815614147536,34.6056225230666,17.0258977232049,63.365925907408,6.816071297,9.10963040656985,3.05880915804009,76.0961022860717,14.1875631249798,5.99706485121397,0.892875349745567,1.34799207031372,1.16821782536546,23.6152963586168,0.191960935445836,0.173730519882099,0.934917498746087,0.787379489841255,0.926013335569268,0.0165182497037251,0.9892889508605,2.25,3.13,3.071,1,"noRScoretop_seds_2over3under10_deep_88","noRScoretop_seds_2over3under10_deep"
"938",-4.83644869782889,21.0032948012617,28.0586133863014,33.1572574409686,58.0777049925381,57.8455783621221,20.937485718951,11.6304937710713,11.3353839948192,11.0003773518646,25.865977991508,21.2886331031257,55.0481970996527,6.59029378406472,8.2837076095454,3.09069162519734,76.3033241199865,17.0072265313104,5.20987181299051,0.119436345066026,0.0733914627219984,0.356489339580169,39.6851520382328,0.133143016250242,0.0596902439845394,0.483094253386026,0.553046688406444,0.966243734671143,0.0185315624398912,0.349022269098666,2.32,3.13,2.868,1,"noRScoretop_seds_2over3under10_deep_89","noRScoretop_seds_2over3under10_deep"
"939",-6.01725770042681,19.90850159,29.1591839933659,33.1116316138096,59.4267441458047,47.957539862481,19.078402208262,11.5439916922291,10.1207120284496,9.13815614147536,35.0168617395795,17.0469807807523,63.365925907408,6.816071297,9.10963040656985,3.05826809027297,76.6207902200754,14.1875631249798,5.9798483122008,0.892875349745567,1.34799207031372,1.16821782536546,23.1735316025282,0.191960935445836,0.173304844111177,0.934917498746087,0.787379489841255,0.926004289914764,0.0165182497037251,0.9892889508605,2.24,3.14,3.095,1,"noRScoretop_seds_2over3under10_deep_90","noRScoretop_seds_2over3under10_deep"
"940",-6.01725770042681,19.9086698938704,29.0817919662462,33.1108251060809,59.4267441458047,47.957539862481,19.1947058812896,11.53995690928,10.1230025370747,9.13815614147536,34.5924319985918,17.074381745734,63.3673806926794,6.816071297,9.10533411060836,3.05773389775787,76.1258718021556,14.1875631249798,5.88283338040116,0.892881996138972,1.34801030171654,1.16911909734715,23.6171036006216,0.191960935445836,0.196085346,0.937638459273917,0.787379489841255,0.929134932646082,0.0150242842527691,0.988869296068101,2.25,3.14,3.06,1,"noRScoretop_seds_2over3under10_deep_91","noRScoretop_seds_2over3under10_deep"
"941",-5.81642242074753,20.0044364403886,30.8747585594003,38.4575855937436,59.4567858267683,47.7836699223133,19.1946886234521,11.5444462256473,10.410278630931,16.2634070957192,34.6332448845313,16.62920237,63.2950421783667,6.816071297,9.10918486482082,3.05755440883151,76.1228635907358,14.1640998124121,6.02790531995424,0.0827927073046857,1.35440082862453,0.395773780635531,23.8780337076528,0.196448392353613,0.120129181620399,0.934289691817621,0.787460761634321,0.926090507683696,0.0165182497037251,0.933459273738914,2.29,3.14,3.167,2,"noRScoretop_seds_2over3under10_deep_92","noRScoretop_seds_2over3under10_deep"
"942",-5.15493890566769,19.9086186170974,27.1196373849298,33.1115744230415,54.1534281208761,48.244398170215,19.0759869376241,10.7819458758384,10.019761481225,9.13925080603745,34.6074533603261,16.62920237,63.3283413349804,6.80292844907345,8.28596395825147,3.04986417048599,76.2255231482301,15.0772458176006,2.57924482780608,0.900973050061974,1.45887635979122,1.16730166368788,16.2119215631759,0.192300165367365,0.169061223191128,0.937675930039319,0.288496951080207,0.917236332880086,0.0362553404693731,0.990627224091652,2.23,3.15,3.281,1,"noRScoretop_seds_2over3under10_deep_93","noRScoretop_seds_2over3under10_deep"
"943",-4.98503800350795,20.9901718934938,29.1074239084118,33.1968265712654,58.0716297977345,57.912865208485,20.9060483432027,10.9423163942998,11.3355246707144,10.9991491433182,25.7573600849349,20.8123205121791,55.0611372665644,6.56159090542342,9.14870904477225,3.09517525436371,76.3021573185264,17.1032943753981,5.02792047470305,0.879843388871149,0.186922758151901,0.336809705868445,39.5271769644323,0.132425061101772,0.0595615442874822,0.511778864639091,0.553046688406444,0.977431335323556,0.0190001882602712,0.343168479201079,2.32,3.15,3.039,1,"noRScoretop_seds_2over3under10_deep_94","noRScoretop_seds_2over3under10_deep"
"944",-4.35301291777327,22.5926405210255,32.6420053167522,33.1769697391266,65.6400572598706,58.7401218073876,20.910791509428,10.9793551348952,14.84053202,11.0998245700328,33.1520826098284,20.8638471567465,55.0372695517673,6.55901132782718,8.35403955468605,3.04514993210283,76.4874736994811,16.5317040694323,4.22809105471979,0.566130957803905,0.172553991057092,0.326327491649321,37.1337864532581,0.929148069044381,0.0588549483729955,0.483830287791129,0.545063644372161,0.954415354277007,0.00985276365663831,0.53038895957688,2.42,3.16,2.651,1,"noRScoretop_seds_2over3under10_deep_95","noRScoretop_seds_2over3under10_deep"
"945",-6.01725770042681,19.9083341169593,29.078290380886,33.0973358981397,59.4567858267683,47.9591379960238,19.1911378568965,11.5445936544534,10.410278630931,9.12900163523144,34.4984223447891,17.0533741390626,63.2950421783667,6.80322107437578,8.75917036264939,3.04460520140239,76.11873851,14.1872342790536,5.997420321,0.892866367539162,1.36983993402409,1.168994618,23.8848268176711,0.196448392353613,0.196170146574914,0.934872979498961,0.787460761634321,0.926877020843865,0.0165182497037251,0.988869296068101,2.24,3.17,3.037,1,"noRScoretop_seds_2over3under10_deep_96","noRScoretop_seds_2over3under10_deep"
"946",-6.01725770042681,19.90850159,29.1592192618342,33.1080923884032,59.4042501884941,47.957539862481,19.1946886234521,11.5444462256473,10.1205857577732,9.13894755936941,34.6279288489889,17.0577506903674,63.3545472865219,6.816071297,8.73664185057886,3.04444104679746,76.6428580232813,14.1977529825545,5.9801127713011,0.892875349745567,1.34799207031372,1.168994618,23.1662789931257,0.19196154838008,0.196085346,0.934917498746087,0.787379489841255,0.926090507683696,0.0165182497037251,0.988869296068101,2.25,3.17,3.041,1,"noRScoretop_seds_2over3under10_deep_97","noRScoretop_seds_2over3under10_deep"
"947",-6.01725770042681,19.90850159,29.1592192618342,33.1323691366812,59.4267441458047,47.957539862481,19.1953787534889,11.5284624773276,10.120585632019,9.13815614147536,34.6326818160814,16.62920237,63.356098469134,6.75660516701474,9.10963040656985,3.04444104679746,76.1444281528461,14.1875631249798,6.09339618929783,0.892875349745567,1.34636294525221,1.168994618,23.1735316025282,0.191960935445836,0.174568797013619,0.934917498746087,0.787379489841255,0.926090507683696,0.0165182497037251,0.988869296068101,2.25,3.17,3.07,2,"noRScoretop_seds_2over3under10_deep_98","noRScoretop_seds_2over3under10_deep"
"948",-4.31036483544691,22.5010223020548,32.4503773922437,33.4212707043515,65.6168165238122,58.3794554816086,20.9059622394802,10.9337087054314,14.8405700615828,11.2344490700275,32.8079528155276,20.8486152600595,55.05777385676,6.56221388007366,8.34897382429575,3.0293685051409,76.2298786269896,16.5048441869022,5.07907951888166,0.567904452675392,0.123311090979311,0.326377504664765,37.1401062926751,0.733382803534197,0.0585525162229251,0.504939325534649,0.545060791825767,0.955190528271502,0.0789047886022529,0.533085357940833,2.39,3.17,2.67,1,"noRScoretop_seds_2over3under10_deep_99","noRScoretop_seds_2over3under10_deep"
"949",-4.31036483544691,22.5010223020548,32.4433207797638,33.4648189458045,65.6168165238122,58.3958214234078,20.9055556817408,10.9617345410136,14.8405700615828,11.2344490700275,32.8079528155276,20.8486152600595,55.05777385676,6.56178343504665,8.34897382429575,3.0293685051409,76.2294058697908,16.5048441869022,5.09240363957548,0.567904452675392,0.123307186977648,0.320170816029183,37.1401062926751,0.733382803534197,0.0588404906731348,0.482272218875911,0.545060791825767,0.955190528271502,0.0789047886022529,0.533085357940833,2.39,3.17,2.671,1,"noRScoretop_seds_2over3under10_deep_100","noRScoretop_seds_2over3under10_deep"
"950",-6.01725770042681,19.90850159,29.0817919662462,33.1108251060809,59.4267441458047,47.957539862481,19.1947058812896,11.54453813413,10.120585632019,9.13815614147536,34.6332448845313,16.62920237,63.3673806926794,6.816071297,9.10533411060836,3.04444104679746,76.11873851,14.1875631249798,5.07206906914406,0.892881996138972,1.34799207031372,1.168994618,23.6136094296695,0.191960935445836,0.196085346,0.937638459273917,0.787379489841255,0.925872708178954,0.0165182497037251,0.988869296068101,2.24,3.18,3.185,1,"noRScoretop_seds_2over3under10_deep_101","noRScoretop_seds_2over3under10_deep"
"951",-6.02305164179366,19.90850159,29.0658486612391,33.1115590147738,59.4267441458047,47.957539862481,19.1946886234521,11.3668339414159,10.099159414055,9.13815614147536,34.6326706382414,16.62920237,63.3528606207159,6.816071297,9.10963040656985,3.04444104679746,76.11873851,14.1875631249798,5.02300903546376,0.892875349745567,1.34799207031372,1.18482575694948,23.2034416956323,0.191960935445836,0.196085346,0.934917498746087,0.78738441566097,0.926090507683696,0.0165182497037251,0.988869296068101,2.24,3.18,3.216,1,"noRScoretop_seds_2over3under10_deep_102","noRScoretop_seds_2over3under10_deep"
"952",-6.00277086312217,19.90850159,29.1592192618342,33.1212739250852,59.4267441458047,47.957539862481,19.1946886234521,11.5444462256473,10.1207993985924,9.1226501550307,34.6345072664784,16.9914432796129,63.365925907408,6.8169307477189,8.78365073149943,3.04444104679746,76.6439458344137,14.1928647746049,5.97763874031365,0.892875349745567,1.46413141566453,1.168994618,23.0256924434458,0.191960935445836,0.194782146945817,0.934917498746087,0.787379489841255,0.926090507683696,0.0162612249342204,0.988869296068101,2.24,3.18,3.041,2,"noRScoretop_seds_2over3under10_deep_103","noRScoretop_seds_2over3under10_deep"
"953",-6.68110348965022,19.90850159,29.0817919662462,33.1108251060809,59.4267441458047,47.957539862481,19.2664023425374,11.54453813413,10.120585632019,9.13815614147536,34.6332448845313,16.62920237,63.3673806926794,6.816071297,9.10528476219874,3.04444866480152,76.11873851,14.1875631249798,5.0671166321705,0.892881996138972,1.34799207031372,1.168994618,23.6237087423559,0.191960935445836,0.196085346,0.934853264957668,0.787379489841255,0.925872458839407,0.0165182497037251,0.988869296068101,2.24,3.18,3.35,2,"noRScoretop_seds_2over3under10_deep_104","noRScoretop_seds_2over3under10_deep"
"954",-6.01725770042681,19.9085024100109,29.078290380886,33.1777870625255,59.4567858267683,47.957539862481,19.1910106018497,11.5444462256473,10.1200441272781,9.13865466926949,34.5030211471902,17.0722115713765,63.3576390917877,6.80387724777095,9.10918486482082,3.05732184258671,76.1162876707651,14.1875631249798,5.99766416272771,0.895991623883628,1.35440082862453,1.168994618,23.6117135314776,0.196323799263524,0.20109917396408,0.934289691817621,0.791329215929054,0.796533921024724,0.0165182497037251,0.988869296068101,2.25,3.18,3.053,2,"noRScoretop_seds_2over3under10_deep_105","noRScoretop_seds_2over3under10_deep"
"955",-5.47614330812935,19.90850159,28.9743218105807,33.1115571017463,59.4267441458047,47.957539862481,19.1974713274708,11.54453813413,10.120585632019,9.13815614147536,34.6332448845313,17.089186639115,63.3570348542613,6.816071297,9.10530811426453,3.04444866480152,76.11873851,13.9696934834216,5.97923441380171,0.892881996138972,1.34799207031372,1.168994618,22.5885401523311,0.191960935445836,0.195710271233478,0.937931681359633,0.787286923964712,0.984072825615042,0.0141265172026821,0.988869296068101,2.27,3.18,3.016,1,"noRScoretop_seds_2over3under10_deep_106","noRScoretop_seds_2over3under10_deep"
"956",-4.31083254085501,22.5010223020548,32.4520975808361,33.4212707043515,65.6168165238122,58.3794554816086,20.9059093652773,10.9337087054314,14.8405700615828,11.2344490700275,32.8079528155276,20.848685019674,55.0529972189568,6.56221388007366,8.30998660221122,3.02522064499374,76.2298786269896,16.5050099964247,5.07907951888166,0.567904452675392,0.123311090979311,0.326377504664765,37.1401062926751,0.733382803534197,0.0585525162229251,0.504939325534649,0.545060791825767,0.955190528271502,0.0789047886022529,0.533085357940833,2.4,3.18,2.665,1,"noRScoretop_seds_2over3under10_deep_107","noRScoretop_seds_2over3under10_deep"
"957",-6.01725770042681,19.90850159,29.0815674966898,33.1115519477589,59.4267441458047,47.957539862481,19.195082866374,11.5444462256473,10.120585632019,9.13815614147536,34.6325971129692,16.62920237,63.365925907408,6.816071297,9.11027201772178,3.04444104679746,76.6774638130365,14.1875631249798,5.05265899450853,0.892875349745567,1.34799207031372,1.168994618,23.1735316025282,0.191960935445836,0.196085346,0.934917498746087,0.787379489841255,0.926090507683696,0.0159071012151001,0.988869296068101,2.23,3.19,3.109,1,"noRScoretop_seds_2over3under10_deep_108","noRScoretop_seds_2over3under10_deep"
"958",-6.01725770042681,19.9086109254819,29.1779720936858,33.1143113171744,59.4267441458047,47.957539862481,19.1946886234521,11.5444462256473,10.120585632019,9.138538771012,34.6326818160814,16.62920237,63.365925907408,6.81607146002918,9.10969912169099,3.04444104679746,76.6439458344137,14.1934656548635,5.9798483122008,0.892875349745567,1.34799207031372,1.168994618,23.1573041770407,0.191960935445836,0.16963428830911,0.937636320780913,0.787379489841255,0.917267779471445,0.0165182497037251,0.988869296068101,2.24,3.19,3.072,1,"noRScoretop_seds_2over3under10_deep_109","noRScoretop_seds_2over3under10_deep"
"959",-6.01725770042681,19.90850159,29.0817919662462,33.1108251060809,59.4267441458047,47.957539862481,19.2672423121292,11.54453813413,10.120585632019,9.13815614147536,34.6332448845313,16.62920237,63.3673806926794,6.816071297,9.10528476219874,3.04444866480152,76.11873851,14.1875631249798,5.0671166321705,0.892881996138972,1.34799207031372,1.168994618,23.6137701416816,0.191960935445836,0.196085346,0.934853264957668,0.787379489841255,0.925872458839407,0.0165182497037251,0.988869296068101,2.24,3.19,3.166,1,"noRScoretop_seds_2over3under10_deep_110","noRScoretop_seds_2over3under10_deep"
"960",-6.01725770042681,19.90850159,29.0817919662462,33.1108251060809,59.4267441458047,47.957539862481,19.2664023425374,11.54453813413,10.120585632019,9.13815614147536,34.6332448845313,16.62920237,63.3673806926794,6.816071297,9.10528476219874,3.04444866480152,76.11873851,14.1875631249798,5.0671166321705,0.892881996138972,1.34799207031372,1.168994618,23.6237087423559,0.191960935445836,0.196085346,0.934853264957668,0.787379489841255,0.925872458839407,0.0165182497037251,0.988869296068101,2.24,3.19,3.166,1,"noRScoretop_seds_2over3under10_deep_111","noRScoretop_seds_2over3under10_deep"
"961",-6.01725770042681,19.90850159,29.0784514820167,33.1108251060809,59.4267441458047,47.957539862481,19.2676810595143,11.54453813413,10.120585632019,9.13815614147536,34.6332448845313,16.62920237,63.3658728955673,6.816071297,9.10528476219874,3.04444866480152,76.11873851,14.1875631249798,5.0671166321705,0.892881996138972,1.34799207031372,1.168994618,23.1745040100669,0.191960935445836,0.196085346,0.934853264957668,0.787379489841255,0.925872666701849,0.0165182497037251,0.988869296068101,2.24,3.19,3.18,1,"noRScoretop_seds_2over3under10_deep_112","noRScoretop_seds_2over3under10_deep"
"962",-6.0220212566973,19.90850159,29.078290380886,33.1115590147738,59.4267441458047,47.957539862481,19.1942505756841,11.5426061543099,10.120585632019,12.5671612227046,34.5592405682383,16.989300356964,63.3659490612044,6.816071297,8.7717013731572,3.04444104679746,76.11873851,14.1875631249798,5.997420321,0.889295187963981,1.46142390236878,1.168994618,23.1735316025282,0.211085086716801,0.196085346,0.934917498746087,0.788131651555667,0.926090507683696,0.0165182497037251,0.98888788240429,2.28,3.19,2.99,1,"noRScoretop_seds_2over3under10_deep_113","noRScoretop_seds_2over3under10_deep"
"963",-6.01725770042681,19.90850159,29.1592192618342,33.1115590147738,59.4267441458047,47.957539862481,19.0568926361512,11.5444462256473,10.1205869886485,9.13815614147536,34.6326818160814,16.62920237,63.366631281153,6.816071297,9.10935492094884,3.04444104679746,76.6336343622749,14.1979105468018,5.9798483122008,0.895581235436441,1.34799207031372,1.168994618,23.1735749656251,0.191967553970574,0.196085346,0.934917498746087,0.787717345519773,0.926090507683696,0.0165182497037251,0.988869296068101,2.24,3.2,3.079,1,"noRScoretop_seds_2over3under10_deep_114","noRScoretop_seds_2over3under10_deep"
"964",-6.39229249917278,19.9083302501323,29.0817919662462,33.1108251060809,59.4267441458047,47.957539862481,19.1947058812896,11.54453813413,10.1223559659756,9.12905738074366,34.6332416587425,16.62920237,63.2957237625124,6.816071297,9.10913777374818,3.0575775411936,76.1236411592001,14.1875631249798,5.997420321,0.892881996138972,1.34799207031372,1.168994618,23.6379678826632,0.191960935445836,0.196085346,0.934412625011676,0.787379489841255,0.925872708178954,0.0165182497037251,0.988869296068101,2.24,3.2,3.124,2,"noRScoretop_seds_2over3under10_deep_115","noRScoretop_seds_2over3under10_deep"
"965",-5.51567880582517,18.3131145932429,31.6266773759925,38.1583205523098,64.6482470795931,53.18350483,20.9363817520949,9.380128684,10.4026576061578,12.8658128403596,31.60462908,20.97434607,54.11483393,7.572262829,9.17243969650609,3.6486769301851,74.1021175290882,16.78964455,5.6793296997574,0.143025554,1.930602242,1.08375204843944,37.63124496,0.671953670176246,0.192615563068341,0.923743750791964,0.76613934535834,0.905719500293158,0.139070268,0.8658411,2.9,3.2,2.638,1,"noRScoretop_seds_2over3under10_deep_116","noRScoretop_seds_2over3under10_deep"
"966",-5.51567880582517,18.3131145932429,31.6401262746576,38.1583205523098,64.8725970721596,53.18350483,20.9363817520949,9.380128684,10.4026576061578,12.8658128403596,31.60462908,20.97434607,54.11483393,7.572262829,9.17243969650609,3.6486769301851,74.1095454817793,16.78964455,5.6793296997574,0.143025554,1.930602242,1.08375204843944,37.63124496,0.671953670176246,0.192635235419172,0.918994763438254,0.789384897347197,0.901995467323686,0.139070268,0.8658411,2.91,3.2,2.603,1,"noRScoretop_seds_2over3under10_deep_117","noRScoretop_seds_2over3under10_deep"
"967",-5.51567880582517,18.3131145932429,31.6264041727239,38.2471981028039,64.8821814593001,53.18350483,20.9363817520949,9.380128684,10.4026576061578,12.8661808331363,31.60462908,20.9740593353983,54.11483393,7.572262829,9.17243969650609,3.6486769301851,74.10916232133,16.78964455,5.6793296997574,0.143332615691953,1.930602242,1.08375204843944,37.6314440583356,0.671953670176246,0.19261232613608,0.923743750791964,0.812991937441236,0.903569473321762,0.139070268,0.863474733035042,2.91,3.2,2.603,1,"noRScoretop_seds_2over3under10_deep_118","noRScoretop_seds_2over3under10_deep"
"968",-5.51567880582517,18.3131145932429,31.6264041727239,38.2471981028039,64.8768599183614,53.18350483,20.9363817520949,9.380128684,10.4026576061578,12.8661808331363,31.60462908,20.9740593353983,54.11483393,7.572262829,9.17243969650609,3.6486769301851,74.1091918609928,16.78964455,5.6793296997574,0.143334221282659,1.930602242,1.08375204843944,37.6314440583356,0.671953670176246,0.19261232613608,0.923743750791964,0.812991937441236,0.903569473321762,0.139070268,0.863474733035042,2.91,3.2,2.604,1,"noRScoretop_seds_2over3under10_deep_119","noRScoretop_seds_2over3under10_deep"
"969",-6.01725770042681,19.908485637693,29.0907123069462,33.110529651377,59.3579658495406,47.957539862481,19.1947058812896,10.7657672738179,10.120585632019,9.13815614147536,34.6332448845313,16.62920237,63.3673806926794,6.81935458405537,9.02983988156615,3.04444104679746,76.156301584143,14.2221863044822,5.997420321,0.892881996138972,1.36862082159599,1.168994618,23.6138740181199,0.191960935445836,0.194395432567609,0.937638459273917,0.787379489841255,0.925872708178954,0.0357389313308793,0.990764689426013,2.24,3.21,3.026,1,"noRScoretop_seds_2over3under10_deep_120","noRScoretop_seds_2over3under10_deep"
"970",-6.02097023228284,19.9083341169593,29.0793139891853,33.107956080556,59.4582985494766,47.957539862481,19.1946879123174,11.5143589570025,10.410278630931,9.12900163523144,34.6326239734519,16.62920237,63.2950421783667,6.81586821565769,9.10918486482082,3.05755440883151,76.11873851,14.1875631249798,5.78980283484329,0.892875349745567,1.35440082862453,1.168994618,23.8780337076528,0.191925833992175,0.196226635841758,0.934289691817621,0.787460761634321,0.926723665400648,0.0165182497037251,0.988869296068101,2.24,3.21,3.071,1,"noRScoretop_seds_2over3under10_deep_121","noRScoretop_seds_2over3under10_deep"
"971",-6.01725770042681,19.9085142163329,29.1648994801008,33.111379185439,59.276537785029,47.9575369938013,19.0741274574275,11.5236603508446,10.1033605833621,9.13815614147536,34.6332556916528,16.62920237,63.2825392520812,6.81539387265951,9.1053768037771,3.04444104679746,76.6231430258145,14.1875631249798,5.99820937179165,0.892875349745567,1.34799207031372,1.168994618,23.1859776876592,0.193000596183626,0.195728172280719,0.934924967226357,0.787379489841255,0.917386923994184,0.017133998180197,0.988869296068101,2.24,3.21,3.082,1,"noRScoretop_seds_2over3under10_deep_122","noRScoretop_seds_2over3under10_deep"
"972",-6.37926561530214,19.90850159,29.0813851381864,33.1115431028644,59.4267441458047,47.957539862481,19.1946886234521,11.5444462256473,10.120585632019,9.13815614147536,34.6332310558871,16.62920237,63.3674424101294,6.816071297,9.10963040656985,3.04444104679746,76.6439458344137,14.1875631249798,5.99659346182275,0.892875349745567,1.34799207031372,1.168994618,23.6124764653032,0.191960935445836,0.196085346,0.934917498746087,0.787379489841255,0.926090507683696,0.0165182497037251,0.988869296068101,2.24,3.21,3.1,1,"noRScoretop_seds_2over3under10_deep_123","noRScoretop_seds_2over3under10_deep"
"973",-6.39229249917278,19.90850159,29.0817919662462,33.1108251060809,59.4267441458047,47.957539862481,19.1947058812896,11.54453813413,10.120585632019,9.13815614147536,34.6332416587425,16.62920237,63.3673806926794,6.816071297,9.10533411060836,3.04444104679746,76.6451867480606,14.1875631249798,5.997420321,0.892881996138972,1.34799207031372,1.168994618,23.6379678826632,0.191960935445836,0.196085346,0.937638459273917,0.787379489841255,0.925872708178954,0.0165182497037251,0.988869296068101,2.24,3.21,3.101,1,"noRScoretop_seds_2over3under10_deep_124","noRScoretop_seds_2over3under10_deep"
"974",-6.01725770042681,19.9083341169593,29.0785454301166,33.1108558507539,59.4291176806712,47.957539862481,19.1946886234521,11.5444462256473,10.1048494808383,9.13809099016574,34.6332448845313,16.62920237,63.2950421783667,6.816071297,9.10918486482082,3.05755440883151,76.11873851,14.1875631249798,5.997420321,0.892875349745567,1.35440082862453,1.168994618,23.8944586368772,0.196443611221225,0.196170146574914,0.934289691817621,0.787460761634321,0.926090507683696,0.0165182497037251,0.988869296068101,2.24,3.21,3.075,2,"noRScoretop_seds_2over3under10_deep_125","noRScoretop_seds_2over3under10_deep"
"975",-6.29912225490626,19.90850159,29.1592192618342,33.1115590147738,59.4267441458047,47.957539862481,19.1946886234521,11.5444462256473,10.120585632019,9.13815614147536,34.6326818160814,16.62920237,63.365925907408,6.816071297,9.10963040656985,3.04444104679746,76.6439458344137,14.1875631249798,5.9798483122008,0.892875349745567,1.34799207031372,1.168994618,23.1735316025282,0.191960935445836,0.196085346,0.934917498746087,0.787379489841255,0.926090507683696,0.0165182497037251,0.988869296068101,2.24,3.21,3.104,2,"noRScoretop_seds_2over3under10_deep_126","noRScoretop_seds_2over3under10_deep"
"976",-4.77149144635907,20.9856587327715,28.0586133863014,33.1572574409686,58.0777049925381,57.8455783621221,20.937485718951,11.6304937710713,11.3353839948192,11.0003773518646,25.7573600849349,20.795297206639,55.0481970996527,6.59014775603322,8.35063241210053,3.09069162519734,76.3036098711091,17.0072265313104,5.09088417055461,0.119436345066026,0.186868546509311,0.335038454553045,39.6851520382328,0.132426808218429,0.0536151893078639,0.483189890994243,0.553046688406444,0.977917911195388,0.017803352742539,0.349022269098666,2.32,3.21,2.849,1,"noRScoretop_seds_2over3under10_deep_127","noRScoretop_seds_2over3under10_deep"
"977",-5.2836387396971,19.9085068191332,27.1196373849298,33.1794285292621,54.2008367650598,47.9835250045623,19.0760135796712,10.7713584814961,10.0462952584415,9.04880702678212,34.5059645434672,17.0440738091972,63.443188067134,6.80292844907345,8.75254226936201,3.05854018862728,76.6490648482729,15.059714800195,2.47646277260669,0.654322740649424,1.36952525547395,1.16718049460815,15.97680369441,0.109184664383984,0.169061223191128,0.937602498892876,0.791672156508036,0.401786005216142,0.0362553404693731,0.990732087,2.23,3.22,3.35,1,"noRScoretop_seds_2over3under10_deep_128","noRScoretop_seds_2over3under10_deep"
"978",-6.01725770042681,19.9085027603817,29.0307350868224,33.1894679237742,59.4267441458047,47.957539862481,19.1946886234521,11.5444462256473,10.1241661636846,9.13815614147536,34.6332448845313,16.62920237,63.3177081539249,6.8028669163598,9.09429032122102,3.04474788556947,76.6395567872925,14.1875631249798,6.01149396231176,0.892875349745567,1.34782293197084,1.168994618,23.1735316025282,0.19136305962307,0.196085346,0.934917498746087,0.787379489841255,0.927417521684406,0.0165134884920889,0.988869296068101,2.24,3.22,3.059,1,"noRScoretop_seds_2over3under10_deep_129","noRScoretop_seds_2over3under10_deep"
"979",-6.01725770042681,19.90850159,29.0817919662462,33.1108251060809,59.4267441458047,47.957539862481,19.1947058812896,11.54453813413,10.120585632019,9.13815614147536,34.6332448845313,16.62920237,63.3673806926794,6.816071297,9.10533411060836,3.04444104679746,76.6457800249077,14.1875631249798,5.9798495839038,0.892881996138972,1.34799207031372,1.168994618,23.1724510669633,0.191960935445836,0.196085346,0.937638459273917,0.787379489841255,0.925874448765588,0.0165182497037251,0.988869296068101,2.24,3.22,3.063,1,"noRScoretop_seds_2over3under10_deep_130","noRScoretop_seds_2over3under10_deep"
"980",-6.01567720270276,19.9085088430105,29.1592192618342,33.1115590147738,59.4267441458047,47.9575192937287,19.191241103043,11.4781070485918,10.120585632019,9.13815614147536,34.6326818160814,16.62920237,63.365925907408,6.816071297,9.10963040656985,3.04540971201446,76.6439458344137,14.1875631249798,5.8934481526553,0.892875349745567,1.34799207031372,1.16347373247167,23.1735316025282,0.191960935445836,0.196085346,0.937863577767498,0.787379489841255,0.926090507683696,0.0365539265023926,0.988869296068101,2.24,3.22,3.063,1,"noRScoretop_seds_2over3under10_deep_131","noRScoretop_seds_2over3under10_deep"
"981",-6.01725770042681,19.90850159,29.0814333156839,33.1108429831403,59.4267441458047,47.957539862481,19.1947058812896,11.5295129816776,10.120585632019,9.13815614147536,34.6332448845313,16.62920237,63.3673806926794,6.816071297,9.10503268053024,3.04444104679746,76.1297764048659,14.1875631249798,5.997420321,0.892881996138972,1.45291900041614,1.168994618,23.6138740181199,0.191960935445836,0.196085346,0.937626882210735,0.787379489841255,0.925872708178954,0.0165182497037251,0.988869296068101,2.24,3.22,3.063,1,"noRScoretop_seds_2over3under10_deep_132","noRScoretop_seds_2over3under10_deep"
"982",-6.01724415963681,19.9085088430105,29.1592192618342,33.1115590147738,59.4267441458047,47.9575192937287,19.1914546147085,11.4781070485918,10.120585632019,9.13815614147536,34.6326818160814,16.62920237,63.365925907408,6.816071297,9.10963040656985,3.04540971201446,76.6439458344137,14.1875631249798,5.8934481526553,0.892875349745567,1.34799207031372,1.16340460994411,23.1735316025282,0.191960935445836,0.196085346,0.937863577767498,0.787379489841255,0.926090507683696,0.0370654870200805,0.988869296068101,2.24,3.22,3.063,1,"noRScoretop_seds_2over3under10_deep_133","noRScoretop_seds_2over3under10_deep"
"983",-6.01725770042681,19.90850159,29.0792275986751,33.1115590147738,59.4267441458047,47.957539862481,19.1946886234521,11.5444462256473,10.120585632019,9.13815614147536,34.6326853992239,16.62920237,63.365925907408,6.816071297,9.10963040656985,3.04444104679746,76.6703823075161,14.1875631249798,5.9798483122008,0.892875349745567,1.34799207031372,1.168994618,23.1735316025282,0.191960935445836,0.196085346,0.934917498746087,0.787379489841255,0.926090507683696,0.0165182497037251,0.988869296068101,2.24,3.22,3.064,1,"noRScoretop_seds_2over3under10_deep_134","noRScoretop_seds_2over3under10_deep"
"984",-6.01725770042681,19.9083341169593,29.0818403885317,33.0969915937622,59.4569542533958,47.957539862481,19.1953441615903,11.5444462256473,10.4323476719514,9.12900163523144,34.6332738311605,16.62920237,63.29454314152,6.816071297,9.10918486482082,3.04445070375948,76.11873851,14.1875631249798,5.997420321,0.892875349745567,1.35440082862453,1.168994618,23.8790104533296,0.196448392353613,0.196026667195285,0.934289691817621,0.787460761634321,0.926090507683696,0.0165182497037251,0.988869296068101,2.24,3.22,3.067,1,"noRScoretop_seds_2over3under10_deep_135","noRScoretop_seds_2over3under10_deep"
"985",-6.01725770042681,19.9083341169593,29.078290380886,33.0969915937622,59.4567858267683,47.957539862481,19.1946886234521,11.5444462256473,10.410278630931,9.12900163523144,34.6332448845313,16.62920237,63.2950421783667,6.816071297,9.10918486482082,3.05755440883151,76.11873851,14.1875631249798,5.997420321,0.892875349745567,1.35440082862453,1.168994618,23.8780337076528,0.196448392353613,0.196170146574914,0.934289691817621,0.787460761634321,0.926090507683696,0.0165182497037251,0.988869296068101,2.24,3.22,3.068,1,"noRScoretop_seds_2over3under10_deep_136","noRScoretop_seds_2over3under10_deep"
"986",-6.01725770042681,19.9084985798555,29.078290380886,33.0970120777571,59.4543741941177,47.957539862481,19.1946886234521,11.5444462256473,10.410278630931,9.12900163523144,34.6332448845313,16.62920237,63.2960229186579,6.816071297,9.10918868541752,3.05755440883151,76.11873851,14.1875631249798,5.997420321,0.892875349745567,1.35440082862453,1.168994618,23.8780337076528,0.196448392353613,0.196170146574914,0.934565410274338,0.787460761634321,0.926090507683696,0.0165182497037251,0.988869296068101,2.24,3.22,3.069,1,"noRScoretop_seds_2over3under10_deep_137","noRScoretop_seds_2over3under10_deep"
"987",-6.01725770042681,19.90850159,29.1603531727525,33.1115590147738,59.4267441458047,47.957539862481,19.1946886234521,11.5294940870994,10.120585632019,9.13815614147536,34.6332417818164,16.62920237,63.365925907408,6.816071297,9.10963040656985,3.04444104679746,76.6496983462901,14.1876612718289,5.97986547822109,0.892881431730978,1.34957647484888,1.168994618,23.1737111346546,0.191960935445836,0.196137697944443,0.934917498746087,0.787379489841255,0.926106645934713,0.0165182497037251,0.988869296068101,2.24,3.22,3.07,1,"noRScoretop_seds_2over3under10_deep_138","noRScoretop_seds_2over3under10_deep"
"988",-6.01725770042681,19.90850159,29.1592192618342,33.1108092026168,59.4267441458047,47.957539862481,19.1946886234521,11.5444462256473,10.120585632019,9.13815614147536,34.6326726094759,16.62920237,63.3658849399536,6.816071297,9.10534480852813,3.04444104679746,76.6468845170691,14.1875631249798,5.9798483122008,0.892875349745567,1.34799207031372,1.168994618,23.1735316025282,0.191960935445836,0.196085346,0.934930745344439,0.787379489841255,0.926090507683696,0.0165182497037251,0.988869296068101,2.24,3.22,3.07,1,"noRScoretop_seds_2over3under10_deep_139","noRScoretop_seds_2over3under10_deep"
"989",-6.01725770042681,19.90850159,29.1592192618342,33.1115175344412,59.4267441458047,47.957539862481,19.1946886234521,11.5444462256473,10.120585632019,9.13815614147536,34.6332556916528,16.62920237,63.3659811530736,6.816071297,9.1053768037771,3.04444104679746,76.6439458344137,14.1875631249798,5.9798483122008,0.892875349745567,1.34799207031372,1.168994618,23.1859776876592,0.191960935445836,0.196085346,0.934918022249483,0.787379489841255,0.926090507683696,0.0165182497037251,0.988869296068101,2.24,3.22,3.07,1,"noRScoretop_seds_2over3under10_deep_140","noRScoretop_seds_2over3under10_deep"
"990",-6.01725770042681,19.90850159,29.1603531727525,33.1115590147738,59.4267441458047,47.957539862481,19.1946886234521,11.5294940870994,10.120585632019,9.13815614147536,34.6332417818164,16.62920237,63.365925907408,6.816071297,9.10963040656985,3.04444104679746,76.6532018375921,14.1876612718289,5.97986547822109,0.892881431730978,1.34957647484888,1.168994618,23.173531550701,0.191960935445836,0.196137697944443,0.934917498746087,0.787379489841255,0.926106645934713,0.0165182497037251,0.988869296068101,2.24,3.22,3.07,1,"noRScoretop_seds_2over3under10_deep_141","noRScoretop_seds_2over3under10_deep"
"991",-6.01725770042681,19.90850159,29.1603531727525,33.1115590147738,59.4267441458047,47.957539862481,19.1946886234521,11.5294940870994,10.120585632019,9.13815614147536,34.6332417818164,16.62920237,63.365925907408,6.816071297,9.10963040656985,3.04444104679746,76.6532018375921,14.1876612718289,5.97986547822109,0.892881431730978,1.34957647484888,1.168994618,23.1737111346546,0.191960935445836,0.196137697944443,0.934917498746087,0.787379489841255,0.926106645934713,0.0165182497037251,0.988869296068101,2.24,3.22,3.07,1,"noRScoretop_seds_2over3under10_deep_142","noRScoretop_seds_2over3under10_deep"
"992",-6.01725770042681,19.90850159,29.159463262029,33.1115175344412,59.4267441458047,47.957539862481,19.1946886234521,11.5444462256473,10.120585632019,9.13815614147536,34.6332556916528,16.62920237,63.3659811530736,6.816071297,9.1053768037771,3.04444104679746,76.6439458344137,14.1875631249798,5.9798483122008,0.892875349745567,1.34799207031372,1.168994618,23.1648426819213,0.191960935445836,0.196085346,0.9376159127802,0.787379489841255,0.925896412507263,0.0165182497037251,0.988869296068101,2.24,3.22,3.07,1,"noRScoretop_seds_2over3under10_deep_143","noRScoretop_seds_2over3under10_deep"
"993",-6.01725770042681,19.90850159,29.1592192618342,33.1115590147738,59.4267441458047,47.957539862481,19.1946886234521,11.5294940870994,10.120585632019,9.13815614147536,34.6326818160814,16.62920237,63.365925907408,6.816071297,9.10963040656985,3.04444104679746,76.6439458344137,14.1876612718289,5.97986547822109,0.893390369273761,1.45685468631836,1.168994618,23.1737111346546,0.191960935445836,0.196137697944443,0.934917498746087,0.787379489841255,0.924123129272615,0.0165182497037251,0.988869296068101,2.24,3.22,3.071,1,"noRScoretop_seds_2over3under10_deep_144","noRScoretop_seds_2over3under10_deep"
"994",-5.47053112405261,19.90850159,29.0784514820167,33.1108251060809,59.4267441458047,47.957539862481,19.2676810595143,11.5457998456558,10.120585632019,9.13815614147536,34.6332448845313,16.62920237,63.3658728955673,6.816071297,9.10528476219874,3.04260008600661,76.6184983887676,14.1875631249798,5.06252969786018,0.892881996138972,1.34799207031372,1.168994618,23.17356607435,0.191960935445836,0.196085346,0.934853264957668,0.787379489841255,0.926089703786176,0.0165182497037251,0.988869296068101,2.24,3.22,3.071,1,"noRScoretop_seds_2over3under10_deep_145","noRScoretop_seds_2over3under10_deep"
"995",-6.01725770042681,19.90850159,29.0766527162222,33.1108286422066,59.4267441458047,47.957539862481,19.1953839303285,11.529115995826,10.120585632019,9.13815614147536,34.6326233615047,16.62920237,63.366195786658,6.816071297,9.10533531772385,3.04444104679746,76.6412206565155,14.1875631249798,5.99722747208527,0.893383295190179,1.45178116857129,1.168994618,23.6067292358769,0.191960935445836,0.196176369677196,0.937504538218161,0.787379489841255,0.924088295385661,0.0165182497037251,0.988869296068101,2.24,3.22,3.085,1,"noRScoretop_seds_2over3under10_deep_146","noRScoretop_seds_2over3under10_deep"
"996",-6.01725770042681,19.90850159,29.0816649730122,33.1108286422066,59.4267441458047,47.957539862481,19.1953839303285,11.5456529777008,10.120585632019,9.13815614147536,34.633249012133,16.62920237,63.3662036741984,6.816071297,9.10533531772385,3.04444104679746,76.6412206565155,14.1875631249798,5.99722747208527,0.892880947502958,1.45178116857129,1.168994618,23.6074326442715,0.191960935445836,0.196176369677196,0.937508003474724,0.787379489841255,0.925870179936154,0.0165182497037251,0.988869296068101,2.24,3.22,3.087,1,"noRScoretop_seds_2over3under10_deep_147","noRScoretop_seds_2over3under10_deep"
"997",-6.01725770042681,19.90850159,29.159254538389,33.1108280437984,59.4267441458047,47.957539862481,19.1953252908477,11.529115995826,10.120585632019,9.13815614147536,34.6326233615047,16.62920237,63.3561763178341,6.816071297,9.10536805101485,3.04444104679746,76.6412206565155,14.1875631249798,5.97987495914137,0.893383295190179,1.45819314190096,1.168994618,23.6067292358769,0.191960935445836,0.196019253511101,0.934997614351956,0.787379489841255,0.916894478668127,0.0165182497037251,0.988869296068101,2.24,3.22,3.09,1,"noRScoretop_seds_2over3under10_deep_148","noRScoretop_seds_2over3under10_deep"
"998",-6.01725770042681,19.90850159,29.159254538389,33.1108280437984,59.4267441458047,47.957539862481,19.1953252908477,11.5289423203067,10.120585632019,9.13815614147536,34.6326233615047,16.62920237,63.3679814186712,6.816071297,9.10536805101485,3.04444104679746,76.6459742857415,14.1875631249798,5.97987495914137,0.893383295190179,1.45819314190096,1.168994618,23.6137798805782,0.191960935445836,0.196019253511101,0.935027320674524,0.787379489841255,0.916894478668127,0.0165182497037251,0.988869296068101,2.24,3.22,3.092,1,"noRScoretop_seds_2over3under10_deep_149","noRScoretop_seds_2over3under10_deep"
"999",-6.01725770042681,19.90850159,29.1549643264578,33.1108280437984,59.4267441458047,47.957539862481,19.1953211654477,11.5452438505749,10.120585632019,9.13815614147536,34.6326233615047,16.62920237,63.3561102648363,6.816071297,9.10547828427448,3.04444104679746,76.6457594061844,14.1875631249798,5.99579818371422,0.893383295190179,1.45818613897647,1.168994618,23.5946790924733,0.191960935445836,0.196019253511101,0.934997614351956,0.787379489841255,0.916894478668127,0.0165182497037251,0.988869296068101,2.24,3.22,3.093,1,"noRScoretop_seds_2over3under10_deep_150","noRScoretop_seds_2over3under10_deep"
"1000",-4.93468944282657,23.0465190438983,34.4313527451415,37.2208007309766,69.0857547818688,55.0954350184776,21.3975577169774,11.0978931537438,12.8572814157119,10.8780206494605,43.3777437773265,17.1272731772795,65.7914225093341,6.71161230533117,8.32798093224847,3.92060657996892,74.7473215922432,15.6756902768218,3.93211374556276,0.138169249642475,0.138364909300503,0.0710219527809549,18.0275341112762,0.236428069840493,0.139697272042928,0.446246015355575,0.693370007098157,0.968478518795104,0.00817726699948096,0.322730246860089,2.43,2.7,3.6,1,"noRSnocoldcoretop_allseds_sst_1","noRSnocoldcoretop_allseds_sst"
"1001",-5.24892985507176,22.5785291587502,34.4390000285009,37.1289021632248,69.083365865429,55.0252696321509,21.9807378026645,11.0504434236093,13.148600481655,10.8780206494605,43.3126400417214,18.4876865130761,65.7914225093341,6.02748274684751,8.32913968409048,3.93090937431255,74.7456963995863,15.676900262223,3.93573271844734,0.168687754190139,0.0711718376721844,0.0549225732631514,17.9759818475562,0.236428069840493,0.139709434570987,0.446287900908669,0.693369972043731,0.969383392198338,0.00817726699948096,0.365225633600312,2.55,2.71,3.377,1,"noRSnocoldcoretop_allseds_sst_2","noRSnocoldcoretop_allseds_sst"
"1002",-4.93468944282657,23.0465190438983,34.4313527451415,37.2008813160245,69.0857547818688,55.11062488,21.9807378026645,11.0504434236093,12.8572814157119,10.8780206494605,43.3774697816473,18.4876865130761,65.7914225093341,6.00059422974224,8.32913968409048,3.93090937431255,74.7473215922432,15.6756902768218,3.93402108285175,0.138169249642475,0.138364909300503,0.0710219527809549,18.0275341112762,0.236428069840493,0.139744340721521,0.446246015355575,0.693370007098157,0.968478518795104,0.00817726699948096,0.323294222886335,2.56,2.71,3.308,1,"noRSnocoldcoretop_allseds_sst_3","noRSnocoldcoretop_allseds_sst"
"1003",-4.93468944282657,23.1204505538164,34.7458045900748,39.2433510050647,69.0833326026842,55.11062488,21.4063101936167,11.0961411447094,12.8550604898667,15.1313820710437,43.3619531371197,18.079419612359,65.7881397336916,6.51862861458397,8.05272809725362,3.93098849979249,74.7457377038444,18.3107129810726,3.93391337662231,0.133543779079429,0.141950370898166,0.1178969097376,18.0312222061139,0.236428069840493,0.139730109252672,0.446191525067336,0.667770303695349,0.881729582311517,0.00591178232045048,0.323797780107426,2.72,2.71,2.928,1,"noRSnocoldcoretop_allseds_sst_4","noRSnocoldcoretop_allseds_sst"
"1004",-4.98571833420997,22.9180005157082,34.3934881420754,37.5651017207566,69.1413933103272,56.111705047871,21.4063101936167,10.8722121943091,12.8606479236022,11.0758735149053,43.9793261806035,18.0955739522113,65.7914225093341,6.50643920414092,8.04215160083878,3.91587929670645,74.8183918192482,18.3164635654977,3.921158451841,0.307418019163591,0.141946128025976,0.119474210573552,18.898967488898,1.50419787169428,0.139709434570987,0.442678731246199,0.669620875844993,0.856730539608084,0.00783067179196861,0.368434669621524,2.83,2.71,3.039,1,"noRSnocoldcoretop_allseds_sst_5","noRSnocoldcoretop_allseds_sst"
"1005",-4.93469167734999,23.120487215655,34.8064060304621,39.2973161304195,69.0857547818688,55.1053801816083,21.4063101936167,10.1231696586181,12.8589077140658,10.8780206494605,43.3676352169656,20.5723939086807,65.7914225093341,6.73642324962758,8.036505170431,3.93090937431255,74.7473215922432,17.9294220976895,3.93242080990075,0.138096332881446,0.142598335533672,0.0710932859609646,18.0275341112762,0.236968974494831,0.139709434570987,0.446317379270824,0.693372915550008,0.883398189934413,0.00774958240209882,0.36518942238224,3.2,2.71,2.919,1,"noRSnocoldcoretop_allseds_sst_6","noRSnocoldcoretop_allseds_sst"
"1006",-4.93468944282657,23.0465190438983,34.4390000285009,37.1289021632248,69.083365865429,55.11062488,21.9807378026645,11.0504434236093,12.8572814157119,10.8780206494605,43.3721630991484,18.4876865130761,65.7914225093341,6.00059422974224,8.32913968409048,3.93090937431255,74.7456963995863,15.6756902768218,3.93402108285175,0.168687754190139,0.141747334429301,0.0710219527809549,18.0275341112762,0.236428069840493,0.139709434570987,0.446293272928359,0.693369972043731,0.968349159070981,0.00817726699948096,0.365225633600312,2.56,2.72,3.302,1,"noRSnocoldcoretop_allseds_sst_7","noRSnocoldcoretop_allseds_sst"
"1007",-4.93468944282657,23.0465190438983,34.4313527451415,37.1289021632248,69.0857547818688,55.11062488,21.9807378026645,11.0504434236093,12.8572814157119,10.8780206494605,43.1038849741652,18.4876865130761,65.7914225093341,6.00059422974224,8.32913968409048,3.93090937431255,74.7473215922432,15.6756902768218,3.93402108285175,0.168687754190139,0.138364909300503,0.0710219527809549,18.0275341112762,0.236428069840493,0.139709434570987,0.446293272928359,0.693369972043731,0.968478518795104,0.00817726699948096,0.36518942238224,2.56,2.72,3.35,1,"noRSnocoldcoretop_allseds_sst_8","noRSnocoldcoretop_allseds_sst"
"1008",-4.93468944282657,23.1204653695015,34.8578729167587,37.5913098640232,69.1472671582401,54.9083110172838,21.4063101936167,11.0965016991801,12.8606557642462,11.0922041882145,44.2038122420474,17.0853404474856,65.787330573003,6.71411159682482,8.40837988353279,3.91843593578088,74.7510620616543,18.3088905957732,3.91972547027312,0.138182138060261,0.141946128025976,0.0302470390721099,18.0275341112762,0.236428069840493,0.139709434570987,0.445381913926537,0.693372915550008,0.883397153982005,0.00591178232045048,0.359449227309874,2.57,2.72,2.964,1,"noRSnocoldcoretop_allseds_sst_9","noRSnocoldcoretop_allseds_sst"
"1009",-4.93468944282657,23.1218346986797,34.8709041573514,37.4689928967417,69.0569571566626,55.11062488,21.4063101936167,11.0965016991801,12.8562240892272,11.0758735149053,43.1863295467517,18.0955739522113,65.7914354454453,6.74930061003255,8.04675248987531,3.91587929670645,74.8183918192482,18.3164635654977,3.92074713972539,0.13776778112843,0.141946128025976,0.0973324423078187,20.6028330484577,0.256198267260185,0.139709434570987,0.446147588872457,0.667310093705243,0.856730539608084,0.00777185401375996,0.362240805418533,2.69,2.72,2.956,1,"noRSnocoldcoretop_allseds_sst_10","noRSnocoldcoretop_allseds_sst"
"1010",-5.17133590312597,23.1218383142122,34.8709041573514,37.5651017207566,69.1395852077971,55.11062488,21.4063101936167,11.0965016991801,12.8606479236022,11.0758735149053,43.1863295467517,18.0955739522113,65.8029889451468,6.50643920414092,8.04215160083878,3.91587929670645,74.8183918192482,18.3164635654977,3.9344959562789,0.141917514846918,0.141946128025976,0.119474210573552,20.609253196577,0.236615999221308,0.139709434570987,0.446287953685913,0.667960890519669,0.85563514901421,0.00784242733492115,0.362240805418533,2.69,2.72,2.966,1,"noRSnocoldcoretop_allseds_sst_11","noRSnocoldcoretop_allseds_sst"
"1011",-5.03141015150872,23.1204412420388,34.7809903670633,39.2969119802709,69.064279396792,55.11062488,21.4367142302534,11.0965016991801,12.8572329908653,10.8779391434404,43.3619968140716,18.5084115282794,65.788250200548,6.74793407683933,8.44511803168063,3.93520112451507,74.7473215922432,17.9628315258295,3.93679679099935,0.137940362450276,0.142414886608587,0.0713252858620329,18.8765808681757,0.236428069840493,0.140370966529682,0.446187284678314,0.69354698529783,0.883398189934413,0.0059382874744954,0.323080629657246,2.69,2.72,2.968,1,"noRSnocoldcoretop_allseds_sst_12","noRSnocoldcoretop_allseds_sst"
"1012",-4.93468944282657,23.1218724215509,34.8709041573514,37.5333366707264,69.1413193283274,55.11062488,21.4374549700698,11.0965016991801,12.8606479236022,11.0758735149053,43.1863295467517,18.0955739522113,65.7914225093341,6.51688542402894,8.03961597671043,3.935210456053,74.8183918192482,18.3164635654977,3.93384947230689,0.137946681483069,0.141946128025976,0.11863909209919,20.6028330484577,0.255645513011076,0.139709434570987,0.446147588872457,0.667960890519669,0.884377167239609,0.00783067179196861,0.362240805418533,2.7,2.72,2.953,1,"noRSnocoldcoretop_allseds_sst_13","noRSnocoldcoretop_allseds_sst"
"1013",-4.93468944282657,23.12184091144,34.8709041573514,37.5651017207566,69.1413933103272,55.11062488,21.4063101936167,11.0965016991801,12.8606479236022,11.0758735149053,43.1863295467517,18.0955739522113,65.7914225093341,6.50643920414092,8.04215160083878,3.91587929670645,74.8183918192482,18.3164635654977,3.921158451841,0.141917514846918,0.141946128025976,0.119474210573552,20.6028330484577,0.255645513011076,0.139709434570987,0.446147588872457,0.667960890519669,0.856730539608084,0.00783067179196861,0.362240805418533,2.7,2.72,2.953,1,"noRSnocoldcoretop_allseds_sst_14","noRSnocoldcoretop_allseds_sst"
"1014",-5.17133590312597,23.12184091144,34.8709041573514,37.5651017207566,69.1413933103272,55.11062488,21.4063101936167,11.0965016991801,12.8606479236022,11.0758735149053,43.1863295467517,18.0955739522113,65.7914225093341,6.50643920414092,8.04215160083878,3.91587929670645,74.8183918192482,18.3164635654977,3.921158451841,0.141917514846918,0.141946128025976,0.119474210573552,20.6028330484577,0.255645513011076,0.139709434570987,0.446147588872457,0.667960890519669,0.856730539608084,0.00783067179196861,0.362240805418533,2.7,2.72,2.966,2,"noRSnocoldcoretop_allseds_sst_15","noRSnocoldcoretop_allseds_sst"
"1015",-4.93468944282657,23.124876103983,33.0344613756133,39.3439951334835,69.1953893773089,56.5376305573571,21.3934607004929,11.0155260378823,12.8828506292644,10.9917137978363,43.3627785806352,18.3748030345961,65.6991517164877,6.47225386562069,8.0378722597346,3.94195037529811,74.7473215922432,17.9512302353026,1.48484363776035,0.137940362450276,0.151340302065565,0.0714007700286214,18.0163385697408,0.236428069840493,0.139701762431611,0.446288161583117,0.693546961447077,0.970757153024747,0.000416715538224671,0.365257029083442,2.47,2.73,4,2,"noRSnocoldcoretop_allseds_sst_16","noRSnocoldcoretop_allseds_sst"
"1016",-4.93468944282657,22.7770826554235,33.0344613756133,39.3439951334835,69.1953893773089,56.4935441167691,21.3930429042574,11.0155260378823,12.8828506292644,10.9835941807615,43.3627781691475,18.3879351162941,65.7914225093341,6.4706872785632,8.03964371814406,3.94195037529811,74.7473215922432,18.3164886332702,1.48484363776035,0.137940362450276,0.151340302065565,0.0718218706739397,18.0165186022158,0.236428069840493,0.139701762431611,0.446288161583117,0.69354698529783,0.970757153024747,0.0614400262492901,0.365257029083442,2.5,2.73,3.903,2,"noRSnocoldcoretop_allseds_sst_17","noRSnocoldcoretop_allseds_sst"
"1017",-4.89027798979627,22.9134628399916,34.4313527451415,37.1289021632248,69.0857547818688,55.11062488,21.9807378026645,11.0504434236093,12.8960744719045,10.8760367974913,43.1038849741652,18.4876865130761,65.7914225093341,6.00605099361462,8.32913968409048,3.94698032744248,72.8915912020655,15.6680976722917,3.93402108285175,0.168687754190139,0.138364909300503,0.0710219527809549,17.914606493263,0.23577405265883,0.139709434570987,0.446293272928359,0.710473029458077,0.968478518795104,0.00817726699948096,0.377409447193928,2.58,2.73,3.906,2,"noRSnocoldcoretop_allseds_sst_18","noRSnocoldcoretop_allseds_sst"
"1018",-4.93467316164539,23.1204412420388,33.0225037993267,39.3439951334835,69.064279396792,55.1105613768348,21.4366642745737,10.1397985940379,12.8550949039872,10.8779391434404,43.3621220346424,18.5084115282794,65.7914225093341,6.74793407683933,8.03964371814406,3.93520112451507,74.7473215922432,18.3106116996877,3.93412700001858,0.137768247796103,0.142414886608587,0.0711313092161439,17.985883427593,0.236428069840493,0.140370966529682,0.448210829022697,0.693367051189933,0.883398189934413,0.00780177338818393,0.363170662852661,2.66,2.73,2.956,1,"noRSnocoldcoretop_allseds_sst_19","noRSnocoldcoretop_allseds_sst"
"1019",-4.93468944282657,23.1218626273183,34.7458045900748,39.2433510050647,69.0833326026842,55.11062488,21.4063101936167,11.0961411447094,12.8572814157119,15.0382669532048,43.3652462979087,18.0761790470446,65.7881397336916,6.51862861458397,8.45141526497339,3.93090937431255,74.7457377038444,18.3164605104827,3.93391337662231,0.133543779079429,0.141946128025976,0.1178969097376,18.0312222061139,0.236428069840493,0.139709434570987,0.446293272928359,0.667770303695349,0.857102398295332,0.00591178232045048,0.359449227309874,2.69,2.73,2.929,1,"noRSnocoldcoretop_allseds_sst_20","noRSnocoldcoretop_allseds_sst"
"1020",-4.93468944282657,23.1218440984159,34.8981860364977,37.5577236860074,69.1413933103272,55.108402734835,21.4063101936167,10.1381808987354,12.8553154203612,11.0758735149053,43.1863295467517,18.0955739522113,65.7914225093341,6.50643920414092,8.04215160083878,3.9150185597298,74.8183918192482,18.3164635654977,3.921158451841,0.133009442618164,0.141946128025976,0.794618658553864,20.6172232450663,0.255861214151669,0.139709434570987,0.446237756822369,0.667960890519669,0.856730539608084,0.00783067179196861,0.365611356422011,2.74,2.73,2.937,2,"noRSnocoldcoretop_allseds_sst_21","noRSnocoldcoretop_allseds_sst"
"1021",-4.88525182918327,23.1221996002849,32.9356479634801,39.3439951334835,69.0857547818688,55.11062488,21.4063101936167,8.23810935557185,12.8572814157119,10.8780206494605,43.4716808918949,18.4994999592614,65.7914225093341,6.73723925155013,8.04215160083878,3.91846905528103,74.7473215922432,18.3164635654977,5.16751072912307,0.137940362450276,0.161375590770914,0.0710219527809549,17.9399865288415,0.298160902234944,0.139709434570987,0.446293272928359,0.693372915550008,0.883398189934413,0.0183207109304684,0.36518942238224,2.76,2.73,2.912,1,"noRSnocoldcoretop_allseds_sst_22","noRSnocoldcoretop_allseds_sst"
"1022",-4.93468944282657,23.12184091144,32.9278640046686,37.6188080692762,69.1438154895118,55.11062488,21.4063101936167,11.0816506669804,12.8606479236022,11.0758735149053,43.183399028049,17.1231730024945,65.7913139670692,6.5062561819583,8.03100609093002,3.91587929670645,74.819975707647,18.3118004067006,3.92126615807044,0.141869557875648,0.141946128025976,0.0333986145086338,20.6028330484577,0.255645513011076,0.139709434570987,0.446147588872457,0.693326165023701,0.883193532472192,0.00783067179196861,0.362240805418533,2.49,2.74,2.953,1,"noRSnocoldcoretop_allseds_sst_23","noRSnocoldcoretop_allseds_sst"
"1023",-4.98106184276328,23.1203727019964,32.8415396179278,37.5926320849281,69.3711477400436,55.2617714179662,21.4163961454413,9.76975575034355,12.8608887340478,11.0865446561073,43.3714838283273,17.9480559129833,66.4362301134856,6.52049517004744,8.04233515995163,3.91499439857723,75.2731877280062,18.3164635654977,3.92275191685781,1.52775850850769,0.0852988872918585,0.108879436348641,17.9229949726278,0.255842106464279,0.139709434570987,0.437494468810392,0.676087408323121,0.85977736504715,0.00783067179196861,0.357273610219544,2.53,2.74,2.9,1,"noRSnocoldcoretop_allseds_sst_24","noRSnocoldcoretop_allseds_sst"
"1024",-4.93468944282657,23.0497739706331,33.0317137443133,37.1289021632248,69.0854422807828,55.11062488,21.9800167899925,11.0971149462234,12.8572814157119,10.8780206494605,43.0931104977243,18.4876865130761,65.7914225093341,5.94622516311973,8.32913968409048,3.93090937431255,74.7473215922432,15.6756902768218,3.93402108285175,0.168687754190139,0.138364909300503,0.0698575416487248,18.0275341112762,0.236428069840493,0.139709434570987,0.448082027855199,0.693369972043731,0.965916438740256,0.00817519707379143,0.364987530681706,2.53,2.74,3.401,1,"noRSnocoldcoretop_allseds_sst_25","noRSnocoldcoretop_allseds_sst"
"1025",-4.93468944282657,23.12184091144,33.0312964209252,37.5651017207566,69.1411785657551,55.11062488,21.4063101936167,11.0965016991801,12.8606479236022,11.0758735149053,43.1863295467517,18.0955739522113,65.7914225093341,6.50150651999189,8.04215160083878,3.91587929670645,74.818228762292,18.3164635654977,3.92106231435371,0.141852311568044,0.14192869637577,0.0640701764249105,18.8657767589319,0.255645513011076,0.140372945722987,0.446147588872457,0.666848753504472,0.882994227477442,0.00783067179196861,0.362271416525902,2.57,2.74,2.913,1,"noRSnocoldcoretop_allseds_sst_26","noRSnocoldcoretop_allseds_sst"
"1026",-4.9346530186368,22.58509086378,35.0405186879841,37.5913098640232,69.1472671582401,55.1100856058472,21.411134953096,11.0965016991801,12.8606557642462,11.029780113124,44.2038122420474,17.0853404474856,65.7854886886491,6.71411159682482,8.03735257619623,3.93077428593197,74.7510620616543,18.3088905957732,3.91972547027312,0.137940027989085,0.141946128025976,0.0302470390721099,18.0288262793104,0.236428069840493,0.139709434570987,0.44533030295789,0.693372915550008,0.883397153982005,0.00790690113539232,0.360813081182175,2.62,2.74,3.006,2,"noRSnocoldcoretop_allseds_sst_27","noRSnocoldcoretop_allseds_sst"
"1027",-4.93467316164539,23.1204412420388,33.0175696896892,39.3439951334835,69.064279396792,55.11062488,21.4367383839611,11.0965016991801,12.8572734255597,10.8779391434404,43.3619968140716,18.5084115282794,65.7914225093341,6.73672917661312,8.03960103204193,3.93095315134353,74.7473215922432,18.310533327041,3.93402108285175,0.137940362450276,0.142414886608587,0.0698837908373794,18.8904238186758,0.236428069840493,0.140370966529682,0.448171037404946,0.693547139787019,0.883398189934413,0.00780177338818393,0.364988218944178,2.64,2.74,2.85,1,"noRSnocoldcoretop_allseds_sst_28","noRSnocoldcoretop_allseds_sst"
"1028",-4.93467316164539,23.1204412420388,33.0175696896892,39.3439951334835,69.064279396792,55.11062488,21.4367383839611,11.0965016991801,12.8572734255597,10.8779391434404,43.3619968140716,18.5084115282794,65.701877766535,6.73672917661312,8.03960103204193,3.93095315134353,74.7473215922432,18.310533327041,3.93402108285175,0.137940362450276,0.142388922066546,0.031680726760486,18.8904238186758,0.236428069840493,0.140370966529682,0.448299963951034,0.693547139787019,0.883398189934413,0.00784521615809019,0.364972880963373,2.64,2.74,2.857,1,"noRSnocoldcoretop_allseds_sst_29","noRSnocoldcoretop_allseds_sst"
"1029",-4.93467316164539,23.1204412420388,33.0175696896892,39.2720159806838,69.064279396792,55.11062488,21.4367142302534,11.0965016991801,12.8550949039872,10.8779391434404,43.0884120065894,18.5084115282794,65.7914225093341,6.74793407683933,8.03964371814406,3.93520112451507,74.7473215922432,18.3104964532751,3.93402108285175,0.168458866997941,0.142414886608587,0.0698837908373794,18.8904238186758,0.236428069840493,0.140336060379148,0.44825808659548,0.693546950243404,0.883398189934413,0.00780177338818393,0.364418966365745,2.64,2.74,2.866,1,"noRSnocoldcoretop_allseds_sst_30","noRSnocoldcoretop_allseds_sst"
"1030",-4.93468944282657,23.1218626273183,34.6527014401874,39.2433510050647,69.0833326026842,55.11062488,21.4063101936167,11.0961411447094,12.8572814157119,15.0886720890104,43.3652462979087,18.0761790470446,65.788202280049,6.52065627754614,8.45552211337407,3.93090937431255,74.7472911345279,18.3164605104827,3.93391342058292,0.138098329471242,0.141946128025976,0.120812509778637,18.0312222061139,0.236428069840493,0.139709434570987,0.446293272928359,0.69341122994591,0.883216206167242,0.00779117849015579,0.359449227309874,2.68,2.74,2.917,1,"noRSnocoldcoretop_allseds_sst_31","noRSnocoldcoretop_allseds_sst"
"1031",-4.93467316164539,23.117186315304,34.4172086905175,39.3439951334835,69.0645918978779,55.11062488,21.4374593966331,11.049830176566,12.8572734255597,10.8779391434404,43.3727712905125,18.5084115282794,65.7914225093341,6.79109824323599,8.03960103204193,3.93095315134353,74.7473215922432,18.310533327041,3.93402108285175,0.137940362450276,0.142414886608587,0.0710482019696095,18.8904238186758,0.236428069840493,0.140370966529682,0.446382282478106,0.693547139787019,0.885960261635239,0.00780384331387346,0.365190110644712,2.74,2.74,2.914,1,"noRSnocoldcoretop_allseds_sst_32","noRSnocoldcoretop_allseds_sst"
"1032",-4.93468944282657,23.134878042479,33.0344613756133,39.3439951334835,69.1968985650745,56.4935441167691,21.3930429042574,11.0373931783744,12.8831838579662,10.9835941807615,43.3627781691475,20.6514712124769,65.7909797130764,6.73196864699874,8.03964371814406,3.95359664035946,74.7326245946471,18.3164886332702,3.84502291218948,0.137940362450276,0.151340302065565,0.0676471663098316,18.0275709254112,0.236428069840493,0.139701762431611,0.446288161583117,0.69354698529783,0.970757153024747,0.0611770075519073,0.365257029083442,2.88,2.74,2.839,1,"noRSnocoldcoretop_allseds_sst_33","noRSnocoldcoretop_allseds_sst"
"1033",-4.93468944282657,23.12184091144,32.7481170906893,37.5651017207566,69.1413933103272,55.11062488,21.4063101936167,11.0965016991801,12.8572936524644,11.0758735149053,43.1863295467517,17.1069686597971,65.7914225093341,6.50643920414092,8.04215160083878,3.91588447374512,74.8183918192482,17.9384209951084,3.92096043606018,0.141557198727665,0.141946128025976,0.0219923452428995,20.6028330484577,0.255645513011076,0.139709434570987,0.446292249891297,0.66754970435322,0.882471017737444,0.00589477108070258,0.362240805418533,2.47,2.75,3.022,1,"noRSnocoldcoretop_allseds_sst_34","noRSnocoldcoretop_allseds_sst"
"1034",-4.93468944282657,23.1218467388398,32.7972010037522,37.6330847898767,69.0856709949023,55.11062488,21.4063101936167,11.0964531845907,12.8606392373997,11.0758735149053,43.3573007197324,17.1042357335713,65.7913139670692,6.50429933657057,8.03100609093002,3.93103138978275,74.819975707647,18.3118004067006,3.92126615807044,0.141900518227696,0.141946128025976,0.0333986145086338,18.0356996818929,0.255645513011076,0.139709434570987,0.446147588872457,0.693326165023701,0.883193532472192,0.00783067179196861,0.362240805418533,2.49,2.75,3.102,1,"noRSnocoldcoretop_allseds_sst_35","noRSnocoldcoretop_allseds_sst"
"1035",-4.98106184276328,23.12184091144,32.8415396179278,37.5926320849281,69.1499370543472,55.4347976104977,21.4163961454413,11.114817366146,12.8608887340478,11.0865446561073,43.3714838283273,18.029917982341,65.7914225093341,6.52049517004744,8.04233515995163,3.91499439857723,75.2731877280062,18.3164635654977,3.92085786602845,0.133492829197568,0.0852988872918585,0.108879436348641,17.9229949726278,0.255842106464279,0.139709434570987,0.446293272928359,0.67215921403181,0.85977736504715,0.00783067179196861,0.35576823121724,2.52,2.75,2.913,1,"noRSnocoldcoretop_allseds_sst_36","noRSnocoldcoretop_allseds_sst"
"1036",-4.98106184276328,23.1264358397501,32.8399984481949,37.5926320849281,69.1547540110604,55.4347976104977,21.4863092849581,11.0965335877183,12.8608887340478,11.0865446561073,43.3714838283273,18.029917982341,65.7914225093341,6.52049517004744,8.04233515995163,3.93573584861933,75.2786332893155,18.3164635654977,3.92014702003823,0.133492829197568,0.0852988872918585,0.108879436348641,17.9229949726278,0.255842106464279,0.139709434570987,0.446293272928359,0.67215921403181,0.85977736504715,0.00783067179196861,0.35576823121724,2.53,2.75,2.884,1,"noRSnocoldcoretop_allseds_sst_37","noRSnocoldcoretop_allseds_sst"
"1037",-4.93467316164539,23.1218871578533,33.022584404431,39.3439951334835,69.1374721554795,55.11062488,21.4355931752005,11.0965016991801,12.8603043285184,10.8779391434404,43.3621736117297,18.0943410550616,65.7914225093341,6.74793407683933,8.03964371814406,3.93520112451507,74.8183941081052,18.3103441861269,3.92120970640061,0.137956956224149,0.142414886608587,0.119407179759508,18.8904238186758,0.236428069840493,0.140370966529682,0.448210829022697,0.66805919756262,0.883398189934413,0.00780177338818393,0.362176130101626,2.58,2.75,2.858,1,"noRSnocoldcoretop_allseds_sst_38","noRSnocoldcoretop_allseds_sst"
"1038",-4.93453610274009,23.1204412420388,33.0175696896892,39.3439951334835,69.0691200018824,55.11062488,21.4381634186697,11.1246466665812,12.8550949039872,10.9498177709359,43.3619968140716,18.5084115282794,65.7914225093341,6.73748798852788,8.03964371814406,3.93520112451507,74.7473215922432,18.3104964532751,3.93402108285175,0.137940362450276,0.142414886608587,0.0698837908373794,18.8863079864965,0.236428069840493,0.140370966529682,0.448243238413442,0.693544887815805,0.883398189934413,0.00780177338818393,0.325062401082518,2.64,2.75,2.847,1,"noRSnocoldcoretop_allseds_sst_39","noRSnocoldcoretop_allseds_sst"
"1039",-4.93468944282657,22.7791707353544,32.7971259746884,39.3439951334835,69.1953893773089,55.1571861603151,21.4061495999877,11.0960140595831,12.8828506292644,10.9835941807615,43.3627781691475,18.2673253735396,65.7914225093341,6.46606351721697,8.03964371814406,3.93074627482579,74.7473215922432,18.3111657780401,1.48484363776035,0.137940362450276,0.141745496013981,0.0718218706739397,18.0275997856951,0.236428069840493,0.139701762431611,0.446288161583117,0.69354698529783,0.970757153024747,0.0062277548222097,0.365257029083442,2.58,2.76,3.732,2,"noRSnocoldcoretop_allseds_sst_40","noRSnocoldcoretop_allseds_sst"
"1040",-4.93467329872706,23.1121553717367,33.0175649365262,39.3439951334835,69.3075425719331,55.2081683926081,21.4863951715203,10.0856621434456,13.1211893707442,13.8833696186965,43.3619968140716,18.4824174994604,65.7913684133644,6.74825340623611,8.03927619439463,3.93577294858559,74.7473215922432,18.3159696741654,3.97288281591854,0.137940362450276,0.138984675975215,0.0675433076925438,18.0319081103045,0.236428069840493,0.13977746906836,0.446347740096699,0.693381371040688,0.883415114301346,0.00779483397387572,0.322772636582153,2.63,2.76,2.795,1,"noRSnocoldcoretop_allseds_sst_41","noRSnocoldcoretop_allseds_sst"
"1041",-4.93453623982176,23.1121553717367,33.0175649365262,39.3439951334835,69.3123831770234,55.2081683926081,21.4878443599366,10.1138071108467,13.1211893707442,13.955248246192,43.3619968140716,18.4824174994604,65.7913684133644,6.73780731792466,8.03927619439463,3.93577294858559,74.7473215922432,18.3159696741654,3.97288281591854,0.137940362450276,0.138984675975215,0.0675433076925438,18.0277922781252,0.236428069840493,0.13977746906836,0.446380149487444,0.693379273558663,0.883415114301346,0.00779483397387572,0.325311270794831,2.64,2.76,2.793,1,"noRSnocoldcoretop_allseds_sst_42","noRSnocoldcoretop_allseds_sst"
"1042",-5.06906388117516,23.1204653695015,32.8031697750584,39.3439951334835,69.0857547818688,55.11062488,21.4063101936167,11.0965016991801,12.8826611065698,10.8780206494605,43.3619968140716,18.4876865130761,65.7914225093341,6.54775494934062,8.04981897013553,3.93090937431255,74.7473215922432,15.4209927849021,3.93402108285175,0.137940362450276,0.141946128025976,0.0710219527809549,18.0233205235262,0.236428069840493,0.139709434570987,0.446293272928359,0.693341297630358,0.883398189934413,0.0077838503122533,0.365108184413701,2.41,2.77,3.641,1,"noRSnocoldcoretop_allseds_sst_43","noRSnocoldcoretop_allseds_sst"
"1043",-4.93468944282657,23.1204653695015,34.4933903940628,39.3439951334835,69.0857547818688,55.0826193263975,21.5332983806893,11.0965016991801,12.8498188488036,13.9629250768423,45.4383020874195,18.4876865130761,65.7914225093341,7.24476838777057,8.41476200747835,3.91792985959622,74.7473215922432,14.2317080260751,3.93402108285175,0.137940362450276,0.136995792130517,0.0710219527809549,18.027486963598,0.257373357911012,0.139709434570987,0.446293272928359,0.683607983408222,0.88404602208878,0.0192113918644977,0.357119609699838,2.42,2.77,3.455,1,"noRSnocoldcoretop_allseds_sst_44","noRSnocoldcoretop_allseds_sst"
"1044",-2.93059855749496,23.1204653695015,32.8079067654059,39.4750532679868,69.060671721374,54.9079968541941,21.4063101936167,11.0451974944786,12.8582851630038,11.6124346478599,44.2518703262858,17.0920511801712,65.6014295642115,6.48477066875082,8.47508316673083,3.91837874120756,74.7473215922432,15.5386337599403,1.42616114594764,0.138182138060261,0.141946128025976,0.0256587747549792,18.0275341112762,0.249058146285585,0.139709434570987,0.445381913926537,0.693372915550008,0.970554024534345,0.00719037982697107,0.359449227309874,2.44,2.77,3.942,2,"noRSnocoldcoretop_allseds_sst_45","noRSnocoldcoretop_allseds_sst"
"1045",-4.93468944282657,23.12184091144,32.9278640046686,39.4277756720815,69.1438154895118,55.11062488,21.4063101936167,11.0816506669804,12.8572816879872,11.0744463247717,43.183399028049,17.1231730024945,65.7913139670692,6.72667261661194,8.03058581507224,3.93125072788177,74.819975707647,18.3118004067006,3.92126615807044,0.141869557875648,0.142433237179653,0.0333986145086338,20.6435808860341,0.236310663717343,0.139709434570987,0.446147588872457,0.693326165023701,0.883194066161584,0.00783067179196861,0.362240805418533,2.49,2.77,2.94,1,"noRSnocoldcoretop_allseds_sst_46","noRSnocoldcoretop_allseds_sst"
"1046",-4.93485599337993,22.5893448470115,33.1050438546043,39.2953556479713,69.3050546078583,55.1106655464017,21.4025782681962,11.0444727465535,12.8645873737482,13.8638033270404,43.3619968140716,18.4867913303927,65.7854640215697,6.73823763201008,8.03930037593499,3.93090937431255,74.741273917517,18.315980862384,3.91902275757874,0.159427411670234,0.138975227185148,0.145725844596447,17.9548273651528,0.236428069840493,0.13977746906836,0.452159024625939,0.693153221027717,0.883654869030871,0.0078531705103137,0.325311270794831,2.64,2.77,2.781,1,"noRSnocoldcoretop_allseds_sst_47","noRSnocoldcoretop_allseds_sst"
"1047",-4.93468944282657,23.1355255810332,33.0326583783128,39.3439951334835,69.1968985650745,55.0065289207024,21.3930429042574,11.0955794540703,12.8831838579662,10.9835941807615,43.3627781691475,20.5909076759,65.7922439142508,6.73196864699874,8.03964371814406,3.95359664035946,74.7327447996502,18.3164886332702,3.93519190827988,0.137940362450276,0.151340302065565,0.0676471663098316,18.0275709254112,0.236428069840493,0.139701762431611,0.446288161583117,0.69337651925441,0.884368575312165,0.0611770075519073,0.365257029083442,3.12,2.77,2.923,2,"noRSnocoldcoretop_allseds_sst_48","noRSnocoldcoretop_allseds_sst"
"1048",-5.06906388117516,23.1204653695015,32.8031697750584,39.3439951334835,69.0857547818688,55.11062488,21.4063101936167,11.0965016991801,12.8583700552979,10.8780206494605,43.3619968140716,18.4876865130761,65.7906430640447,6.71508336886718,8.06160330880847,3.93090937431255,74.7473215922432,15.4209927849021,3.93402108285175,0.137940362450276,0.141946128025976,0.0710219527809549,18.027522995481,0.236428069840493,0.139709434570987,0.446293272928359,0.693341297630358,0.883398189934413,0.00589531984565711,0.365080101695315,2.41,2.78,3.614,1,"noRSnocoldcoretop_allseds_sst_49","noRSnocoldcoretop_allseds_sst"
"1049",-4.93468944282657,23.1204760040618,33.0184015867994,39.3155516886945,69.1159210545682,54.9147290845016,21.4065035368589,10.1629880960344,12.8553805087937,10.8622501150083,43.5586861290045,18.394459497787,65.7914225093341,6.74540732798984,8.43599777102378,3.93529854827424,74.7475006531701,15.6066991976607,5.03107874626624,0.133104901919301,0.142022562881058,0.794874263912364,18.0001262595474,0.249227167963413,0.139687195488068,0.457930584006778,0.693542418725616,0.88333971066907,0.00778562706670861,0.322940365498635,2.44,2.78,3.019,1,"noRSnocoldcoretop_allseds_sst_50","noRSnocoldcoretop_allseds_sst"
"1050",-4.93468944282657,23.1204760040618,33.0184015867994,39.3155516886945,69.0637803057901,54.9147290845016,21.4366214287248,10.1771060375338,12.8553805087937,10.8779011164233,43.5586861290045,18.5110801413501,65.7914225093341,6.7478695537248,8.43599777102378,3.93529854827424,74.7474981433343,15.6066991976607,5.03107874626624,0.137869687858726,0.142408492750799,0.801516300220775,18.0001262595474,0.249227167963413,0.140362293066309,0.457992060647371,0.693542418725616,0.88333971066907,0.00778562706670861,0.322522124842165,2.45,2.78,3.002,1,"noRSnocoldcoretop_allseds_sst_51","noRSnocoldcoretop_allseds_sst"
"1051",-4.33137497746065,23.1204653695015,32.8031697750584,39.3338077134631,69.0857547818688,55.11062488,21.4063101936167,10.1534005306872,12.8826611065698,10.8780206494605,43.3619968140716,18.4876865130761,65.8048870804871,6.60388390835671,8.04981897013553,3.92753963382372,74.7473215922432,15.4209927849021,3.93402108285175,0.137940362450276,0.141946128025976,0.920442491912145,18.0233205235262,0.236428069840493,0.139709446746593,0.439198705047777,0.693341297630358,0.885883292935798,0.0077838503122533,0.365116963374244,2.45,2.78,3.391,1,"noRSnocoldcoretop_allseds_sst_52","noRSnocoldcoretop_allseds_sst"
"1052",-4.93468944282657,23.1204653695015,32.8079067654059,39.4769219142629,69.060671721374,54.9079968541941,21.4063101936167,11.0965016991801,12.8572814157119,11.4006085316998,44.2568832420529,17.0853404474856,65.6016659887196,6.71411159682482,8.44535728144275,3.91837874120756,74.7473215922432,17.9384297855117,3.93402108285175,0.138182138060261,0.141946128025976,0.0318213030968235,18.0275341112762,0.236428069840493,0.139709434570987,0.445381913926537,0.693372915550008,0.883398189934413,0.00591178232045048,0.359211410775618,2.48,2.78,2.888,1,"noRSnocoldcoretop_allseds_sst_53","noRSnocoldcoretop_allseds_sst"
"1053",-4.93468944282657,23.1204653695015,32.8079067654059,39.4769219142629,69.060671721374,54.9079968541941,21.4063101936167,11.0965016991801,12.8572814157119,11.4006085316998,44.2518703262858,17.0853404474856,65.6014295642115,6.71411159682482,8.44535728144275,3.91837874120756,74.7473215922432,17.9454126350107,3.93402108285175,0.138182138060261,0.141946128025976,0.0318213030968235,18.0275341112762,0.236428069840493,0.139709434570987,0.445381913926537,0.693372915550008,0.883398189934413,0.00591178232045048,0.359449227309874,2.48,2.78,2.888,1,"noRSnocoldcoretop_allseds_sst_54","noRSnocoldcoretop_allseds_sst"
"1054",-4.93468944282657,23.1204653695015,32.8031697750584,39.2970573535843,69.0644336113948,55.11062488,21.4369083053551,11.0965016991801,12.8572814157119,11.2804794175185,43.3619968140716,17.1037780973279,65.701848158709,6.71455258745586,8.44026975506463,3.93090937431255,74.7473215922432,17.9454126350107,3.93402108285175,0.137940362450276,0.141951986805876,0.0318213030968235,18.9297158956537,0.236428069840493,0.140346571836461,0.446293272928359,0.693372915550008,0.883398189934413,0.00586655802769059,0.359304678060262,2.48,2.78,2.945,1,"noRSnocoldcoretop_allseds_sst_55","noRSnocoldcoretop_allseds_sst"
"1055",-4.98132398274823,23.1205591191996,32.8079067654059,39.5177871017246,69.1496428122062,54.9079968541941,21.4067238968844,11.0965016991801,12.8609000097403,11.0915169165974,44.2518703262858,17.0853404474856,65.5970729197171,6.71411159682482,8.04386892001808,3.91864572709905,74.7473215922432,17.9454126350107,3.93402108285175,0.138182138060261,0.141946128025976,0.0318213030968235,18.0275341112762,0.236428069840493,0.139709434570987,0.445399413971788,0.693372915550008,0.882783987024667,0.00591178232045048,0.359292137980384,2.48,2.78,3.001,1,"noRSnocoldcoretop_allseds_sst_56","noRSnocoldcoretop_allseds_sst"
"1056",-4.93467316164539,23.1204412420388,33.0175696896892,39.3439951334835,69.0855902298308,55.11062488,21.4385442741159,11.0965016991801,12.8573460404572,15.0652730219449,43.3619968140716,18.5084115282794,65.7914225093341,6.71492193306021,8.03964371814406,3.93520112451507,74.7473215922432,18.3104964532751,3.93402108285175,0.137940362450276,0.142405710792136,0.0698837908373794,18.8904238186758,0.236428069840493,0.139666405357634,0.448210829022697,0.69354698529783,0.883398189934413,0.00595247000099209,0.318919703192502,2.64,2.78,2.78,1,"noRSnocoldcoretop_allseds_sst_57","noRSnocoldcoretop_allseds_sst"
"1057",-4.33137497746065,23.1204653695015,32.8031697750584,39.3439951334835,69.0857547818688,55.11062488,21.4063101936167,11.0965016991801,12.8826611065698,10.8780206494605,43.3619968140716,18.4876865130761,65.7914225093341,6.54775494934062,8.04981897013553,3.93090937431255,74.7473215922432,15.4209927849021,3.93402108285175,0.137940362450276,0.141946128025976,0.0710219527809549,18.0233205235262,0.236428069840493,0.139709434570987,0.446293272928359,0.693341297630358,0.883398189934413,0.0077838503122533,0.365108184413701,2.43,2.79,3.449,1,"noRSnocoldcoretop_allseds_sst_58","noRSnocoldcoretop_allseds_sst"
"1058",-4.90160548111709,23.1208867287057,33.0130579720922,39.3155516886945,69.145347846265,54.9147290845016,21.4065035368589,10.1629880960344,12.8553805087937,11.4074410913365,43.5586861290045,18.394593726105,65.8135443103176,6.74540732798984,8.43599777102378,3.89621867952842,74.7475006531701,15.6066991976607,5.03107874626624,0.139233471018906,0.142022562881058,0.798880892318316,18.0001262595474,0.255692880316159,0.139687195488068,0.457930584006778,0.693542418725616,0.88333971066907,0.00779218175688739,0.322940365498635,2.45,2.79,3.002,1,"noRSnocoldcoretop_allseds_sst_59","noRSnocoldcoretop_allseds_sst"
"1059",-4.93468944282657,23.1204653695015,32.8079067654059,39.4769219142629,69.0645215561065,55.114785851171,21.4351975418812,11.0965016991801,12.8572755977753,11.4192007967974,44.2620146215473,17.0853404474856,65.7894543197423,6.7471681458295,8.44535728144275,3.91835388727126,74.7473215922432,17.9454126350107,3.93402108285175,0.138203754207927,0.141946128025976,0.0685934946986193,18.0275341112762,0.236428069840493,0.139709434570987,0.445225621559639,0.693372915550008,0.883398189934413,0.00591178232045048,0.359835016800582,2.47,2.79,2.868,1,"noRSnocoldcoretop_allseds_sst_60","noRSnocoldcoretop_allseds_sst"
"1060",-4.93468944282657,23.1204653695015,33.0193751154787,39.3441932695522,69.0637075625973,55.11062488,21.4063101936167,11.0965016991801,12.8572861362451,14.9760605339288,43.3619968140716,17.1037780973279,65.7891556319457,6.71455258745586,8.02887947378435,3.9353833100063,74.7473215922432,18.3273647259783,3.93402108285175,0.137940362450276,0.141957211967704,0.0318213030968235,18.9006018784729,0.236428069840493,0.139745540569083,0.448243966708279,0.693372915550008,0.883398189934413,0.00587211729108093,0.359740744330538,2.52,2.79,2.788,1,"noRSnocoldcoretop_allseds_sst_61","noRSnocoldcoretop_allseds_sst"
"1061",-4.93442730284161,23.1217471617419,32.8415396179278,37.5517668974664,69.0609659635149,55.4347976104977,21.4159824421736,11.114817366146,12.8572701400194,11.3956362712097,43.3714838283273,18.029917982341,65.7957791538285,6.52049517004744,8.44382352137631,3.91472741268574,75.2731877280062,18.3164635654977,3.92085786602845,0.133492829197568,0.0852988872918585,0.108879436348641,17.9229949726278,0.255842106464279,0.139709434570987,0.446275772883108,0.67215921403181,0.860391567956896,0.00783067179196861,0.355925320546731,2.52,2.79,2.828,1,"noRSnocoldcoretop_allseds_sst_62","noRSnocoldcoretop_allseds_sst"
"1062",-4.93467316164539,23.1204412420388,33.0175696896892,39.3434688144826,69.064279396792,55.11062488,21.4367142302534,11.0965016991801,12.8550949039872,15.5822988263619,43.3619968140716,18.5084115282794,65.7914225093341,6.71413327556068,8.03964371814406,3.93520112451507,74.7473215922432,17.9240527171349,3.93402108285175,0.137940362450276,0.142409528127033,0.0698837908373794,18.8926612786415,0.236428069840493,0.140370966529682,0.448210829022697,0.69354698529783,0.883398189934413,0.0078149245527649,0.32252376686984,2.61,2.79,2.77,1,"noRSnocoldcoretop_allseds_sst_63","noRSnocoldcoretop_allseds_sst"
"1063",-4.93453623982176,22.5983825403139,33.0191061062591,39.3439951334835,69.3075662203103,55.11062488,21.4179312204198,11.1147854776078,13.1225213582179,13.8461887786438,43.3619968140716,18.4824174994604,65.7854640215697,6.73780731792466,8.03927619439463,3.91503149854349,74.741876030934,18.315980862384,3.93654165195156,0.137940362450276,0.138984675975215,0.146752283935162,17.9764099508533,0.236428069840493,0.13977746906836,0.446380149487444,0.693379273558663,0.883415114301346,0.00779483397387572,0.325311270794831,2.63,2.79,2.754,1,"noRSnocoldcoretop_allseds_sst_64","noRSnocoldcoretop_allseds_sst"
"1064",-4.93453623982176,22.602977468624,33.0175649365262,39.3439951334835,69.3123831770234,55.11062488,21.4878443599366,11.0965016991801,13.1225213582179,13.8461887786438,43.3619968140716,18.4824174994604,65.7854640215697,6.73780731792466,8.03927619439463,3.93577294858559,74.7473215922432,18.315980862384,3.93583080596134,0.137940362450276,0.138984675975215,0.146752283935162,17.9764099508533,0.236428069840493,0.13977746906836,0.446380149487444,0.693379273558663,0.883415114301346,0.00779483397387572,0.325311270794831,2.64,2.79,2.738,1,"noRSnocoldcoretop_allseds_sst_65","noRSnocoldcoretop_allseds_sst"
"1065",-4.96584380006391,22.5893448470115,33.0175649365262,39.3439951334835,69.3142560348247,55.11062488,21.4878443599366,11.0965016991801,13.1384292816794,13.8638033270404,43.3619968140716,18.4867913303927,65.7854640215697,6.73777774036479,8.03927619439463,3.93090937431255,74.7473215922432,18.315980862384,3.93583080596134,0.137940362450276,0.138984675975215,0.146752283935162,17.9764099508533,0.236428069840493,0.13977746906836,0.449299620972402,0.693379273558663,0.883654869030871,0.00815207292805192,0.325311270794831,2.64,2.79,2.741,1,"noRSnocoldcoretop_allseds_sst_66","noRSnocoldcoretop_allseds_sst"
"1066",-4.96584380006391,22.5893448470115,33.1050438546043,39.3439951334835,69.3142560348247,55.1106655464017,21.4878443599366,11.0965016991801,13.1384292816794,13.8638033270404,43.3619968140716,18.4867913303927,65.7854640215697,6.73770983194014,8.03930037593499,3.93090937431255,74.741273917517,18.315980862384,3.93399485294591,0.137940362450276,0.138975227185148,0.14666008798266,17.9764099508533,0.236428069840493,0.13977746906836,0.452159024625939,0.693379273558663,0.883654869030871,0.0078531705103137,0.325311270794831,2.64,2.79,2.746,1,"noRSnocoldcoretop_allseds_sst_67","noRSnocoldcoretop_allseds_sst"
"1067",-4.93468944282657,23.1204728170858,32.9911197076531,39.3229297234437,69.1159210545682,54.9169512296665,21.4065035368589,11.1213088964791,12.8607130120346,10.8622501150083,43.5586861290045,18.394459497787,65.7914225093341,6.74540732798984,8.43599777102378,3.93615928525089,74.7475006531701,15.6066991976607,5.03107874626624,0.142012974148055,0.142022562881058,0.119743701636844,17.9857360629388,0.24901146682282,0.139687195488068,0.457840416056866,0.693542418725616,0.88333971066907,0.00778562706670861,0.319569814495158,2.43,2.8,3.092,1,"noRSnocoldcoretop_allseds_sst_68","noRSnocoldcoretop_allseds_sst"
"1068",-4.93468944282657,23.1217934386485,33.0176394301491,39.3441899879356,69.0637075625973,55.11062488,21.4062886523127,11.0965016991801,12.8572861362451,14.9760605339288,43.361868137032,17.1037780973279,65.7891556319457,6.71455258745586,8.02887947378435,3.93511782560121,74.7473215922432,18.3164520998698,3.93402108285175,0.137940362450276,0.141943992307469,0.0318213030968235,18.9006018784729,0.236428069840493,0.139745540569083,0.448243966708279,0.693372915550008,0.858447458291817,0.00583392346662111,0.359740744330538,2.51,2.8,2.789,1,"noRSnocoldcoretop_allseds_sst_69","noRSnocoldcoretop_allseds_sst"
"1069",-4.93467316164539,23.1204412420388,33.0175696896892,39.3434682720311,69.064279396792,55.11062488,21.4367142302534,11.0965016991801,12.8550949039872,15.5822988263619,43.3619968140716,18.5084115282794,65.7914225093341,6.7126761740471,8.03964371814406,3.93520112451507,74.7473215922432,17.9203190116013,3.93402108285175,0.137940362450276,0.142409528127033,0.0698837908373794,18.9553797054026,0.236428069840493,0.140370966529682,0.448210829022697,0.69354698529783,0.883398189934413,0.0078149245527649,0.32252376686984,2.61,2.8,2.777,1,"noRSnocoldcoretop_allseds_sst_70","noRSnocoldcoretop_allseds_sst"
"1070",-5.00322518522304,22.5847310107056,33.0175649365262,39.3439951334835,69.3123831770234,54.9071351239876,21.4878443599366,10.1352165897258,13.1225213582179,13.8461887786438,43.3619968140716,18.4824174994604,65.6811662016956,6.73780731792466,7.96039970392715,3.79778593688347,74.912239116375,18.315980862384,3.93583080596134,0.137940362450276,0.138984675975215,0.146752283935162,17.9764099508533,1.53513047309898,0.140367931570918,0.556817366200493,0.693379273558663,0.883408249931876,0.022300082912003,0.325311270794831,2.99,2.8,2.787,2,"noRSnocoldcoretop_allseds_sst_71","noRSnocoldcoretop_allseds_sst"
"1071",-3.41364388314938,22.6391131788257,32.8867672975824,42.7789834598562,62.9589530707728,48.327994855755,20.542341807875,8.37974791192602,11.7026314754149,15.2679552293977,34.6134035661451,12.8096487060057,60.9029245811169,6.7531276696823,8.42899837977171,3.2081501282827,72.0079891443891,18.3171444639836,3.89279503992074,0.897578966894851,1.49238855082402,1.20221098970382,28.5983560520236,0.271175034158034,0.187525120206723,0.702479259604236,0.598511562537207,0.867350857881673,0.0193077057712984,0.612069964886525,2.42,2.81,3.442,1,"noRSnocoldcoretop_allseds_sst_72","noRSnocoldcoretop_allseds_sst"
"1072",-3.62974332985554,22.907158578701,33.7274119488523,50.2129452383439,63.0860440997693,48.3047092361916,20.4625229164529,8.34454465644635,11.7025856263959,19.0668464578311,34.6268263950559,12.9946606447047,60.8309858047241,6.94594661835282,8.42580137342054,3.20780713365164,72.9576785944793,17.8644750817231,5.09887138381693,0.920427155805494,1.65329054550957,0.912824650558085,28.7390202301707,0.287522598577078,0.187525120206723,0.775646399926762,0.616124175065714,0.891077100682748,0.0190098818207805,0.702355485564898,2.38,2.82,3.393,1,"noRSnocoldcoretop_allseds_sst_73","noRSnocoldcoretop_allseds_sst"
"1073",-4.95262063229524,23.1204760040618,32.9790310216969,39.3569986289506,69.1159210545682,54.9147290845016,21.4065035368589,10.2281909076189,12.8553805087937,10.8622501150083,43.5330937705913,18.394459497787,62.6591976267986,6.54611431471486,8.43599777102378,3.93457836774051,74.6238216594902,15.6066991976607,5.63403261484104,0.637914178032835,0.0676752271182473,0.780984457610519,17.9849956966046,0.249227167963413,0.139687195488068,0.458427885214329,0.555071824487845,0.88243188337556,0.00778562706670861,0.335905013932063,2.42,2.82,3.326,1,"noRSnocoldcoretop_allseds_sst_74","noRSnocoldcoretop_allseds_sst"
"1074",-4.92390976387993,23.1204653695015,32.8032307555706,39.3439951334835,69.0857547818688,55.11062488,21.4063101936167,11.0965016991801,12.8572814157119,15.0540444160362,43.3616515453978,18.0258686981039,65.7920572939481,6.73774613063715,8.05461327445712,3.93090937431255,74.7473215922432,18.3164635654977,3.93394351327798,0.137940362450276,0.141946128025976,0.0710927613509955,18.0275341112762,0.236428069840493,0.139709434570987,0.446293272928359,0.693367816176121,0.883398189934413,0.00776510694106647,0.36518942238224,2.57,2.82,2.737,1,"noRSnocoldcoretop_allseds_sst_75","noRSnocoldcoretop_allseds_sst"
"1075",-3.42950139673073,22.63162797,34.8398034181108,49.7285840106054,63.5077328581016,49.0261116029878,20.4669663808049,8.34422453086038,12.4673437191293,19.2396266743335,34.516582013925,12.98235682,60.2655756570291,6.92888455596696,8.42162114967974,3.8138677490734,72.9057021926056,18.31753707,5.1238140399982,1.4732486782207,1.55049775632128,0.39555892649957,28.5187071066308,0.725437372182819,0.187455073876873,0.785667092305181,0.325240275588776,0.972711929067367,0.0224449753979765,0.703954564104488,2.36,2.83,3.767,1,"noRSnocoldcoretop_allseds_sst_76","noRSnocoldcoretop_allseds_sst"
"1076",-4.06030474757569,22.907158578701,33.7274119488523,50.2129452383439,63.0860440997693,48.3047092361916,20.4625229164529,8.34454465644635,11.7025856263959,19.0668464578311,34.6268263950559,12.9946606447047,60.8309858047241,6.94594661835282,8.42580137342054,3.20780713365164,72.9576785944793,17.8644750817231,5.09887138381693,0.920427155805494,1.65329054550957,0.912824650558085,28.7390202301707,0.287522598577078,0.187525120206723,0.775646399926762,0.616124175065714,0.891077100682748,0.0190098818207805,0.702355485564898,2.38,2.83,3.491,2,"noRSnocoldcoretop_allseds_sst_77","noRSnocoldcoretop_allseds_sst"
"1077",-3.61135848852799,22.9168919627169,33.5285567322729,50.1461556507793,62.4645470132894,48.3031013466376,20.4693758606159,8.36883724595758,11.6747177445512,19.2362704851376,34.6066810123106,12.98235682,60.2655145469251,6.95412962273445,8.42161244721815,3.20782602188001,72.9057645644151,17.8780862098819,5.09573800347052,0.920246601191628,1.54538854269727,1.20437456556995,28.4549168255639,0.288158294738185,0.187531278435024,0.735650758321448,0.169541354654122,0.879759804326185,0.0190340683743231,0.703079826406904,2.4,2.83,3.373,1,"noRSnocoldcoretop_allseds_sst_78","noRSnocoldcoretop_allseds_sst"
"1078",-3.58370323863236,22.63162797,32.9371048441698,49.8076930188099,63.0829987814424,48.3047808996035,20.466944682506,8.34422453086038,11.6996261516731,19.2363406268428,34.6166127501665,12.98235682,60.2655756570291,6.92751686238947,8.42162114967974,3.20779641635641,72.9057021926056,17.841407028542,5.09885916747544,0.922610052685391,1.65044586893236,1.21126295002244,28.5187393472894,0.296350869555473,0.187525120206723,0.73525430690831,0.169530335344412,0.86735164,0.00316158653490183,0.703954564104488,2.41,2.83,3.313,1,"noRSnocoldcoretop_allseds_sst_79","noRSnocoldcoretop_allseds_sst"
"1079",-3.58370323863236,22.63162797,32.9371048441698,49.8076930188099,63.08117589,48.3032014492934,20.4669663808049,8.34422453086038,11.6996261516731,19.2362704851376,34.61456235,12.98235682,60.2655756570291,6.92751686238947,8.42162114967974,3.20779641635641,72.9057021926056,18.31753707,5.09885916747544,0.922610052685391,1.551652769,1.2123510547086,28.5187393472894,0.296350869555473,0.187525120206723,0.735251688122797,0.169530335344412,0.86735164,0.019067860433756,0.703954564104488,2.41,2.83,3.367,1,"noRSnocoldcoretop_allseds_sst_80","noRSnocoldcoretop_allseds_sst"
"1080",-3.61119633940596,22.630796998328,32.852051548324,49.6203487885555,62.9436143453702,48.3225641478358,20.4755608852875,8.34422453086038,11.6758859953914,19.2362704851376,34.61456235,12.98235682,60.9098463689079,6.75310136055309,8.42130205468041,3.21978387173524,72.8368781564335,17.8791214805528,5.11314103817192,0.887014334326077,1.5772919859777,1.210885076,28.53863598648,0.296364874161395,0.188341544278836,0.735251688122797,0.170622897757976,0.978879819098333,0.0190340683743231,0.702340896976391,2.42,2.83,3.299,1,"noRSnocoldcoretop_allseds_sst_81","noRSnocoldcoretop_allseds_sst"
"1081",-3.61119633940596,22.630796998328,32.852051548324,49.6191067763478,62.9436143453702,48.3225641478358,20.47543738,8.34422453086038,11.6758859953914,19.2362704851376,34.61456235,12.98235682,60.9098463689079,6.75310136055309,8.33718358732179,3.21866728149159,72.0755004994567,17.8791214805528,5.65233193834039,0.887003146864493,1.57728180865866,1.210885076,28.53863598648,0.296364874161395,0.188341544278836,0.735251688122797,0.184001281110136,0.978879819098333,0.0190340683743231,0.702340896976391,2.43,2.83,3.294,1,"noRSnocoldcoretop_allseds_sst_82","noRSnocoldcoretop_allseds_sst"
"1082",-4.93468944282657,23.1204653695015,32.8971028089421,39.3165432898011,69.0637741124619,55.1117166182937,21.4061958331117,10.7947983090023,12.8553723367706,10.7013342761563,43.5537438276502,17.0201929643645,65.7919175357055,6.74873011286972,8.45378129120304,3.80621940753133,74.7473215922432,18.2849035593597,3.93402108285175,0.133066052357358,0.141936814867545,0.902202104532035,18.0003799127094,0.256221042663205,0.140366427742552,0.446765782106475,0.695052868306331,0.838441972560423,0.00561383586139847,0.359449227309874,2.48,2.83,2.856,1,"noRSnocoldcoretop_allseds_sst_83","noRSnocoldcoretop_allseds_sst"
"1083",-3.61734307848096,22.9113478582992,32.9372748042487,49.80767944,63.085795714935,48.3047092361916,20.4693326267567,8.4869381262312,11.6767472645403,19.2362704851376,34.61456235,12.98235682,60.2655651660318,6.7531276696823,8.42162114967974,3.20779641635641,72.9058382598216,17.8316881903861,5.09885916747544,0.902658910106112,1.65657861221352,0.848858761365468,28.7190301861572,0.296364874161395,0.187525120206723,0.735251688122797,0.169541354654122,0.86735164,0.0190340683743231,0.702340896976391,2.39,2.84,3.372,1,"noRSnocoldcoretop_allseds_sst_84","noRSnocoldcoretop_allseds_sst"
"1084",-3.32877739697362,22.8901620337419,32.8204318937528,49.80767944,63.0852547312295,48.3047092361916,20.4697455710891,8.34422453086038,11.7019940282174,19.5429167486493,34.61456235,12.98235682,60.2655651660318,6.7531276696823,8.42162114967974,3.20779641635641,72.90557894357,17.8440323151197,5.09690410655872,0.902658910106112,1.65422634817206,0.868523637393027,28.5289499078206,0.296364874161395,0.187525120206723,0.735251688122797,0.164799050388899,0.866021235024547,0.0190340683743231,0.702340896976391,2.4,2.84,3.308,1,"noRSnocoldcoretop_allseds_sst_85","noRSnocoldcoretop_allseds_sst"
"1085",-3.32877739697362,22.9113664322765,32.8218425881782,49.80767944,63.0852547312295,48.3047092361916,20.4693185171437,8.34422453086038,11.7019940282174,19.2361358671808,34.61456235,12.98235682,60.2655651660318,6.7531276696823,8.42162114967974,3.20779641635641,72.90557894357,17.8440323151197,5.09874174217643,0.902658910106112,1.65422634817206,0.857430854715495,28.5283623721651,0.296364874161395,0.187525120206723,0.735251688122797,0.169570589541999,0.866021235024547,0.0190340683743231,0.702340896976391,2.4,2.84,3.314,1,"noRSnocoldcoretop_allseds_sst_86","noRSnocoldcoretop_allseds_sst"
"1086",-3.31277586015118,22.63162797,32.9372748042487,49.80767944,63.1108196245466,48.3047092361916,20.4531169836115,8.49222443197298,11.6758527745868,19.2362704851376,34.61456235,12.98235682,60.2655651660318,6.75393339532119,8.42158931052839,3.20779641635641,72.9057021926056,18.31753707,5.09885916747544,0.902684940647671,1.56228889458515,0.855228664020567,28.6006550857855,0.296364874161395,0.187525120206723,0.735251688122797,0.169541354654122,0.86735164,0.0190340683743231,0.702340896976391,2.4,2.84,3.369,1,"noRSnocoldcoretop_allseds_sst_87","noRSnocoldcoretop_allseds_sst"
"1087",-3.41364388314938,22.9138790946892,32.8867672975824,50.0340419673667,62.9589530707728,48.327994855755,20.542341807875,8.34544488216021,11.7026280308229,19.1907899633844,34.6134062291858,13.0086720959617,60.9029245811169,6.7531276696823,8.42965983585348,3.2081501282827,72.9630847773999,18.2940631538537,3.819409197416,0.902517178571422,1.49238855082402,1.2025203618706,28.7254830724748,0.270699926732358,0.187525120206723,0.733167340505482,0.165823463248897,0.867350857881673,0.0193077057712984,0.612230028811681,2.41,2.84,3.292,1,"noRSnocoldcoretop_allseds_sst_88","noRSnocoldcoretop_allseds_sst"
"1088",-3.13228127097607,22.9141362621882,32.8516193552843,49.80767944,63.0852719777666,48.3225931689436,20.4753921506848,8.34422453086038,11.6760023460821,19.2362704851376,34.61456235,12.98235682,60.2655651660318,6.7531276696823,8.34365342272542,3.20789640171888,72.9723562566895,17.8786073361255,5.09885916747544,0.900040236481227,1.57588742922394,1.210885076,28.604512061958,0.296364874161395,0.188308954789734,0.735251688122797,0.169541354654122,0.980193076786168,0.0190109048528595,0.702340896976391,2.42,2.84,3.26,1,"noRSnocoldcoretop_allseds_sst_89","noRSnocoldcoretop_allseds_sst"
"1089",-3.39179614346459,22.919077089729,32.9372748042487,49.8034061708933,62.9686766009391,48.3047092361916,20.475221070053,8.34422453086038,11.7019940282174,19.2345703464687,34.7210262658084,12.98235682,60.3082051998188,6.75271508271605,8.43120718755,3.20817259707432,72.1036841583204,17.8440323151197,5.09885916747544,0.887198126647498,1.58087529353461,1.21114203890055,28.7199731496144,0.292340709732848,0.187502941151215,0.735250123818091,0.169541354654122,0.86735164,0.002017939861967,0.702281802420524,2.42,2.84,3.276,1,"noRSnocoldcoretop_allseds_sst_90","noRSnocoldcoretop_allseds_sst"
"1090",-3.39179614346459,22.9168968336556,32.9372748042487,49.80767944,62.9686766009391,48.3047092361916,20.4693326267567,8.34422453086038,11.7019940282174,19.2345703464687,34.7210262658084,12.98235682,60.2655651660318,6.75271508271605,8.4325713849708,3.20787799222006,72.905554889138,17.8440323151197,5.09885916747544,0.902658910106112,1.65194961524107,1.21114203890055,28.7189399017178,0.292340709732848,0.187525120206723,0.735054739509344,0.169541354654122,0.86735164,0.002017939861967,0.702281802420524,2.42,2.84,3.289,1,"noRSnocoldcoretop_allseds_sst_91","noRSnocoldcoretop_allseds_sst"
"1091",-3.61847075311836,22.63162797,32.9442751525954,49.80767944,63.1264978133795,48.3047092361916,21.352287058346,8.45193560405057,11.648441685917,19.2362704851376,34.6734984416941,12.98235682,60.2601203900196,6.7531276696823,8.40716669554801,3.20759297745294,72.9051514436126,18.1982120992877,3.92542866750381,0.902658910106112,1.55123176218533,1.210885076,28.6041406262192,0.236061140977253,0.187172590495932,0.735375997702423,0.328602399600187,0.882985681051601,0.0190340683743231,0.707132720925876,2.43,2.84,3.233,1,"noRSnocoldcoretop_allseds_sst_92","noRSnocoldcoretop_allseds_sst"
"1092",-4.93453623982176,22.6285705809345,32.8012723262037,39.2952819427044,69.0674887697077,55.11062488,21.4066912616746,11.0965016991801,13.1225213582179,13.8461887786438,43.3619968140716,18.4824174994604,65.6988609664124,6.73780731792466,8.03927619439463,3.93577294858559,74.7473215922432,18.3135349524574,3.9358298574474,0.137940362450276,0.138984675975215,0.146752283935162,17.9764099508533,0.236428069840493,0.13977746906836,0.446380149487444,0.693379273558663,0.883415114301346,0.00779483397387572,0.360734772730805,2.61,2.84,2.73,1,"noRSnocoldcoretop_allseds_sst_93","noRSnocoldcoretop_allseds_sst"
"1093",0.684670132216583,22.8534959926967,34.8711681489922,43.0219754302017,79.5821698932545,49.0711313420286,18.6504705794985,9.88627587804103,13.2153113917948,11.0843397047045,44.9718932596229,12.1306516681207,54.2876705941967,6.89194761519387,8.04400373568632,3.77544934152296,84.4367189644395,20.3945735629354,2.67252138283363,0.630985034828419,1.68817265724515,0.898263618,20.4780829864089,0.803734779439483,0.167066964274133,0.642761435877668,0.338029416632155,0.969887907967736,0.128731279114542,0.68386755058694,2.36,2.85,5.094,1,"noRSnocoldcoretop_allseds_sst_94","noRSnocoldcoretop_allseds_sst"
"1094",-3.13763804120798,22.63162797,32.9372748042487,49.80767944,63.08117589,48.3047092361916,20.4690466721093,8.34422453086038,11.7021962605931,19.2362704851376,34.61456235,12.98235682,60.2655651660318,6.7531276696823,8.42162114967974,3.20779641635641,72.9058348933764,17.832959511544,5.09885916747544,0.899540239903373,1.5508649266283,1.210885076,28.6041642962604,0.296364874161395,0.187525120206723,0.735251688122797,0.169541354654122,0.86735164,0.0190109048528595,0.702340896976391,2.42,2.85,3.255,1,"noRSnocoldcoretop_allseds_sst_95","noRSnocoldcoretop_allseds_sst"
"1095",-3.13228127097607,22.9141362621882,32.9372748042487,49.80767944,63.0852719777666,48.3047092361916,20.4693088137318,8.34422453086038,11.6748291487389,19.2362704851376,34.61456235,12.98235682,60.2655651660318,6.7531276696823,8.42162114967974,3.20779641635641,72.9057021926056,17.8675405225188,5.09885916747544,0.900040236481227,1.65441358343587,1.210885076,28.604512061958,0.296364874161395,0.187525120206723,0.735251688122797,0.169541354654122,0.86735164,0.0190109048528595,0.702340896976391,2.42,2.85,3.266,1,"noRSnocoldcoretop_allseds_sst_96","noRSnocoldcoretop_allseds_sst"
"1096",-3.25804516334343,22.9113478582992,32.9372748042487,49.80767944,63.0852547312295,48.3047092361916,20.4693326267567,8.34422453086038,11.7019312698623,19.2362704851376,34.61456235,12.98235682,60.2655651660318,6.7531276696823,8.42162114967974,3.20779641635641,72.9058334380817,17.8440323151197,5.09885916747544,0.902580632983371,1.65422634817206,1.210885076,28.7248166175603,0.296364874161395,0.187525120206723,0.735251688122797,0.169541354654122,0.86735164,0.0190340683743231,0.702340896976391,2.42,2.85,3.275,1,"noRSnocoldcoretop_allseds_sst_97","noRSnocoldcoretop_allseds_sst"
"1097",-4.85457825643431,23.1204653695015,32.8031697750584,39.2970573535843,69.0857547818688,55.11062488,21.4063101936167,11.0965016991801,12.8572814157119,14.9760605339288,43.3619968140716,17.1037780973279,65.701848158709,6.71455258745586,8.44026975506463,3.93090937431255,74.7473215922432,17.9454126350107,3.93402108285175,0.137940362450276,0.141946128025976,0.0318213030968235,18.0275341112762,0.236428069840493,0.139709434570987,0.446293272928359,0.693372915550008,0.883398189934413,0.00591178232045048,0.359449227309874,2.5,2.85,2.826,1,"noRSnocoldcoretop_allseds_sst_98","noRSnocoldcoretop_allseds_sst"
"1098",-4.93468944282657,23.1204653695015,32.8031697750584,39.3443786614129,69.0642102254241,55.11062488,21.4365572825316,11.0965016991801,12.8572814157119,14.9760605339288,43.3619968140716,17.1037780973279,65.7899024282458,6.71455258745586,8.4248233658204,3.93090937431255,74.7473215922432,18.3065306299308,3.93412891433034,0.137940362450276,0.141946128025976,0.0742911887570779,18.0275341112762,0.236428069840493,0.140350427874592,0.446293272928359,0.693372915550008,0.883398189934413,0.00591178232045048,0.359449227309874,2.52,2.85,2.785,1,"noRSnocoldcoretop_allseds_sst_99","noRSnocoldcoretop_allseds_sst"
"1099",-4.96588022425368,23.1247193527329,32.9223980833789,39.3439951334835,69.3142560348247,54.9088909578382,21.4830196004573,11.0965016991801,13.1384292816794,13.926227402131,43.3619968140716,18.4867913303927,65.7873059059236,6.73770983194014,8.41032768327155,3.91857102416147,74.741273917517,18.315980862384,3.93399485294591,0.138182472521452,0.138975227185148,0.14666008798266,17.9751177828191,0.236428069840493,0.13977746906836,0.452210635594585,0.693379273558663,0.883654869030871,0.00585805169537187,0.323947416922531,2.63,2.85,2.788,2,"noRSnocoldcoretop_allseds_sst_100","noRSnocoldcoretop_allseds_sst"
"1100",-5.08616152753249,23.1268068477596,33.1236257937617,39.3439951334835,69.0857547818688,55.117016506486,21.4897494148987,10.0941072969745,12.8570130053446,14.6949059290794,42.6935862528632,20.6463359865617,65.790990978007,6.73642324962758,8.04440845605034,3.13743191007339,75.2779862693969,17.9380539612775,3.93402108285175,0.137940362450276,0.141946128025976,0.904533646054014,18.0275341112762,0.253230308574847,0.139680640098497,0.448600094756121,0.579146407454405,0.883398189934413,0.00783067179196861,0.359248812467859,3.02,2.85,2.705,1,"noRSnocoldcoretop_allseds_sst_101","noRSnocoldcoretop_allseds_sst"
"1101",-5.12493364940522,23.1311978344315,34.8705180190349,42.6693907148425,79.207900495239,49.0520371257882,20.504407098333,9.88860511377338,13.2071997937883,11.0923251923789,44.9723280639807,12.22870203,66.0997535375681,6.46577906978274,8.42139747432714,3.20871691956067,83.7883019227469,20.3945715012888,2.67244433316416,1.50511482597536,1.56042356150601,0.891171120020502,21.1752759421009,0.761324981049125,0.140750864149683,0.735268301993985,0.37158739311843,0.884400788555708,0.133934417258983,0.73797141060129,2.36,2.86,4.556,1,"noRSnocoldcoretop_allseds_sst_102","noRSnocoldcoretop_allseds_sst"
"1102",-0.573180730906418,22.63162797,32.9601728226842,40.4971034262676,63.1369507288744,48.3047092361916,18.7582185409561,8.35230076588035,11.6748291487389,13.887938548831,34.61456235,13.1969737982863,60.2655651660318,6.89932071442913,8.33639134956929,3.21717776718353,72.8559556105379,18.31753707,4.78469027905104,0.899493942191936,1.67389750658916,0.880009284778415,28.6043604189957,0.808124372867599,0.186481796526612,0.735607690097881,0.169541354654122,0.857015860833823,0.0217318688562398,0.702340896976391,2.37,2.86,3.333,1,"noRSnocoldcoretop_allseds_sst_103","noRSnocoldcoretop_allseds_sst"
"1103",-3.08805355255064,22.63162797,32.9372748042487,49.80767944,63.0820486601563,48.2986574287687,20.47543738,8.35609128006098,11.6760612407235,19.2362704851376,34.3135393140095,12.9830188454269,60.2655651660318,6.75152397679921,8.42162114967974,3.20779641635641,72.9057021926056,18.3175782606853,5.09921067695448,0.924946223040604,1.551652769,0.692073971749424,28.5404685352925,0.821267660159523,0.187519444306835,0.633410672404415,0.169541354654122,0.862423170521577,0.0190383096032609,0.711038983212492,2.4,2.86,3.319,1,"noRSnocoldcoretop_allseds_sst_104","noRSnocoldcoretop_allseds_sst"
"1104",-3.61737442131642,22.9113478582992,32.9372656999564,49.80767944,63.0852547312295,48.3047092361916,21.3217221851097,8.34422453086038,11.7019940282174,19.2362704851376,34.61456235,12.98235682,60.2658279872278,6.7531276696823,8.42162114967974,3.2077910871105,72.9051518858656,17.8518394049161,3.84326551745717,0.902658910106112,1.55217534136873,1.210885076,28.7189399017178,0.234792810675522,0.187538647715297,0.735251688122797,0.170574027169652,0.867459071567873,0.0190340683743231,0.702373065817362,2.43,2.86,3.208,1,"noRSnocoldcoretop_allseds_sst_105","noRSnocoldcoretop_allseds_sst"
"1105",-4.93494710030001,23.1204653695015,32.8031697750584,39.3142425780077,69.0857547818688,55.1106054780042,21.4063101936167,11.0965016991801,12.8949233575553,14.9760605339288,43.3622935925449,17.1037780973279,65.701848158709,6.71455258745586,8.44591618547242,3.93090937431255,74.7473215922432,18.3324541028188,3.91581884174031,0.1328591298303,0.141946128025976,0.0318213030968235,18.0275341112762,0.236428069840493,0.139709434570987,0.442751035317641,0.693372915550008,0.883398189934413,0.00591178232045048,0.359449227309874,2.51,2.86,2.818,1,"noRSnocoldcoretop_allseds_sst_106","noRSnocoldcoretop_allseds_sst"
"1106",-8.15923486374497,24.8680862490792,32.9449374100336,37.8397273082856,79.8290994122581,56.5036612014683,23.7775777749426,10.1137866879843,12.7561981327092,7.39167903842005,45.4732461133665,17.964868456752,63.3021047201171,6.45871773782869,7.71501330255661,3.80694841102747,78.47435986,15.6850842084512,1.43262146928031,0.936620759709736,0.269036165193652,0.81206455863948,20.30336541,0.199787527100386,0.138674957898969,0.578859597803785,0.289486131625258,0.968557482654373,0.0597701956851294,0.707094706620983,2.34,2.87,7.504,1,"noRSnocoldcoretop_allseds_sst_107","noRSnocoldcoretop_allseds_sst"
"1107",0.684670132216583,22.8573694411411,34.8711681489922,43.0219754302017,79.6090412346577,49.0711313420286,18.5657799968241,9.89325430386554,13.2153113917948,11.0688559643089,44.8922679457927,12.1306516681207,59.6953971060718,6.88103765663554,8.04400373568632,3.77544934152296,84.1899207471744,20.3856115635426,2.63533287673898,0.628876928587616,1.73948337015603,0.898263618,20.4780829864089,0.803734779439483,0.141629822971962,0.642761435877668,0.550825988484894,0.843020410472851,0.133739029116881,0.68386755058694,2.35,2.87,4.08,1,"noRSnocoldcoretop_allseds_sst_108","noRSnocoldcoretop_allseds_sst"
"1108",-3.61135848852799,22.9169243444383,33.5285567322729,50.1349879600938,62.4645470132894,48.1202535274007,20.452090029381,8.36883724595758,11.6586910501149,19.2362704851376,34.6066810123106,12.98235682,60.2655145469251,6.95412962273445,8.42127231898005,3.20782602188001,72.905064999544,15.7748811522099,5.09573800347052,0.920246601191628,1.54538854269727,1.20437456556995,28.4561457845904,1.139215787849,0.187531278435024,0.73563516834954,0.169541354654122,0.879759804326185,0.0190340683743231,0.703082118911427,2.36,2.87,3.187,1,"noRSnocoldcoretop_allseds_sst_109","noRSnocoldcoretop_allseds_sst"
"1109",-3.13228127097607,22.9141686439096,32.9372748042487,49.7965117493145,63.0852719777666,48.1218614169548,20.4520229824969,8.34422453086038,11.6588024543026,19.2362704851376,34.61456235,12.98235682,60.2655651660318,6.7531276696823,8.42128102144164,3.20779641635641,72.9050026277345,15.7643354648469,5.09885916747544,0.900040236481227,1.65441358343587,1.210885076,28.6057410209846,1.14742265156863,0.187525120206723,0.735236098150889,0.169541354654122,0.86735164,0.0190109048528595,0.702343189480915,2.38,2.87,3.165,1,"noRSnocoldcoretop_allseds_sst_110","noRSnocoldcoretop_allseds_sst"
"1110",-3.77290143994443,22.9166008656677,32.8557063411218,49.80767944,62.9703478426542,48.2599817171182,20.4683938205425,8.3687406349825,10.6029603567638,19.3011045959782,43.1036529159196,12.98235682,60.2418593338381,6.75300839028103,8.07281335150985,3.20384523891126,72.9319072517666,15.8353170858243,5.10047701595501,0.921484180791304,1.65422166542492,0.901396878845532,17.2141333040204,1.14962958670331,0.187525120206723,0.730193943792168,0.266905942358298,0.951796886299286,0.00181667385983304,0.697736095019651,2.44,2.87,3.071,1,"noRSnocoldcoretop_allseds_sst_111","noRSnocoldcoretop_allseds_sst"
"1111",-5.05927022824553,23.1311978344315,34.8705180190349,42.6653212116871,79.207900495239,49.0518872544377,20.5233371645037,9.88860511377338,13.2071997937883,11.0923251923789,44.9723280639807,12.22870203,66.0997535375681,6.46577906978274,8.42139747432714,3.20871691956067,83.7651297138573,20.3945715012888,5.1303777330773,1.50511482597536,1.56042356150601,0.891171120020502,21.2016847786654,0.761528312159517,0.140750864149683,0.735268301993985,0.37159093602113,0.88481506409661,0.133934417258983,0.73797141060129,2.35,2.88,4.803,1,"noRSnocoldcoretop_allseds_sst_112","noRSnocoldcoretop_allseds_sst"
"1112",-5.05927022824553,23.1311978344315,34.8705180190349,42.6653212116871,79.238747688265,48.2910781855819,20.4927201355531,9.82590058101063,11.6394156277836,11.0923251923789,44.9377241049494,12.22870203,65.7915604353026,6.46577906978274,8.42139747432714,3.20871691956067,83.7896208575297,20.3945715012888,5.1303777330773,1.50511482597536,1.56042356150601,1.18033086682194,21.1788756764363,0.761317477969364,0.140833549375295,0.735268301993985,0.37159093602113,0.884586425155518,0.133934417258983,0.738550179485084,2.36,2.88,4.69,2,"noRSnocoldcoretop_allseds_sst_113","noRSnocoldcoretop_allseds_sst"
"1113",-5.36369955504272,23.1311978344315,34.8705180190349,42.6653212116871,79.238747688265,48.2910781855819,20.4927201355531,9.82590058101063,11.6394156277836,11.0923251923789,44.9377241049494,12.22870203,65.7915604353026,6.46577906978274,8.42139747432714,3.20871691956067,83.7896208575297,20.3945715012888,5.1303777330773,1.50511482597536,1.56042356150601,1.18033086682194,21.1788756764363,0.761317477969364,0.140833549375295,0.735268301993985,0.37159093602113,0.884586425155518,0.133934417258983,0.738550179485084,2.36,2.88,4.719,2,"noRSnocoldcoretop_allseds_sst_114","noRSnocoldcoretop_allseds_sst"
"1114",-5.3127623182695,23.1204653695015,32.8031697750584,39.2970573535843,69.0857547818688,55.2378350725369,21.4063101936167,11.0965016991801,12.8572814157119,14.9760605339288,43.3619968140716,17.1037780973279,65.701848158709,6.71455258745586,8.44026975506463,3.93090937431255,75.7720318138357,17.9454126350107,3.44909454704863,0.128873701813178,0.141946128025976,0.0700702633039023,18.2249231708555,0.236428069840493,0.139709434570987,0.446457617437034,0.54857370694653,0.883398189934413,0.00740288630904917,0.345552903794737,2.47,2.88,2.871,1,"noRSnocoldcoretop_allseds_sst_115","noRSnocoldcoretop_allseds_sst"
"1115",-4.96155066588336,23.122786212982,34.8705180190349,42.8127695846936,64.3045956097438,49.0477430090013,20.4711215299503,9.84184216809831,12.948489923903,10.9714663645074,34.5461431716122,12.2249029564086,65.7915604353026,6.71246867123334,8.42175025673978,3.15533549663955,84.172434123212,20.3525291426551,2.67074778473266,1.50511482597536,1.56039023485553,1.18033086682194,20.8890831104392,0.761317477969364,0.140833549375295,0.757710041682273,0.375250115108349,0.867632095094614,0.133934417258983,0.701338706835808,2.34,2.89,6.633,1,"noRSnocoldcoretop_allseds_sst_116","noRSnocoldcoretop_allseds_sst"
"1116",-4.96155066588336,23.122786212982,34.8705180190349,42.8340545473026,79.238747688265,49.0758474434349,21.4366268946279,9.84184216809831,12.9340788487059,10.9714663645074,44.9377241049494,12.22870203,65.7915604353026,6.46577906978274,8.41265697247297,3.15501089750865,83.7896208575297,20.3945715012888,2.67074778473266,1.50511482597536,1.56039023485553,1.18033086682194,20.8890831104392,0.761317477969364,0.140833549375295,0.757392279100999,0.371467443003732,0.884586425155518,0.133934417258983,0.738550179485084,2.35,2.89,4.343,1,"noRSnocoldcoretop_allseds_sst_117","noRSnocoldcoretop_allseds_sst"
"1117",-5.1244351885413,23.1220997061152,34.8705180190349,42.8340545473026,79.238747688265,49.0758474434349,21.4366268946279,9.84184216809831,12.9362971673499,10.9714935650697,44.9392052030419,12.22870203,65.7915604353026,6.46577906978274,8.41265697247297,3.15501089750865,83.7896208575297,20.3945715012888,2.67080455064843,1.50511482597536,1.56039023485553,1.18033086682194,20.8890831104392,0.761317477969364,0.140833549375295,0.757392279100999,0.371467443003732,0.884393862739863,0.13399543048013,0.738550179485084,2.35,2.89,4.355,1,"noRSnocoldcoretop_allseds_sst_118","noRSnocoldcoretop_allseds_sst"
"1118",-3.61135848852799,22.6270643157463,32.9372748042487,49.80767944,62.4451272005718,48.1202535274007,20.452090029381,8.34422453086038,12.4402393220708,19.2362704851376,34.61456235,12.98235682,60.2551639834494,6.75536370047541,8.42162114967974,3.20782602188001,72.905064999544,15.7748811522099,5.09573800347052,0.920246601191628,1.551652769,1.20437456556995,28.53863598648,1.139215787849,0.187531278435024,0.710348679806813,0.169541354654122,0.86735164,0.0190340683743231,0.702340896976391,2.38,2.89,3.178,1,"noRSnocoldcoretop_allseds_sst_119","noRSnocoldcoretop_allseds_sst"
"1119",-6.80792557756364,22.8988367533653,34.3365539027399,43.1218687490833,62.9442400329186,68.6434735087901,22.9596881022783,10.0286885719575,13.5473491774393,14.7179344781664,43.9820259477019,22.4476865861001,60.9076797978084,5.80183046436237,8.34301144918359,3.80947226274407,72.0552506135943,17.9770087014954,5.64486963463236,0.638767045946486,0.301335818829135,0.904183553851981,19.3192321974208,0.914379964581323,0.133482531929811,0.651828113149462,0.55407271931567,0.97293946736303,0.0222692728188635,0.328474599423823,2.83,2.89,2.677,1,"noRSnocoldcoretop_allseds_sst_120","noRSnocoldcoretop_allseds_sst"
"1120",-4.16229689947409,23.122786212982,34.8705180190349,42.8127695846936,64.3045956097438,49.0477430090013,20.4711215299503,9.84184216809831,12.948489923903,10.9714663645074,34.5461431716122,12.2249029564086,65.7915604353026,6.71246867123334,8.42175025673978,3.15533549663955,84.172434123212,20.3525291426551,2.67074778473266,1.50511482597536,1.56039023485553,1.18033086682194,20.8890831104392,0.761317477969364,0.140833549375295,0.757710041682273,0.375250115108349,0.867632095094614,0.133934417258983,0.701338706835808,2.32,2.9,6.685,1,"noRSnocoldcoretop_allseds_sst_121","noRSnocoldcoretop_allseds_sst"
"1121",-3.92569621622968,23.2084173993427,34.8705180190349,42.8340545473026,79.238747688265,49.0758474434349,21.4366268946279,9.84184216809831,13.0468017876737,10.969195579616,45.3022981425964,12.22870203,59.9546916484521,6.46577906978274,8.07521425154852,3.15501089750865,83.4375062504476,20.3945715012888,2.70124516082007,1.50511482597536,1.56039023485553,1.18033086682194,20.935116140733,0.761317477969364,0.140833549375295,0.757392279100999,0.171391285991632,0.892900580210286,0.140040927209216,0.736900994197924,2.35,2.9,4.377,1,"noRSnocoldcoretop_allseds_sst_122","noRSnocoldcoretop_allseds_sst"
"1122",-6.80792557756364,22.8988367533653,34.3771918086699,43.1218687490833,63.3712053676918,68.6434735087901,22.9960484109836,10.0319459147459,13.5473491774393,14.7187284642713,43.9820259477019,22.4476865861001,60.9076797978084,5.80183046436237,8.45714373523269,3.78233566764959,71.9814207984478,18.6986627597675,5.64486963463236,0.638767045946486,0.326500129308938,0.904253335786774,19.3192321974208,0.960896274253807,0.133482531929811,0.651828113149462,0.592751338990157,0.97293946736303,0.021999250355441,0.342459557940712,2.78,2.9,2.65,1,"noRSnocoldcoretop_allseds_sst_123","noRSnocoldcoretop_allseds_sst"
"1123",-3.76281169357175,23.2091039062096,34.8705180190349,42.8340545473026,79.238747688265,49.0758474434349,21.4366268946279,9.84184216809831,13.0445834690296,10.9691683790536,45.3008170445039,12.22870203,59.9546916484521,6.46577906978274,8.07521425154852,3.15501089750865,83.4375062504476,20.3945715012888,2.70118839490431,1.50511482597536,1.56039023485553,1.18033086682194,20.935116140733,0.761317477969364,0.140833549375295,0.757392279100999,0.171391285991632,0.893093142625941,0.139979913988069,0.736900994197924,2.35,2.91,4.34,1,"noRSnocoldcoretop_allseds_sst_124","noRSnocoldcoretop_allseds_sst"
"1124",1.71648893557324,22.5801552583148,34.8705180190349,42.8212240567602,79.1932580639476,49.0758474434349,18.6328582690116,9.88627587804103,13.12274276,13.9841761422515,45.3769642168194,12.22870203,53.6908445965656,6.46550774949961,8.37482440767874,3.798880758,84.0143405462643,20.3945735629354,2.71830941786724,1.47730667639704,1.71960843011196,0.898362741379672,20.89048072,0.760942382682995,0.140833549375295,0.63818072801958,0.372191523,0.970267073856683,0.128995665043951,0.736807883096944,2.35,2.91,4.832,1,"noRSnocoldcoretop_allseds_sst_125","noRSnocoldcoretop_allseds_sst"
"1125",-3.76473061514618,23.4602528995063,32.9370263481537,37.5188661220893,63.0849216206501,54.873141508465,20.5597726207908,10.0343439483752,10.4239251016939,11.0998734977449,34.61456235,16.8790809103233,60.8409921135652,6.70610003842874,8.43437749607075,3.1189160650378,74.1502795748381,18.2617380807774,5.25386681011055,0.129498729987354,1.16348779632388,0.737444845056239,28.6117637000788,0.71596584407271,0.249032556318901,0.633226929541743,0.926403003128712,0.852708000635494,0.0194531582129043,0.706244355882863,2.47,2.91,2.946,2,"noRSnocoldcoretop_allseds_sst_126","noRSnocoldcoretop_allseds_sst"
"1126",-3.61141078647286,22.631654682298,32.9372748042487,49.80767944,63.1978422769148,48.1253912212251,20.47543738,10.0991308644909,11.6748291487389,19.225915054266,34.61456235,12.98235682,60.2650842326199,6.75518400255605,8.42714985920369,3.19563918063852,72.5821167400029,15.7440745695736,5.26622381995888,0.352728366004007,1.55317474513964,0.896883695205476,27.8849185138198,0.808104086898739,0.187525120206723,0.645084328402017,0.325479225477057,0.883378870749628,0.0190109048528595,0.702204051514064,2.34,2.92,3.428,1,"noRSnocoldcoretop_allseds_sst_127","noRSnocoldcoretop_allseds_sst"
"1127",0.0106777842193528,22.8853661125304,34.4418936105785,43.0187418860588,79.4699980509516,51.79385319,18.63991042,9.70177602420318,13.2143235300278,14.0117676399202,45.4127430765027,15.0027498339352,61.5764555440436,7.22531460257226,8.38990661405881,3.803325431,84.2566300726674,14.1010499905318,3.58339339545798,0.913823626342989,0.414139064,0.186204051502813,20.3204990190004,1.53156820299238,0.137221747575852,0.649286338980382,0.209893831372211,0.974062510615419,0.0193083515408391,0.682006123373133,2.36,2.92,3.372,1,"noRSnocoldcoretop_allseds_sst_128","noRSnocoldcoretop_allseds_sst"
"1128",-0.186486395155176,22.8853661125304,34.4418936105785,43.0187418860588,79.4699980509516,51.79385319,18.63991042,9.70177602420318,13.2143235300278,14.0117676399202,45.4127430765027,15.0027498339352,61.5764555440436,7.22531460257226,8.38990661405881,3.803325431,84.2566300726674,14.1010499905318,3.58339339545798,0.913823626342989,0.414139064,0.186204051502813,20.3204990190004,1.53156820299238,0.137221747575852,0.649286338980382,0.209893831372211,0.974062510615419,0.0193083515408391,0.682006123373133,2.36,2.92,3.405,1,"noRSnocoldcoretop_allseds_sst_129","noRSnocoldcoretop_allseds_sst"
"1129",-4.89856251783837,24.8388203035774,32.8031697750584,39.2970573535843,69.0857547818688,55.11062488,21.400146212719,11.0467517605387,12.8645531463449,14.9760605339288,43.3619968140716,17.1037780973279,65.701848158709,6.71455258745586,7.77459915854167,3.93090937431255,74.6614248693219,17.9454126350107,3.91898762284731,0.159076844240241,0.144853368661875,0.0318213030968235,20.3840245435453,0.236428069840493,0.138807424876206,0.577623016014798,0.690410998708247,0.883398189934413,0.00842462234039547,0.359449227309874,2.5,2.92,2.836,1,"noRSnocoldcoretop_allseds_sst_130","noRSnocoldcoretop_allseds_sst"
"1130",-4.93468944282657,24.8388203035774,32.8031697750584,39.2970573535843,69.0857547818688,55.11062488,21.400146212719,11.0467517605387,12.8645531463449,14.9760605339288,43.3619968140716,17.1037780973279,65.701848158709,6.71455258745586,7.77459915854167,3.93090937431255,74.6614248693219,17.9454126350107,3.91898762284731,0.159076844240241,0.144853368661875,0.0318213030968235,20.3840245435453,0.236428069840493,0.138807424876206,0.577623016014798,0.690410998708247,0.883398189934413,0.00842462234039547,0.359449227309874,2.5,2.92,2.838,1,"noRSnocoldcoretop_allseds_sst_131","noRSnocoldcoretop_allseds_sst"
"1131",-4.93468944282657,23.1204653695015,32.8941882155806,39.2970573535843,69.0856210902333,55.11062488,21.4380858644867,10.8147413253192,12.8562955205552,14.9760605339288,43.3302126678758,17.0238591112478,65.700409644062,6.74892711502575,8.44026975506463,3.80621940753133,74.7473215922432,18.3422558505544,3.93402108285175,0.137940362450276,0.14241540229558,0.893237390230977,18.0365099172043,0.236428069840493,0.1403776242232,0.446293272928359,0.695037715714609,0.839798719342236,0.00560466683165096,0.359449227309874,2.57,2.92,2.743,1,"noRSnocoldcoretop_allseds_sst_132","noRSnocoldcoretop_allseds_sst"
"1132",-4.93468944282657,23.1204653695015,32.8971028089421,39.4025105860312,69.0637741124619,55.11062488,21.4061958331117,10.7947983090023,12.8562955205552,14.9760605339288,43.368553316204,17.0201929643645,65.7919138498924,6.74863775548732,8.45283061217127,3.80621940753133,74.7473215922432,18.2849035593597,3.93402108285175,0.137940362450276,0.141936814867545,0.902202104532035,18.0364173674365,0.256221042663205,0.140366427742552,0.446729906773443,0.695052868306331,0.838441972560423,0.00561383586139847,0.359449227309874,2.57,2.92,2.752,1,"noRSnocoldcoretop_allseds_sst_133","noRSnocoldcoretop_allseds_sst"
"1133",-3.33565698458281,25.1450430688443,32.9310870328519,49.80767944,63.0973154662451,48.313061779078,20.4517130368137,10.2311949818882,12.446770156914,19.5360793196898,34.61456235,12.969950558275,60.9287990443013,6.75528247021531,8.42136001301276,3.20655924500051,72.9056693455611,15.5939570313829,5.27459215772432,1.00655398744038,1.55194724540424,0.677882166240528,28.5482095810575,1.15484281203822,0.187550519793598,0.709977908359364,0.319662174961922,0.970688550397142,0.0179583518423109,0.701770485678471,2.33,2.93,3.234,1,"noRSnocoldcoretop_allseds_sst_134","noRSnocoldcoretop_allseds_sst"
"1134",-4.96567724951055,24.8388203035774,32.8031697750584,39.3456968390965,69.0949562088352,55.11062488,21.4854123044595,11.0987807131653,13.1383950542761,14.9760605339288,43.3619968140716,17.1037780973279,65.701848158709,6.71402478738592,7.77459915854167,3.93090937431255,74.6614248693219,17.9454126350107,3.93395971821448,0.137589795020284,0.144853368661875,0.0327556744516321,20.4056071292458,0.236428069840493,0.138807424876206,0.577623016014798,0.690637051239193,0.883398189934413,0.00842462234039547,0.359449227309874,2.5,2.93,2.825,1,"noRSnocoldcoretop_allseds_sst_135","noRSnocoldcoretop_allseds_sst"
"1135",-3.40210012949216,22.8724017043264,32.9449374100336,37.8397273082856,70.1277682318835,56.5036612014683,20.2503366452931,11.0436882078201,12.7459197870444,7.09463183490644,39.4376484835104,17.964868456752,63.3329685866151,6.46306081524027,7.760585276768,3.17405562573688,78.47435986,15.5924761173262,1.43262146928031,0.935057529932792,0.271371817246611,1.20197288310243,20.2681480942026,0.249350248797018,0.138822861519155,0.578859597803785,0.289486131625258,0.969932496443678,0.0178613830339608,0.707094706620983,2.3,2.94,4.974,1,"noRSnocoldcoretop_allseds_sst_136","noRSnocoldcoretop_allseds_sst"
"1136",-0.628961078525668,22.9156653676187,34.4430045769215,43.0187418860588,79.4699980509516,51.79385319,18.63991042,9.70177602420318,13.2143235300278,14.0117676399202,45.3224644932701,15.1076321614412,59.9022118029259,7.22531460257226,8.38990661405881,3.803325431,84.2664725802362,14.1010499905318,4.01273678055503,0.913823626342989,0.414855157371782,0.0590898648308956,20.3501604729904,1.5062621746992,0.138182813030602,0.649286338980382,0.544363130811504,0.972515342395348,0.0188121232340068,0.682006123373133,2.37,2.94,3.726,2,"noRSnocoldcoretop_allseds_sst_137","noRSnocoldcoretop_allseds_sst"
"1137",-3.42185004429249,22.63162797,30.2361022183713,49.8084209660256,62.9571047876039,49.0237479428721,20.4720630921368,11.0469718545202,10.4553984411757,19.0999406190919,34.6145820402416,12.98235682,60.2655756570291,6.92888455596696,8.4162933072982,3.81933746333108,72.9057021926056,18.1985478081209,5.27512804255905,0.106931934289314,1.55099935950518,0.39555892649957,28.5187071066308,0.720716137147877,0.18824618968057,0.785667092305181,0.163179448627339,0.972024671797184,0.0249846215055816,0.699961148053477,2.41,2.94,3.075,1,"noRSnocoldcoretop_allseds_sst_138","noRSnocoldcoretop_allseds_sst"
"1138",-3.42124261879783,22.63162797,30.2361022183713,49.7285840106054,62.9570271733827,49.0261116029878,20.4720630921368,11.0484714747424,10.4553984411757,19.0999406190919,34.610279698698,12.98235682,60.2655756570291,6.92888455596696,8.43876321945565,3.8138677490734,72.9057021926056,18.31753707,5.27512804255905,0.0760630493810762,1.55049775632128,0.39555892649957,28.5187071066308,0.720716137147877,0.187446282330721,0.785667092305181,0.163179448627339,0.972711929067367,0.0224449753979765,0.699961148053477,2.42,2.94,3.087,1,"noRSnocoldcoretop_allseds_sst_139","noRSnocoldcoretop_allseds_sst"
"1139",-6.80792557756364,22.8988367533653,34.3780214661467,43.2655804280224,63.3712053676918,68.6365895088719,22.9960484109836,10.1186532414247,13.5473491774393,14.7192118671684,43.9828879341748,22.4476865861001,60.90432226,5.80183046436237,8.45714373523269,3.78447651239992,72.1199512476695,18.6986627597675,5.63308592279614,0.638767045946486,0.326500129308938,0.89614426408554,18.8430154394654,0.960896274253807,0.133482531929811,0.560305176432543,0.592751338990157,0.835331055859374,0.0185210895342371,0.342459557940712,2.77,2.94,2.665,1,"noRSnocoldcoretop_allseds_sst_140","noRSnocoldcoretop_allseds_sst"
"1140",-3.76473061514618,23.4602528995063,32.631134070998,37.5197071085638,63.0734698662241,55.153841358365,20.5584880185919,10.0343439483752,10.4239251016939,11.0998734977449,34.61456235,16.8790809103233,60.8408897944944,6.70610003842874,8.43437749607075,3.11860291954671,74.1502795748381,18.2617380807774,5.25386681011055,0.129919846706015,1.15211850613264,0.755819739989544,28.8267904422261,0.71596584407271,0.249032556318901,0.633226929541743,0.926403003128712,0.852708000635494,0.00831020041276342,0.951986895934125,2.44,2.95,2.892,1,"noRSnocoldcoretop_allseds_sst_141","noRSnocoldcoretop_allseds_sst"
"1141",-3.71874322756467,23.1329824813976,32.8886645683573,39.2679950761868,69.0857547818688,55.11062488,20.3987054455311,11.0863241621643,12.8572814157119,14.9760605339288,43.3619968140716,17.1037780973279,65.701848158709,6.71446963597705,8.07524054040957,3.93090937431255,74.7473215922432,17.9454126350107,5.25590924375502,0.137940362450276,0.141946128025976,0.0318213030968235,18.0275341112762,0.23737588540684,0.139808725914331,0.446293272928359,0.693372915550008,0.883398189934413,0.00591178232045048,0.69594581437233,2.51,2.95,2.809,1,"noRSnocoldcoretop_allseds_sst_142","noRSnocoldcoretop_allseds_sst"
"1142",0.338471644135455,22.8079352869812,34.4489158602967,43.1892708511636,83.3614810411723,51.79385319,18.7398822196093,10.0209805264029,13.2160026788306,13.9298258822195,43.363155908644,15.8976897729053,61.4935287049071,6.74341283451976,8.44015758355038,3.15743530093936,84.2568325572359,13.9063735491474,3.9515594990304,0.915537932774545,1.6267405364494,0.0163863164982244,28.4035755106989,0.802471393,0.17102795637583,0.444142134349187,0.338437500894211,0.972728730006793,0.00864850945108843,0.891206257368143,2.35,2.96,3.933,2,"noRSnocoldcoretop_allseds_sst_143","noRSnocoldcoretop_allseds_sst"
"1143",-0.00675369143942939,22.8079352869812,34.4157415965529,43.0189043122454,79.2427578903798,51.79385319,18.7439415450944,9.71606620293311,13.2160026788306,13.9515927966198,45.3993104868624,15.8976897729053,61.5789476400122,7.22247486252649,8.41786968458141,3.19275435602071,84.2568325572359,13.9063735491474,3.5653982313076,0.913727630100551,1.67967208755893,0.894092302510294,20.1903312703311,0.800673104618354,0.169470960376313,0.649260295225481,0.340824861097263,0.972728730006793,0.0193629190836886,0.896315693800018,2.29,2.97,3.454,1,"noRSnocoldcoretop_allseds_sst_144","noRSnocoldcoretop_allseds_sst"
"1144",-3.62762566056017,22.9160469541773,29.935461670097,38.4430661889299,62.9547956831969,55.0611498278049,20.5031982458959,10.0221786551683,10.45103407,10.9776531477983,34.6116612902135,16.8787080066876,60.0409420831577,6.71597297425423,8.06827660918531,3.1446245245509,74.2478004226495,18.2169429465748,5.27740571644693,0.168701983202173,1.16476722282041,0.894785485390093,28.7357403252635,0.255589869981334,0.187159962072239,0.688843418255719,0.170655922319019,0.346080680890361,0.00830412491688934,0.699840786551329,2.4,2.97,2.913,1,"noRSnocoldcoretop_allseds_sst_145","noRSnocoldcoretop_allseds_sst"
"1145",-3.6258908268981,22.9097747466738,29.935461670097,38.4430661889299,62.9547956831969,55.0611498278049,20.5031982458959,10.0216932391891,10.45103407,10.9776531477983,34.6116612902135,16.9005673704781,60.0409420831577,6.71597297425423,8.06827660918531,3.1446245245509,74.2479016469478,18.2169429465748,5.27740571644693,0.168701983202173,1.16476722282041,0.894258306143495,28.864974026431,0.255589869981334,0.186930481606517,0.688843418255719,0.170781406439876,0.346080680890361,0.0073084718225279,0.699526135947422,2.4,2.98,2.885,1,"noRSnocoldcoretop_allseds_sst_146","noRSnocoldcoretop_allseds_sst"
"1146",-0.2750612099879,22.5042415604534,32.7699739275058,40.2376987541794,69.0585642439322,51.6558065707067,18.6353905432455,11.1049145578925,12.7380862334071,11.014924119771,43.2864190833381,17.0154730115793,65.7085528177022,6.902737169926,8.02534460861957,3.45185568688657,75.5225739292743,13.7161618936653,3.94307875521983,0.602112781022757,0.268413283460322,0.812907296233147,20.4070364137518,0.245285104681579,0.136046743134684,0.579769313425833,0.674607572770698,0.88242784686959,0.128640668480421,0.678144684557469,2.31,2.99,4.541,2,"noRSnocoldcoretop_allseds_sst_147","noRSnocoldcoretop_allseds_sst"
"1147",-3.6258908268981,22.9097747466738,29.935461670097,38.4430661889299,62.9547956831969,55.0611498278049,21.1817412444801,10.0216932391891,10.45103407,11.0583491850118,34.6116741293657,16.8790809103233,60.0409420831577,6.70664428464316,8.07304525060835,3.1446245245509,74.2412251173908,18.2169429465748,5.27740571644693,0.168701983202173,1.16476722282041,0.89575604002721,28.7309768235468,0.255602186143416,0.186930481606517,0.680592501770005,0.170781406439876,0.346080680890361,0.00831020041276342,0.699526135947422,2.42,2.99,2.795,1,"noRSnocoldcoretop_allseds_sst_148","noRSnocoldcoretop_allseds_sst"
"1148",-3.81639557419835,22.2598824032478,29.934147087521,38.4430661889299,62.9547956831969,55.0611498278049,21.1817412444801,10.0221803133991,10.4509898207378,11.0583491850118,34.6116196989376,16.8791962196178,60.0409420831577,6.70664428464316,8.07303986089537,3.07467047761573,74.2174181778742,18.2169429465748,5.27736820092082,0.170281492688202,1.13858690835593,0.884993071148404,28.7309768235468,0.255556164256137,0.187168508,0.680592501770005,0.170659588,0.346066162369904,0.00716394686088185,0.699828104696561,2.43,2.99,2.77,1,"noRSnocoldcoretop_allseds_sst_149","noRSnocoldcoretop_allseds_sst"
"1149",-3.62611787297258,22.9128592874985,30.1619137357878,38.4430661889299,63.0713386230924,55.0611498278049,21.1592882108729,9.96597184370918,10.4510050984698,11.1482776189008,34.6145945011442,16.8790793673318,60.0409420831577,6.70667029226319,8.07304525060835,3.14457243563485,74.2752405549158,18.2179760707469,5.09548945859378,0.171098129301615,1.13927702660376,1.18093590514069,28.7309768235468,0.255564777227485,0.187168508,0.680420337429566,0.170658608756538,0.346005692802823,0.00715737333920033,0.699548946633778,2.43,2.99,2.774,1,"noRSnocoldcoretop_allseds_sst_150","noRSnocoldcoretop_allseds_sst"
"1150",-4.62791107136997,22.0578254252466,31.2444487298132,32.4379568442531,58.5513523127259,61.5952491601575,19.0747300561642,13.3019181529867,13.4679355700041,10.453587696773,39.3688301610543,21.5453874595817,68.4944026686781,6.64706096678423,8.26648109207414,3.62847096761153,76.5306909283972,21.5851714893811,1.78484355620656,0.537035008515456,0.0858276450484908,0.372338887926643,11.487863397057,0.00807925370752833,0.0588872342411827,0.50456898,0.320135995017809,0.987315607754073,0.0316070962993979,0.363575867440411,2.38,2.6,3.471,1,"noRSnocoldcoretop_allseds_deep_1","noRSnocoldcoretop_allseds_deep"
"1151",-4.88322702488833,22.0631136137707,29.0650949223246,33.1131202485104,58.5497555950969,61.286909609492,19.1236195109434,13.2456161953664,10.1432518989862,10.4345077617461,38.9186249455937,21.5450662089258,68.4997321385008,6.57787770061427,9.12906132713535,3.6232264479674,74.1740261858586,21.60906340224,5.4175143513656,0.634168939568904,0.963585987756048,0.338175717306335,14.4202166019037,0.0946933594865182,0.061177357569968,0.50456898,0.32001533904377,0.979313500320921,0.027488019385775,0.363536594611723,2.38,2.6,3.943,1,"noRSnocoldcoretop_allseds_deep_2","noRSnocoldcoretop_allseds_deep"
"1152",-4.62791107136997,22.0554389993974,31.2740256157418,32.4403084472783,58.5513523127259,61.5952491601575,19.0736613788055,13.3009050475023,13.4679355700041,10.453587696773,37.9698384755328,21.5452701628594,68.4944026686781,6.64706096678423,8.266489022,3.65632800708866,76.3799031393624,21.5851714893811,1.78484355620656,0.537035008515456,0.103921599074142,0.249951659007865,11.487863397057,0.0360279839766293,0.0588872342411827,0.504126362280526,0.320202499955376,0.987122811987804,0.0316070962993979,0.363576151718739,2.39,2.6,3.129,1,"noRSnocoldcoretop_allseds_deep_3","noRSnocoldcoretop_allseds_deep"
"1153",-4.62791107136997,22.0578254252466,31.2444487298132,32.4770554103412,58.5513523127259,61.5952491601575,19.0747300561642,13.3019181529867,13.4679355700041,10.453587696773,39.4184311412768,21.5428690101528,68.4944026686781,6.64706096678423,8.26648109207414,3.62847096761153,76.5306909283972,21.5851714893811,1.78484355620656,0.537035008515456,0.0858276450484908,0.372358165641899,11.487863397057,0.00825104879884062,0.0588872342411827,0.50456898,0.320135995017809,0.98733702923136,0.0316070962993979,0.365164583308188,2.38,2.61,3.485,1,"noRSnocoldcoretop_allseds_deep_4","noRSnocoldcoretop_allseds_deep"
"1154",-4.62791107136997,22.0578254252466,31.2444487298132,32.4771353964983,58.5512073086862,61.5952491601575,19.0747300561642,13.3006230931349,13.4679355700041,10.453587696773,39.4184311412768,21.5428690101528,68.4944026686781,6.64984670452208,8.26648109207414,3.62847096761153,76.3798096678326,21.5851714893811,1.9527207740953,0.547128649470287,0.0858276450484908,0.372358165641899,11.487863397057,0.00825104879884062,0.0588872342411827,0.50456898,0.320135995017809,0.98733702923136,0.0316655285857715,0.365590279060916,2.38,2.61,3.486,1,"noRSnocoldcoretop_allseds_deep_5","noRSnocoldcoretop_allseds_deep"
"1155",-3.97744944470974,22.0578254252466,31.2444487298132,32.4379568442531,58.5513523127259,61.5952491601575,19.0747300561642,13.3019181529867,13.4679355700041,10.453587696773,39.3688301610543,21.5453874595817,68.4944026686781,6.64706096678423,8.26648109207414,3.62847096761153,76.5306909283972,21.5851714893811,1.78484355620656,0.537035008515456,0.0858276450484908,0.372338887926643,11.487863397057,0.00807925370752833,0.0588872342411827,0.50456898,0.320135995017809,0.987315607754073,0.0316070962993979,0.363575867440411,2.38,2.61,3.767,1,"noRSnocoldcoretop_allseds_deep_6","noRSnocoldcoretop_allseds_deep"
"1156",-4.62791107136997,22.0554389993974,31.2740256157418,32.4403084472783,58.5513523127259,61.5421648311483,19.1229029786551,13.3003390877169,13.4679355700041,10.453587696773,39.061341598369,21.545289509029,68.4944026686781,6.64706096678423,8.29983410645959,3.66075680830078,76.3799031393624,21.5858593243034,1.78484355620656,0.537035008515456,0.103921599074142,0.374059791157147,11.487863397057,0.0343730320556092,0.0587273542317563,0.50456898,0.320135995017809,0.987122811987804,0.0274128510946987,0.363576151718739,2.39,2.61,3.384,1,"noRSnocoldcoretop_allseds_deep_7","noRSnocoldcoretop_allseds_deep"
"1157",-4.60704394897936,22.0554421987266,31.2740256157418,32.4403084472783,58.551356728816,61.5446743805661,19.0753583,13.220273461834,13.44156450749,10.453587696773,37.9698384755328,21.5452551267189,68.494713364958,6.64706096678423,8.266489022,3.658048017643,76.3792180432551,21.607941173406,1.77578038166174,0.535160138996401,0.103824112521591,0.374059791157147,11.4883182742769,0.0363788341078243,0.0588872342411827,0.50456898,0.320135995017809,0.987527567079914,0.0316070962993979,0.365619236447293,2.39,2.61,3.153,2,"noRSnocoldcoretop_allseds_deep_8","noRSnocoldcoretop_allseds_deep"
"1158",-4.62791107136997,22.0554389993974,31.2740256157418,32.4403084472783,58.5513523127259,61.5952491601575,19.0753583,13.3009050475023,13.4679355700041,10.453587696773,37.9698384755328,21.5452701628594,68.4944026686781,6.64706096678423,8.266489022,3.65632800708866,76.3799031393624,21.5851714893811,1.78484355620656,0.537035008515456,0.103921599074142,0.374059791157147,11.487863397057,0.0360279839766293,0.0588872342411827,0.50456898,0.320135995017809,0.987122811987804,0.0316070962993979,0.363576151718739,2.39,2.61,3.154,2,"noRSnocoldcoretop_allseds_deep_9","noRSnocoldcoretop_allseds_deep"
"1159",-4.62791107136997,22.0554389993974,31.2740256157418,32.4794070133664,58.5513523127259,61.5952491601575,19.0753583,13.3009050475023,13.4679355700041,10.453587696773,38.0194394557553,21.5427517134305,68.4944026686781,6.64706096678423,8.266489022,3.65632800708866,76.3799031393624,21.5851714893811,1.78484355620656,0.537035008515456,0.103921599074142,0.374079068872402,11.487863397057,0.0361998087936123,0.0588872342411827,0.50456898,0.320135995017809,0.987144233465092,0.0316070962993979,0.365164867586516,2.39,2.61,3.159,2,"noRSnocoldcoretop_allseds_deep_10","noRSnocoldcoretop_allseds_deep"
"1160",-4.62863144782629,22.4435193235959,31.2740256157418,32.4403084472783,58.5649337037771,61.5952491601575,19.0753583,13.3009050475023,13.2569271385069,10.4670956207492,39.4124208473277,21.5454431967415,68.61164516692,6.64768795830572,8.26643814188286,3.65632800708866,76.3907875245924,21.5851714893811,1.78484355620656,0.53670954822161,0.103946240406926,0.374059791157147,9.85043590985908,0.0357222345886482,0.0589000904918412,0.50456898,0.31488965195153,0.987789326900731,0.0119650300297375,0.363576151718739,2.39,2.61,3.242,2,"noRSnocoldcoretop_allseds_deep_11","noRSnocoldcoretop_allseds_deep"
"1161",-4.62791107136997,22.1122414460291,31.2740256157418,32.4403084472783,58.5513523127259,61.5952491601575,19.0735813692808,13.3009050475023,13.4679355700041,10.453587696773,37.9698384755328,21.5452701628594,68.4944026686781,6.64706096678423,8.266489022,3.65632800708866,76.3799031393624,21.5851714893811,2.04116595014194,0.537035008515456,0.571731687537239,0.250242638162496,11.487863397057,0.0360279839766293,0.0588872342411827,0.513392640699965,0.308322629586129,0.9904800889481,0.0319871384944831,0.363576151718739,2.39,2.62,3.278,2,"noRSnocoldcoretop_allseds_deep_12","noRSnocoldcoretop_allseds_deep"
"1162",-4.43541619552809,22.0549776143229,31.2737975717993,32.4311272366368,58.5645110053805,61.5389470705901,19.0753583,13.3006826608884,13.6187335737474,10.453587696773,37.9698384755328,21.5431207053778,68.4777719664388,6.56834309512423,8.26657831037898,3.41427874039905,76.3744053402449,21.6077338826002,1.95263489978326,0.559734418030488,0.1037078129883,0.372394140159266,11.5175511828127,0.00944262049605652,0.058801202295722,0.50456898,0.320135995017809,0.968251191422878,0.0172855831602112,0.363576151718739,2.37,2.63,3.219,1,"noRSnocoldcoretop_allseds_deep_13","noRSnocoldcoretop_allseds_deep"
"1163",-4.62791107136997,22.0554389993974,31.2740256157418,32.4403084472783,58.5513578966095,61.5948514357754,19.0753583,13.220273461834,13.44156450749,10.453587696773,37.9698384755328,21.5452551267189,68.494713364958,6.64706096678423,8.266489022,3.65632800708866,76.3799031393624,21.5851714893811,1.77578038166174,0.188080271644384,0.0853413288188862,0.374059791157147,11.487863397057,0.0360279839766293,0.0588872342411827,0.50456898,0.320135995017809,0.987122811987804,0.0316070962993979,0.363576151718739,2.38,2.63,3.06,1,"noRSnocoldcoretop_allseds_deep_14","noRSnocoldcoretop_allseds_deep"
"1164",-4.69245958814442,22.0549806757525,31.2740256157418,32.4910454080822,58.55120865,61.5389470705901,19.0753583,13.3006826608884,13.6278108761638,10.453587696773,37.9698384755328,21.5431207053778,68.4783141909,6.64989273420565,8.266489022,3.41350310336184,76.3791940003527,21.6077338826002,1.95263489978326,0.5474755603595,0.1037078129883,0.374145952783582,11.5147093457723,0.0305321935829423,0.0588036006563336,0.50456898,0.320135995017809,0.986512499890446,0.0274866919957553,0.365585709753932,2.37,2.64,3.204,1,"noRSnocoldcoretop_allseds_deep_15","noRSnocoldcoretop_allseds_deep"
"1165",-4.69465672185115,22.0549806757525,31.272347248054,32.5003387259555,58.5515509334851,61.5389470705901,19.0753583,13.3012690803381,13.6186742131843,10.453587696773,37.9698384755328,21.5431207053778,68.4782702249074,6.65180775299417,8.2664736603263,3.41350310336184,76.3791940003527,21.6077338826002,2.17204062273703,0.54892526827782,0.101923588719788,0.374151876724969,11.5177101834448,0.0305947011682562,0.0588036006563336,0.504570618343768,0.320346457193981,0.978821973033748,0.0274866919957553,0.365585709753932,2.37,2.64,3.248,1,"noRSnocoldcoretop_allseds_deep_16","noRSnocoldcoretop_allseds_deep"
"1166",-5.16163454817337,22.0549806757525,31.2740256157418,32.4910454080822,58.55120865,61.5389470705901,19.0753583,13.3006826608884,13.6186742131843,10.453587696773,37.9698384755328,21.5431207053778,68.4782902335574,6.64989273420565,8.266489022,3.41350310336184,76.3791940003527,21.6077338826002,1.95263489978326,0.5474755603595,0.1037078129883,0.374145952783582,11.553340141953,0.0305321935829423,0.0588036006563336,0.50456898,0.320135995017809,0.96470668231886,0.0274866919957553,0.365585709753932,2.37,2.64,3.25,2,"noRSnocoldcoretop_allseds_deep_17","noRSnocoldcoretop_allseds_deep"
"1167",-4.62753604936593,22.4340736506804,30.1722709648561,32.3799014828963,58.5649286617357,57.3673427654302,19.1130254471849,13.2998816602685,13.2498270944738,10.4373533218225,39.4077271758328,20.8191441530245,69.0301729866952,6.64605766270864,8.26638046089101,3.31560233564437,76.3907735026075,17.5268881749307,1.20733719828992,0.547660216063198,0.125228672443039,0.374047577193636,9.85134275788972,0.00937513755976316,0.0637017307460738,0.509535656852381,0.31836688538575,0.967906269779471,0.0119645489517617,0.324752741093366,2.31,2.65,3.244,1,"noRSnocoldcoretop_allseds_deep_18","noRSnocoldcoretop_allseds_deep"
"1168",-5.18250167056398,22.0549774764233,31.2740256157418,32.4910454080822,58.5512098177935,61.5891241257994,19.0753583,13.3006826608884,13.6186742131843,10.453587696773,37.9698384755328,21.5431207053778,68.4782902335574,6.64989273420565,8.266489022,3.4117830928075,76.37987909646,21.5849641985753,1.95263489978326,0.200395694178468,0.0852250292855958,0.374145952783582,11.552885264733,0.0301813434517474,0.0588036006563336,0.50456898,0.320135995017809,0.964301927133005,0.0274866919957553,0.363542625025378,2.36,2.65,3.194,1,"noRSnocoldcoretop_allseds_deep_19","noRSnocoldcoretop_allseds_deep"
"1169",-4.69465672185115,22.0549806757525,31.2740256157418,32.490965421925,58.5513536540397,61.5389470705901,19.0753583,13.3019777207402,13.6186742131843,10.453587696773,37.9698384755328,21.5431207053778,68.4782902335574,6.64710699646781,8.266489022,3.41350310336184,76.5300752609173,21.6077338826002,1.78475768189452,0.53738191940467,0.1037078129883,0.374145952783582,11.553340141953,0.0305321935829423,0.0588036006563336,0.50456898,0.320135995017809,0.96470668231886,0.0274282597093817,0.365160014001204,2.37,2.65,3.202,1,"noRSnocoldcoretop_allseds_deep_20","noRSnocoldcoretop_allseds_deep"
"1170",-4.69465672185115,22.0549806757525,31.272347248054,32.4910454080822,58.55120865,61.5389470705901,19.0753583,13.3012774355179,13.6186742131843,10.453587696773,37.9698384755328,21.5431207053778,68.4782702249074,6.64989865483215,8.266489022,3.41350310336184,76.3791940003527,21.6077338826002,1.95263489978326,0.5474755603595,0.101923588719788,0.374151876724969,11.5177101834448,0.0305947011682562,0.0588036006563336,0.504927489322518,0.320346457193981,0.96470668231886,0.0274866919957553,0.365585709753932,2.37,2.65,3.203,2,"noRSnocoldcoretop_allseds_deep_21","noRSnocoldcoretop_allseds_deep"
"1171",-4.69465672185115,22.0549806757525,31.2740256157418,32.4910454080822,58.55120865,61.5389470705901,19.0753583,13.3006826608884,13.6186742131843,10.453587696773,37.9698384755328,21.5431207053778,68.4782902335574,6.64989273420565,8.266489022,3.41350310336184,76.3791940003527,21.6077338826002,1.95263489978326,0.5474755603595,0.1037078129883,0.374145952783582,11.553340141953,0.0305321935829423,0.0588036006563336,0.50456898,0.320135995017809,0.96470668231886,0.0274866919957553,0.365585709753932,2.37,2.65,3.205,2,"noRSnocoldcoretop_allseds_deep_22","noRSnocoldcoretop_allseds_deep"
"1172",-4.69529215361021,22.0549760960448,31.2740256157418,32.4898354594857,58.55120865,61.5389470705901,19.0753583,13.2188096473835,13.4494513597807,10.453587696773,37.9698384755328,21.5451216246126,68.4782902335574,6.64669098299773,8.266489022,3.41186038800099,76.3791940003527,21.6077338826002,1.95263489978326,0.152159480783607,0.0849671156887814,0.374145952783582,11.553340141953,0.0305321935829423,0.0588036006563336,0.50456898,0.320135995017809,0.98724069979619,0.0317359636226454,0.365585709753932,2.36,2.66,3.09,1,"noRSnocoldcoretop_allseds_deep_23","noRSnocoldcoretop_allseds_deep"
"1173",-4.43541619552809,22.0554389993974,31.2737975717993,32.4290933927638,58.5645110053805,61.5389470705901,19.0753583,13.3006826608884,13.5729416115595,10.453587696773,37.9698384755328,21.5431207053778,68.4777844903693,6.56834309512423,8.26657831037898,3.32124514864138,76.3744053402449,21.6077338826002,1.95263489978326,0.559734418030488,0.1037078129883,0.372394140159266,11.5173444152899,0.00944043758410802,0.058801202295722,0.50456898,0.320135995017809,0.968251191422878,0.0172855831602112,0.363576151718739,2.37,2.66,3.21,2,"noRSnocoldcoretop_allseds_deep_24","noRSnocoldcoretop_allseds_deep"
"1174",-4.68604150031208,22.4373344198233,31.2740256157418,32.4403084472783,58.5513523127259,61.5952491601575,19.1139624666989,13.303352197788,13.4679355700041,10.453587696773,37.9698384755328,21.5452120098577,68.493735427438,6.64706096678423,8.266489022,3.65632800708866,76.3799031393624,21.5851714893811,1.20438836658018,0.537035008515456,0.103921599074142,0.374059791157147,11.487863397057,0.0354261117513014,0.0588872342411827,0.504422765693562,0.539115028132484,0.967534872081951,0.0316070962993979,0.362282441030828,2.4,2.66,3.067,2,"noRSnocoldcoretop_allseds_deep_25","noRSnocoldcoretop_allseds_deep"
"1175",-6.09634684702058,22.0554389993974,28.2879655809763,32.4825083115236,58.102030640998,61.5389470705901,20.1900946800963,13.3008259286677,10.1127202754093,10.4461748970729,37.9698384755328,21.543120094319,68.4953051164647,6.64706096678423,8.266489022,3.35757108658858,76.3791480589352,21.515796451084,1.9479405327385,0.560428638454487,0.0900041252823498,0.373791502561718,11.3692569005886,0.0350868749723244,0.0588036006563336,0.50456898,0.319966466764056,0.987122811987804,0.0274866919957553,0.36675499446328,2.35,2.67,2.898,1,"noRSnocoldcoretop_allseds_deep_26","noRSnocoldcoretop_allseds_deep"
"1176",-4.82828731459539,22.0554389993974,28.2321531977055,32.4974287836864,58.5551408045851,61.5389470705901,19.1836275963496,13.3006826608884,9.91929576564296,10.453587696773,37.9698384755328,21.5431207053778,68.2443417302555,6.57238340446217,8.266489022,3.3329071890806,76.485112039238,21.6077338826002,1.78526308642896,0.559734418030488,0.444207886076944,0.373766568731081,16.6874632598562,0.0360279839766293,0.0588036006563336,0.50456898,0.320135995017809,0.954847656100095,0.0274866919957553,0.36675024514066,2.35,2.67,3.542,2,"noRSnocoldcoretop_allseds_deep_27","noRSnocoldcoretop_allseds_deep"
"1177",-4.82724994004877,21.7820580176268,29.0873652567954,33.1175025022779,58.5419072470363,62.2296499813334,20.5517381653471,13.3342771271945,10.124037198909,10.541004692762,38.9186249455937,21.5450662089258,61.126778953647,6.57787770061427,9.12371686850041,3.80100899624411,74.1641228461088,21.5054534625514,1.95263489978326,0.634168939568904,0.961658869127165,0.374059791157147,17.8254963642952,0.0946933594865182,0.061177357569968,0.490472913728846,0.329476578394112,0.981632119884669,0.010277222304448,0.363576151718739,2.36,2.67,3.067,2,"noRSnocoldcoretop_allseds_deep_28","noRSnocoldcoretop_allseds_deep"
"1178",-4.6377176026132,22.0363158048579,31.2740256157418,32.4910134355236,58.1214737712838,61.5389470705901,19.0753583,13.207797521229,13.6186742131843,10.453587696773,37.9698384755328,21.5431207053778,68.4744506224553,6.64989273420565,8.266489022,3.41350310336184,76.3791940003527,21.0508230958977,1.95263489978326,0.550443160909556,0.103919577536866,0.374145952783582,11.553340141953,0.0305321935829423,0.0588036006563336,0.50456898,0.320135995017809,0.96483209628079,0.0274866919957553,0.365566968563986,2.35,2.68,3.149,1,"noRSnocoldcoretop_allseds_deep_29","noRSnocoldcoretop_allseds_deep"
"1179",-5.00626582772912,19.7298862736806,29.1088839694476,33.1296790375575,58.0709753930068,58.3696304372754,20.3985010461438,8.87839333121893,11.3734000255043,10.4542594724675,26.145092828791,20.1370207372246,55.369011471574,6.590535225,8.34725406345659,3.6123764890946,73.4640645618384,17.00556939,8.07652907422121,0.873844781436462,0.446088009728897,0.339608811475987,39.4181676999962,1.232953244,0.0689955193731008,0.514786057651971,0.530942844212096,0.975819639513109,0.0419219292763335,0.346957794216679,2.55,2.68,2.815,1,"noRSnocoldcoretop_allseds_deep_30","noRSnocoldcoretop_allseds_deep"
"1180",-4.06961139696141,19.9944031269015,29.0479241701328,33.1234334537528,58.0764288047113,58.1848821507404,20.15328337132,8.92203345072646,11.3907934574296,10.3897851031623,25.9037976547484,20.8055698660043,55.4404487761706,6.59055734078887,8.35267336179962,3.58981552892377,73.9465184684699,17.0945572354866,5.61201345309708,0.880524311872018,0.436128324539966,0.335607577522826,40.2593654487728,1.19135345584659,0.0689082951303782,0.513429303567406,0.528371907113028,0.931418527462418,0.0361299311510049,0.344385815780334,2.52,2.69,2.921,2,"noRSnocoldcoretop_allseds_deep_31","noRSnocoldcoretop_allseds_deep"
"1181",-4.8680473649242,22.0554389993974,28.9119028175104,33.5661169127333,58.55120865,58.3844030647721,19.0753583,13.3186877954822,10.0283974635485,10.4544427644524,38.5351929068109,20.8063968942537,68.4777844903693,6.57890739669773,8.266489022,3.59094753954011,73.8557594243428,17.0850443808235,5.58906362120261,0.840513408423388,0.448986822400971,0.376514122680775,10.5008881369833,0.0360279839766293,0.0589251808576616,0.50456317516571,0.320135995017809,0.984817437900236,0.0274866919957553,0.363576151718739,2.38,2.7,3.013,2,"noRSnocoldcoretop_allseds_deep_32","noRSnocoldcoretop_allseds_deep"
"1182",-4.60844647825637,22.0581567615392,30.1969356266288,32.335532705544,58.565268824691,61.4288474905036,19.1130254471849,13.22331359,13.4832399745382,10.4815199216241,37.9484264085676,21.5010223776978,68.464485705188,6.59054185960342,8.26651921926568,3.25577715855022,76.3486124725029,21.6340016374795,1.20677828580876,0.542711421282978,0.103104604268918,0.375599308271659,11.5242076037439,0.0455312705222762,0.0700115484518354,0.508206123811823,0.546105210517512,0.967906269779471,0.0271223805472903,0.363497498479663,2.36,2.71,3.041,2,"noRSnocoldcoretop_allseds_deep_33","noRSnocoldcoretop_allseds_deep"
"1183",-4.96825399935517,19.8991809050718,29.1115940828816,33.2361592531673,58.1091581515219,58.5018441236524,20.15934837,9.59639072509678,11.3907675169372,10.4542594724675,26.0908337256479,20.2719532218497,55.6351750063649,6.5900000422811,9.07882529578035,3.71115436744688,73.0587401462633,17.0057380706155,7.97945862801218,0.863064955496906,0.445378905,0.338879663615676,39.62574611,1.12919039395472,0.0902422969930231,0.630681254412021,0.531231258115819,0.974875690496464,0.0163650263325255,0.355204641172207,2.5,2.72,2.757,2,"noRSnocoldcoretop_allseds_deep_34","noRSnocoldcoretop_allseds_deep"
"1184",-4.68544542437985,22.4340736506804,30.1584624042821,34.667067574927,58.5649286617357,57.2534438759643,19.1130254471849,13.2399445094138,13.2498270944738,12.327748358375,39.4077271758328,20.7972749395111,69.0301729866952,6.58678989309312,8.26638046089101,3.31560233564437,76.3907735026075,17.5268881749307,1.20733719828992,0.548044905131566,0.125228672443039,0.372158407498754,9.88139834854596,0.00937513755976316,0.0637017307460738,0.509535656852381,0.543376796555164,0.967906269779471,0.0123231630581789,0.324752741093366,2.31,2.73,3.18,1,"noRSnocoldcoretop_allseds_deep_35","noRSnocoldcoretop_allseds_deep"
"1185",-4.81491303331045,22.0554389993974,28.2321531977055,32.4974287836864,58.5551408045851,61.5389470705901,19.2394306196739,11.551417168481,11.3849997223111,10.453587696773,37.9698384755328,21.5744948757741,61.355826797594,6.57238340446217,8.26578923995361,3.3329071890806,76.485112039238,21.2259206489092,1.78526308642896,0.559734418030488,0.444207886076944,0.372832202295934,15.9115997813759,0.00480083578769536,0.0605415847118979,0.50456898,0.320135995017809,0.954847656100095,0.026518666849412,0.36675024514066,2.31,2.74,3.558,2,"noRSnocoldcoretop_allseds_deep_36","noRSnocoldcoretop_allseds_deep"
"1186",-4.61834041084469,22.433187359064,28.0981580408653,33.1553342571841,58.07775043,57.668644241199,19.0676338283227,11.6081300780774,11.3338651848854,10.4648160067271,39.3488877358367,21.4148517548391,69.0958321646215,6.56132878916367,8.36372450458656,3.63164155320645,76.5701512099567,17.006932647718,1.85184976905813,0.590206678640499,0.474321857526318,0.372648157700939,9.29981296168844,0.225579173136339,0.0603700227047234,0.512917513028661,0.542810824116115,0.978158829169524,0.0159628342021313,0.376613908708281,2.33,2.74,3.391,2,"noRSnocoldcoretop_allseds_deep_37","noRSnocoldcoretop_allseds_deep"
"1187",-4.68544542437985,22.4340699418275,30.1590202910556,34.5803599742573,58.5649286617357,57.0072192201951,19.1130254471849,13.2399445094138,13.2498270944738,12.3272896308195,39.4077271758328,20.7972749395111,68.6107038296595,6.57718795116767,8.26928329138603,3.31560233564437,76.3907735026075,17.5268826522448,1.20677828580876,0.548038524262159,0.084955196,0.372158407498754,9.880107842,0.00937513755976316,0.0581759257404892,0.508206123811823,0.542856638218787,0.967906269779471,0.0120399450143831,0.324752741093366,2.32,2.75,3.104,1,"noRSnocoldcoretop_allseds_deep_38","noRSnocoldcoretop_allseds_deep"
"1188",-4.68544542437985,22.4340699418275,30.1590202910556,34.5803599742573,58.5649286617357,57.0072192201951,19.1130254471849,13.2399445094138,13.2498270944738,12.3272896308195,39.4077271758328,20.7972749395111,68.6107038296595,6.57718795116767,8.26928329138603,3.31560233564437,76.3907735026075,17.5285065781181,1.20677828580876,0.548038524262159,0.084955196,0.372158407498754,9.880107842,0.00937513755976316,0.0581759257404892,0.508206123811823,0.542856638218787,0.967906269779471,0.0120399450143831,0.324752741093366,2.32,2.75,3.104,1,"noRSnocoldcoretop_allseds_deep_39","noRSnocoldcoretop_allseds_deep"
"1189",-4.61416954319367,22.4514171180559,30.3682720429021,34.6700599545918,58.5649286617357,61.7000035496485,19.0830522956747,13.2766546726666,13.598178161023,12.2998390074085,39.6863019065459,21.4203276631372,68.6216677946002,6.56002106836607,8.266489022,3.30987140643381,76.3248602674642,17.5791621473735,1.18413363618598,0.129201058539337,0.084955196,0.372376566136989,10.5325230303896,0.77926104404808,0.0598957101122702,0.509534925773451,0.53787585207205,0.967881180856809,0.0319881467104015,0.306642481113841,2.32,2.76,3.546,2,"noRSnocoldcoretop_allseds_deep_40","noRSnocoldcoretop_allseds_deep"
"1190",-6.15046335637542,22.0568747744629,30.1765866873538,33.1405921268301,58.565111115905,61.4288474905036,20.1501961211858,13.3015395010957,13.4832399745382,10.4027796338348,37.9231738525032,21.5033433091904,68.464485705188,6.59032269308342,8.26651921926568,3.25577715855022,76.3794883169919,21.6336032472715,1.20677828580876,0.542711421282978,0.084955196,0.313996452978687,11.5037537762638,0.0356266432553098,0.0589149620354233,0.504594737204473,0.539060460402767,0.967956122563508,0.0271223805472903,0.363497498479663,2.35,2.77,3.056,1,"noRSnocoldcoretop_allseds_deep_41","noRSnocoldcoretop_allseds_deep"
"1191",-3.52129057999312,19.6834594998009,28.9683334198168,33.1254107020891,58.5961390463357,54.3826201351638,19.4350074167761,9.36535008558834,11.3497369083457,11.1431341554971,26.0414533119439,20.8545727043106,55.6325968622844,6.59261503195311,8.35218969340314,3.16354027424286,74.1679728235489,15.0698095501999,8.20461220466058,0.86283390618751,0.445464420265824,0.312129990123007,39.6510746510145,0.158461180581163,0.0627697637387789,0.509537108172208,0.530955112934753,0.981475076925376,0.0171049118883416,0.349136721681863,2.47,2.77,2.716,1,"noRSnocoldcoretop_allseds_deep_42","noRSnocoldcoretop_allseds_deep"
"1192",-4.61416954319367,22.4340699418275,30.1880515767822,33.1548370873862,57.9067755766018,58.3912143132688,19.0375256530288,11.711340562748,13.4832399745382,12.3505840566551,39.4077271758328,20.7972749395111,68.6107038296595,6.56949347610554,8.26928329138603,3.30689693158094,76.5310017589372,17.5129160740633,1.20677828580876,0.542812088132813,0.084955196,0.372197520007361,9.880107842,0.00937513755976316,0.0597300171511344,0.508206123811823,0.51010172339054,0.919185333224282,0.0174841287581726,0.325045094795566,2.32,2.78,3.193,2,"noRSnocoldcoretop_allseds_deep_43","noRSnocoldcoretop_allseds_deep"
"1193",-4.33515656644036,19.8919621441796,28.9769277559808,33.181289171405,58.0017811475174,54.3826201351638,19.2849521924496,8.86528667885365,11.4078851698099,10.4417791106812,26.0405044670718,20.8662967810505,55.6305661580161,6.58968060527185,8.05709565536224,3.23480181161289,74.1216691226508,15.1185421493655,7.83238302782987,0.863586341982463,0.606039147540267,0.249639789479028,39.9326507094307,0.191005126083144,0.0685924508406453,0.513484459285765,0.516719160838664,0.930969956249842,0.0167811813900057,0.382114894499725,2.48,2.78,2.812,2,"noRSnocoldcoretop_allseds_deep_44","noRSnocoldcoretop_allseds_deep"
"1194",-4.86733268831267,22.4340699418275,30.2054949956293,33.3671575680558,58.5649286617357,58.3844652843078,19.1130254471849,13.2216920951126,13.4832399745382,12.327296497627,39.2967050912159,20.7972749395111,68.4891244942075,6.5796003588231,8.26665898225796,3.30689693158094,76.5310017589372,17.5793357960629,1.20677828580876,0.542812088132813,0.104944543984387,0.372224090237345,11.5092417524757,0.0379756485404492,0.0589531513403371,0.508206123811823,0.542925531062334,0.967906269779471,0.0171146359827671,0.325171739434211,2.31,2.79,3.242,2,"noRSnocoldcoretop_allseds_deep_45","noRSnocoldcoretop_allseds_deep"
"1195",-4.958443906,19.9026820312512,28.1838763616434,33.0118570088031,58.0831201130097,58.4833802226139,20.15934837,9.53776469220018,11.3904931006973,10.4542594724675,26.0421007969933,20.2625347917243,55.634841285481,6.5900000422811,8.34771260477347,3.70117718631574,73.4934513739505,17.00556939,7.82771874948529,0.863094795,0.445378905,0.276689555678726,39.62574611,1.232953244,0.067671292,0.510228573023165,0.531041348051848,0.974317896484296,0.016340995,0.346004971916785,2.5,2.79,2.755,2,"noRSnocoldcoretop_allseds_deep_46","noRSnocoldcoretop_allseds_deep"
"1196",-4.87582169468362,22.4299322688549,31.2941286359847,33.1185438416856,58.5649286617357,57.0072192201951,19.1130254471849,13.3321060250778,13.2640689580384,12.3164222794224,39.3980544543282,20.7972749395111,68.4988495688625,6.57788494046297,8.2796938134638,3.2958074145409,76.3898883227945,17.5285065781181,1.20677828580876,0.548038524262159,0.972664162476353,0.372158407498754,9.880107842,0.00937513755976316,0.0581759257404892,0.508206123811823,0.542856638218787,0.967906269779471,0.0120399450143831,0.322334592247842,2.35,2.8,3.117,2,"noRSnocoldcoretop_allseds_deep_47","noRSnocoldcoretop_allseds_deep"
"1197",-3.52129057999312,19.6834594998009,28.9683334198168,33.1254107020891,58.5961390463357,54.3826201351638,19.4350074167761,9.36535008558834,11.3499351219819,11.1249004220952,26.0414533119439,20.8545727043106,55.6325968622844,6.59261503195311,8.35218969340314,3.16354027424286,74.1679728235489,15.0698095501999,7.82470499572766,0.866156865477155,0.599929879262045,0.312138783675656,39.6510778272591,0.158461180581163,0.0628325025898031,0.509537108172208,0.536104760543333,0.981475076925376,0.0171049118883416,0.382129522127364,2.45,2.81,2.705,1,"noRSnocoldcoretop_allseds_deep_48","noRSnocoldcoretop_allseds_deep"
"1198",-4.27824237618669,19.7372895128806,29.0269697730412,33.6154650095301,57.2343879704096,58.36797877,20.1206545093796,10.7352607049419,11.3202602623018,11.2014990786886,26.0279254461086,20.8052756825269,55.3943870283684,6.59557540042685,8.347721173649,3.62708468677966,73.4815340575864,17.0018057216885,5.84336069316609,0.872531517897409,0.44785196424446,0.338220592344542,39.1522519084382,0.00900200108782559,0.0709896615830988,0.518248893805093,0.505147854966283,0.978884283263513,0.018303520035113,0.336632700852751,2.4,2.83,2.922,2,"noRSnocoldcoretop_allseds_deep_49","noRSnocoldcoretop_allseds_deep"
"1199",-4.14165899421638,19.7242090440969,29.0269697730412,33.7463791945805,57.2343879704096,56.9635945076697,20.4080333350849,10.7352607049419,11.4200274980313,12.4431687814303,25.9876121098597,20.7982238551027,54.3968727431893,6.59889330676354,8.35331752658494,3.30060308434292,73.8220525995326,17.0019570299992,5.84336069316609,0.293866365342632,0.460922244584749,0.349198492616673,39.1466583086644,0.00937712174110512,0.0684158329002355,0.518389559387149,0.505147854966283,0.967800282036067,0.0184477938323714,0.336988399002374,2.39,2.84,2.921,2,"noRSnocoldcoretop_allseds_deep_50","noRSnocoldcoretop_allseds_deep"
"1200",-3.50434138737805,20.9342019122174,28.9707012929691,33.1698562068236,58.5961390463357,54.3474547011811,19.4204998867873,9.36535008558834,11.3499351219819,11.1350484353192,26.0414533119439,20.9061526440111,55.6325927097618,6.56764386296821,7.72639678751708,3.23522689598159,74.1148760813039,15.1227875936044,8.20552413467644,0.866156865477155,0.442652682093181,0.240421802366999,39.6515063047891,0.181763179275223,0.0690162492782651,0.513520969898833,0.530626892451262,0.981475076925376,0.0407917777746282,0.382114894499725,2.53,2.85,2.681,1,"noRSnocoldcoretop_allseds_deep_51","noRSnocoldcoretop_allseds_deep"
"1201",-4.13965031422767,19.8544949959029,28.9969462055344,33.6155090016116,57.2341657058417,58.36797877,20.2567804341667,10.7352607049419,11.3305707520813,10.3035054966772,25.9876121098597,20.1292602449264,55.3943870283684,6.58987927340433,8.347721173649,3.62708468677966,73.8263754924142,17.0019570299992,5.60261503115212,0.872873463552764,0.447932680395505,0.312753680322325,39.1466583086644,1.27544605547835,0.068528900784203,0.518887171437265,0.505147854966283,0.981459301444845,0.0179847786302296,0.343187317821762,2.43,2.86,2.822,1,"noRSnocoldcoretop_allseds_deep_52","noRSnocoldcoretop_allseds_deep"
"1202",-4.13061099776579,19.7372985625689,29.0260828493551,33.6154650095301,57.2343879704096,58.3690045541541,20.1585095710554,10.7352607049419,11.3305707520813,12.425075717223,25.987698430398,20.1400878981996,55.3940254316353,6.58989833736791,8.36164925436577,3.62708468677966,73.4635074061005,17.0019570299992,5.84336069316609,0.872580674890845,0.442691802833211,0.337997562293243,39.6346637957185,0.00900200108782559,0.068528900784203,0.513622944106567,0.504708245290426,0.978884283263513,0.0183550550756626,0.336632700852751,2.48,2.86,2.83,2,"noRSnocoldcoretop_allseds_deep_53","noRSnocoldcoretop_allseds_deep"
"1203",-4.66121347248248,22.3763484399829,29.0428609565443,34.6113176248556,58.5649286617357,57.0072192201951,19.1330473954598,13.2399445094138,13.2498270944738,10.4404424485674,39.4077271758328,20.7972749395111,68.4691484793513,6.57719930661685,8.26928329138603,3.31560233564437,76.3907735026075,17.5147307480982,1.20677828580876,0.874029241717788,0.084955196,0.372158407498754,9.880107842,0.00937513755976316,0.0580588505085202,0.508222037074297,0.542661083132289,0.931208284131054,0.0121470138882852,0.324752741093366,2.34,2.87,3.178,2,"noRSnocoldcoretop_allseds_deep_54","noRSnocoldcoretop_allseds_deep"
"1204",-4.0582337915758,19.7317578500504,29.1100564340479,33.1244436394331,58.0700453855521,58.453389544381,20.3567482074739,10.9297351417131,11.3904313637308,10.4571980620821,26.0093959820206,20.8071479353136,55.3695863183583,6.5906654247068,8.36254969490663,3.61189053157882,73.8329414870021,17.0943811098134,5.56500480927616,0.873790958249446,0.435198361046304,0.336272506573111,39.6442847975149,0.22808490290644,0.069738195920676,0.516437427023538,0.525221024538383,0.975491679384196,0.0163327283684874,0.329216050781428,2.38,2.87,2.846,1,"noRSnocoldcoretop_allseds_deep_55","noRSnocoldcoretop_allseds_deep"
"1205",-4.13965031422767,19.8544949959029,28.9969462055344,33.5817678891855,57.2260594979233,58.36797877,20.2567804341667,10.7352607049419,11.3305707520813,10.3035054966772,25.9876121098597,20.1315723018456,55.4396978802137,6.58987927340433,8.34774989523454,3.62708468677966,73.8263754924142,17.0019570299992,5.61155990619255,0.872873463552764,0.447774511976168,0.312753680322325,39.1466583086644,1.27544605547835,0.0658181833007863,0.518887171437265,0.505147854966283,0.981950805972801,0.0187721857542996,0.343187317821762,2.43,2.87,2.826,2,"noRSnocoldcoretop_allseds_deep_56","noRSnocoldcoretop_allseds_deep"
"1206",-4.38583127667206,19.7985304314884,29.0155517019964,33.6082941409847,56.8145474917292,58.1878182576027,20.253399526465,8.81727705766641,11.4030840261089,11.1077682556535,26.0277154300395,20.8062550441323,55.3694762615928,6.59066674577465,8.352440886,3.58407105245901,73.8261447585589,17.1014540013922,5.63582570927892,0.869224003321176,0.448505682618707,0.311210603333829,40.2150658893149,0.233200091999413,0.0676355008512664,0.627820158132187,0.736959830589549,0.981581244233161,0.0361508330667937,0.329145194500073,2.48,2.87,2.742,2,"noRSnocoldcoretop_allseds_deep_57","noRSnocoldcoretop_allseds_deep"
"1207",-4.38448439902814,19.7985304314884,29.0157363630555,33.1842593943785,56.814144484392,58.1878182576027,20.1612588505251,8.79941360611836,11.3904362741158,10.3735164425755,26.0277239490669,20.81243957608,55.3694762615928,6.59066674577465,8.36038429060389,3.6269854519533,73.8256240070362,17.157985869965,5.63582570927892,0.860328106430418,0.444189963443152,0.311210603333829,40.2533916487455,0.223802788288267,0.0676355008512664,0.628300920616383,0.738172922326333,0.981581244233161,0.0163397791770909,0.32000406680493,2.48,2.87,2.785,2,"noRSnocoldcoretop_allseds_deep_58","noRSnocoldcoretop_allseds_deep"
"1208",-4.38448439902814,19.7985304314884,29.0157363630555,33.1801171009211,56.814144484392,58.1878182576027,20.1491401595721,8.79941360611836,11.3904362741158,10.3849808154404,26.0277154300395,20.8056516699242,55.3694762615928,6.59066674577465,8.352440886,3.6269854519533,73.8256240070362,17.157985869965,5.63582570927892,0.835711091563684,0.444189963443152,0.311210603333829,40.2168075987086,0.233200091999413,0.0676355008512664,0.628300920616383,0.736959830589549,0.981581244233161,0.0163397791770909,0.32943336945013,2.48,2.87,2.797,2,"noRSnocoldcoretop_allseds_deep_59","noRSnocoldcoretop_allseds_deep"
"1209",-4.38448439902814,19.7985304314884,29.0157363630555,33.1801171009211,56.814144484392,58.1878182576027,20.1491401595721,9.19368333663119,11.3904362741158,10.3849808154404,25.7205355128882,20.8056516699242,55.3694762615928,6.57004476582353,8.26820557207535,3.6269854519533,73.8256240070362,17.5774736368315,5.72450826106109,0.835711091563684,0.444189963443152,0.311210603333829,40.2168075987086,0.0113507658582711,0.0676355008512664,0.628300920616383,0.736191766938463,0.981628088704275,0.0175143050521014,0.325160280749385,2.46,2.88,2.762,2,"noRSnocoldcoretop_allseds_deep_60","noRSnocoldcoretop_allseds_deep"
"1210",-4.60215322857279,22.0958513060952,29.0479238941559,33.5361943042386,57.9944918771776,58.1952147603678,20.1607364930435,10.8257021297378,11.3907934574296,12.8527566390128,25.8144226361279,21.5511534652265,55.4404487761706,6.59119171906622,8.35267336179962,3.62620506448456,73.9465184684699,17.0940809843058,5.68941246298973,0.880524311872018,0.436128324539966,0.37445245483583,39.7972231214543,0.0219474725015996,0.0604530698845359,0.504590030299525,0.52834608515807,0.965187000212114,0.0365022670647383,0.365351627305467,2.39,2.89,2.842,1,"noRSnocoldcoretop_allseds_deep_61","noRSnocoldcoretop_allseds_deep"
"1211",-4.06828023290748,19.7298862736806,29.0481969877023,33.1244436394331,58.0773792073539,58.453389544381,20.3567482074739,10.9119586522517,11.3907938375149,10.4542594724675,26.0079562117356,20.8071643495888,55.3718122518966,6.590535225,8.36254969490663,3.62906322976807,73.4640645618384,17.00556939,5.60238029161169,0.873790958249446,0.446272673989764,0.311579053446246,39.6418584277793,0.178518580976736,0.0689955193731008,0.513925649543689,0.530927677210766,0.931086936626514,0.0419219292763335,0.346957794216679,2.39,2.89,2.974,2,"noRSnocoldcoretop_allseds_deep_62","noRSnocoldcoretop_allseds_deep"
"1212",-4.14165899421638,19.7372895128806,29.0269697730412,33.6230737363789,58.0804228222637,58.3681935902862,20.1585095710554,10.739245353592,11.329747469802,12.4431687814303,25.9876121098597,20.8552203776434,55.3943870283684,6.57017076925697,8.34790909155937,3.62494598428533,73.8344030302044,16.9720121612736,5.84336069316609,0.872531517897409,0.606690888856051,0.249796225885658,39.1466583086644,0.170803473325585,0.068528900784203,0.509458505011015,0.505147854966283,0.978884283263513,0.0163817472027975,0.337414622429694,2.4,2.89,2.866,2,"noRSnocoldcoretop_allseds_deep_63","noRSnocoldcoretop_allseds_deep"
"1213",-4.14165899421638,19.7242090440969,29.0269697730412,33.750388970553,57.2343879704096,56.9635945076697,20.1584277021045,10.7352607049419,11.3927482745188,12.4431687814303,25.9868645852949,20.8056781200636,54.3968727431893,6.59063296173989,8.347721173649,3.6309886544142,73.9462226760147,17.0019570299992,5.8649591778565,0.872531517897409,0.44785196424446,0.338554288140418,40.2759550775203,0.189627909219697,0.0684678004270422,0.503226273253121,0.505147854966283,0.967711863085826,0.0352830360898257,0.336988399002374,2.41,2.9,2.753,1,"noRSnocoldcoretop_allseds_deep_64","noRSnocoldcoretop_allseds_deep"
"1214",-4.14165899421638,19.8544949959029,28.9969462055344,33.6155090016116,57.2341657058417,58.36797877,20.2501661386314,10.7352607049419,11.3305707520813,12.4436466132002,25.9876121098597,20.1292602449264,55.3943870283684,6.58987927340433,8.347721173649,3.62708468677966,73.8344030302044,17.0019570299992,5.60261503115212,0.872531517897409,0.44785196424446,0.312753680322325,39.1466583086644,1.27544605547835,0.068528900784203,0.518887171437265,0.505147854966283,0.984751342945651,0.0179847786302296,0.343187317821762,2.44,2.9,2.795,1,"noRSnocoldcoretop_allseds_deep_65","noRSnocoldcoretop_allseds_deep"
"1215",-5.54319059192903,18.7743605485715,30.7765024762801,42.9497460230569,64.5895277142378,52.70229496,20.4566837123807,9.39117117215737,11.3735174491345,19.4121491767882,32.1138628813925,20.1602378950199,54.0307919210128,6.58621361015738,9.09587521159686,3.71364239240281,74.1543155536828,16.7262649233204,5.266851705,0.128283768699434,0.979808708294428,0.348932405310229,39.4270369634593,0.6431226,0.0675735104112744,0.712164992241528,0.707449586547326,0.976344394107812,0.10327712994241,0.346639890458205,2.8,2.9,2.661,1,"noRSnocoldcoretop_allseds_deep_66","noRSnocoldcoretop_allseds_deep"
"1216",-5.54319059192903,18.7742339789288,30.8153551860553,42.707615330722,64.5895277142378,52.70229496,20.4515997807276,9.36617109578201,11.3735174491345,19.414520848656,31.9992266957642,20.1602378950199,54.0307919210128,6.58621361015738,9.08941479078415,3.71269000165122,74.1543155536828,16.7234328254353,5.266851705,0.128283768699434,0.980754677946371,0.348932405310229,39.4270369634593,0.6431226,0.0675735104112744,0.716085301542192,0.707449586547326,0.976344394107812,0.10327712994241,0.346671148551725,2.8,2.9,2.68,2,"noRSnocoldcoretop_allseds_deep_67","noRSnocoldcoretop_allseds_deep"
"1217",-5.54319059192903,18.7710608053702,30.8130251200279,42.9497460230569,64.5895277142378,52.70229496,20.4514794796927,9.39117117215737,11.3735174491345,19.4121678094722,31.9979009614145,20.1602378950199,54.0307919210128,6.58621361015738,9.09017066101578,3.72703281379972,74.1543155536828,16.7262246420799,5.266851705,0.128283768699434,0.979808708294428,0.348932405310229,39.4270369634593,0.6431226,0.0675735104112744,0.716011463214872,0.707449586547326,0.976344394107812,0.10327712994241,0.346639890458205,2.8,2.9,2.681,2,"noRSnocoldcoretop_allseds_deep_68","noRSnocoldcoretop_allseds_deep"
"1218",-4.35947190626339,19.7985304314884,29.0118305722119,33.583609836524,56.814144484392,58.1754560677364,20.1491401595721,9.390900844,11.3303380104403,11.0540877826311,26.028357795759,20.8061350351358,55.3691947524282,6.59066674577465,8.352440886,3.62844775400798,73.8256240070362,17.157985869965,5.63582570927892,0.835711091563684,0.505309334396442,0.364683510019401,40.2326711355747,0.233200091999413,0.0676355008512664,0.628300920616383,0.736959830589549,0.981581244233161,0.0163397791770909,0.329502973058204,2.45,2.92,2.729,2,"noRSnocoldcoretop_allseds_deep_69","noRSnocoldcoretop_allseds_deep"
"1219",-4.14165899421638,19.7308996357997,28.9970754563177,33.6155090016116,57.2341657058417,58.3685642999783,20.2486519513271,10.7352607049419,11.3305707520813,12.4436466132002,25.9876121098597,20.1527783488408,55.36641885689,6.58989169813631,8.347721173649,3.62708468677966,73.8344030302044,17.005509690847,5.60261503115212,0.872531517897409,0.448382526424747,0.312755450616703,39.1466583086644,1.27544605547835,0.068528900784203,0.518894748824325,0.505797393938813,0.984751342945651,0.017646481410153,0.346958223440353,2.45,2.92,2.796,2,"noRSnocoldcoretop_allseds_deep_70","noRSnocoldcoretop_allseds_deep"
"1220",-4.38649307901684,19.7985304314884,29.0157363630555,33.1801171009211,56.814144484392,58.1878182576027,20.1425258640368,8.79941360611836,11.3904362741158,12.5251219319634,26.0277154300395,20.8056516699242,55.3694762615928,6.59066674577465,8.352440886,3.6269854519533,73.8336515448265,17.157985869965,5.63582570927892,0.835369145908329,0.444109247292107,0.311210603333829,40.2168075987086,0.233200091999413,0.0676355008512664,0.628300920616383,0.736959830589549,0.984873285733967,0.0163397791770909,0.32943336945013,2.5,2.92,2.737,2,"noRSnocoldcoretop_allseds_deep_71","noRSnocoldcoretop_allseds_deep"
"1221",-5.02064788751601,22.4340699418275,30.1590109902244,38.5292261436353,58.5649286617357,57.0088906355671,19.1130254471849,13.2399445094138,13.2498270944738,12.327296497627,39.4077271758328,20.7972749395111,68.6107038296595,6.57718795116767,8.26928329138603,3.31560233564437,76.3907735026075,17.5284999371609,1.20677828580876,0.548038524262159,0.084955196,0.372158407498754,9.880107842,0.00937513755976316,0.0581759257404892,0.508206123811823,0.542925531062334,0.967906269779471,0.0120399450143831,0.324752741093366,2.35,2.93,3.066,2,"noRSnocoldcoretop_allseds_deep_72","noRSnocoldcoretop_allseds_deep"
"1222",-4.06828788036788,19.87256251,29.0481969877023,33.1244436394331,57.9932257474388,58.453389544381,20.3567482074739,10.9124402473679,11.3907938375149,12.9401423241521,26.0079562117356,20.8071643495888,55.3718122518966,6.59054047132059,8.36262638629946,3.62900869911153,73.4640645618384,17.00556939,5.6118090098673,0.873503449120007,0.445096850153424,0.311579053446246,39.6418584277793,0.178518580976736,0.0689955193731008,0.513925649543689,0.53112969489796,0.965389244723521,0.0419219292763335,0.346957794216679,2.42,2.93,2.837,2,"noRSnocoldcoretop_allseds_deep_73","noRSnocoldcoretop_allseds_deep"
"1223",-5.44030759422093,22.4340699418275,30.2054949956293,38.5292261436353,58.3089063723883,58.3912143132688,19.1130254471849,13.22331359,13.4832399745382,12.327296497627,39.568197988386,20.6828961718678,68.6107038296595,6.57319035405524,8.26928329138603,3.31340298403723,76.5310017589372,17.6997675410585,1.20450929058786,0.542812088132813,0.084955196,1.17192822860475,9.61429018479956,0.00937513755976316,0.0589298673515764,0.508206123811823,0.542925531062334,0.96736018684947,0.0174781432354462,0.325045094795566,2.34,2.95,3.178,2,"noRSnocoldcoretop_allseds_deep_74","noRSnocoldcoretop_allseds_deep"
"1224",-5.08252853829596,22.4340699418275,30.2054949956293,38.5292261436353,58.3089063723883,58.3912143132688,19.1130254471849,13.22331359,13.4832399745382,12.327296497627,39.568197988386,20.6828961718678,68.6107038296595,6.57319035405524,8.26928329138603,3.31340298403723,76.5310017589372,17.6997675410585,1.20450929058786,0.542812088132813,0.084955196,1.17192822860475,9.61429018479956,0.00937513755976316,0.0589298673515764,0.508206123811823,0.542925531062334,0.96736018684947,0.0174781432354462,0.325045094795566,2.34,2.95,3.182,2,"noRSnocoldcoretop_allseds_deep_75","noRSnocoldcoretop_allseds_deep"
"1225",-4.68544542437985,22.4340699418275,30.2054602785827,38.5292261436353,58.5649286617357,57.0088906355671,19.1130254471849,13.2399445094138,13.2367963372255,12.327296497627,39.4077271758328,20.7972749395111,68.6107038296595,6.57718795116767,8.26928329138603,3.31560233564437,76.3907735026075,17.5271923913908,1.20677828580876,0.548114541389275,0.084955196,0.372158407498754,9.880107842,0.00937513755976316,0.0581942644397729,0.508206123811823,0.542925531062334,0.967906269779471,0.0173786658630204,0.324745281210639,2.35,2.95,3.076,2,"noRSnocoldcoretop_allseds_deep_76","noRSnocoldcoretop_allseds_deep"
"1226",-4.68544542437985,22.4340699418275,30.1590109902244,38.5292261436353,58.5649286617357,57.0088906355671,19.1130254471849,13.2399445094138,13.2498270944738,12.327296497627,39.4077271758328,20.7972749395111,68.6107038296595,6.57718795116767,8.26928329138603,3.31560233564437,76.3907735026075,17.5268760112877,1.20677828580876,0.548038524262159,0.084955196,0.372158407498754,9.880107842,0.00937513755976316,0.0581759257404892,0.508206123811823,0.542925531062334,0.967906269779471,0.0120399450143831,0.324752741093366,2.35,2.95,3.078,2,"noRSnocoldcoretop_allseds_deep_77","noRSnocoldcoretop_allseds_deep"
"1227",-4.68544542437985,22.4340699418275,30.1590109902244,38.5292261436353,58.5649286617357,57.0088906355671,19.1130254471849,13.2399445094138,13.2498270944738,12.327296497627,39.4077271758328,20.7972749395111,68.6107038296595,6.57718795116767,8.26928329138603,3.31560233564437,76.3907735026075,17.5284999371609,1.20677828580876,0.548038524262159,0.084955196,0.372158407498754,9.880107842,0.00937513755976316,0.0581759257404892,0.508206123811823,0.542925531062334,0.967906269779471,0.0120399450143831,0.324752741093366,2.35,2.95,3.078,2,"noRSnocoldcoretop_allseds_deep_78","noRSnocoldcoretop_allseds_deep"
"1228",-4.61413725602311,22.4340699418275,30.2054949956293,38.2974773794762,58.5606936029068,58.3912143132688,19.1130845341743,13.2212158689151,13.4911522820712,12.327296497627,39.4077271758328,20.7972749395111,68.6107038296595,6.73780206435379,8.76120395687153,3.30689693158094,76.5251549391633,17.1536182137415,1.19971629527491,0.542748969804275,0.084955196,0.357744478910172,9.88425292318982,0.0216791318477401,0.0597300171511344,0.49643699006183,0.516753993141618,0.967904456395166,0.0172680578151351,0.320442990842669,2.35,2.95,3.127,2,"noRSnocoldcoretop_allseds_deep_79","noRSnocoldcoretop_allseds_deep"
"1229",-4.96828326818216,22.4340736506804,30.1735544548437,34.6828324142188,58.2032655000189,57.2863368916953,19.1561575047283,11.2616820759235,13.2498270944738,12.327748358375,39.3559576230337,20.7915040320582,69.0301729866952,6.58678989309312,8.26638046089101,3.30556860071275,76.3699570583705,17.5268881749307,1.21008057347611,0.548313875953541,0.125228672443039,0.371665323504158,8.50844974398791,0.00937513755976316,0.0687992211703711,0.638245177572832,0.543963822858693,0.967906269779471,0.0124535623594615,0.324752741093366,2.31,2.96,3.025,1,"noRSnocoldcoretop_allseds_deep_80","noRSnocoldcoretop_allseds_deep"
"1230",-4.14165899421638,19.7242090440969,29.0269697730412,33.7463791945805,57.2343879704096,56.9635945076697,20.1585095710554,10.7352607049419,11.3927482745188,12.4431687814303,25.9876121098597,20.7982238551027,54.3968727431893,6.58939322828616,8.347721173649,3.30060308434292,73.8344030302044,17.0019570299992,5.84336069316609,0.872531517897409,0.44785196424446,0.338554288140418,39.1466583086644,0.00937712174110512,0.0684678004270422,0.518084571484956,0.505147854966283,0.967800282036067,0.0183550550756626,0.336988399002374,2.36,2.96,2.862,1,"noRSnocoldcoretop_allseds_deep_81","noRSnocoldcoretop_allseds_deep"
"1231",-4.09921807978405,20.9342019122174,28.9811804737799,33.1701170997115,58.5961390463357,54.3826201351638,19.31639233901,9.38919382117972,11.4060108433298,11.1329679082157,26.0415044215992,20.8523806674785,55.6593547770585,6.56882033022451,8.35225479974867,3.62252522166688,73.8235417787602,15.118729319614,7.82822096990269,0.866653390216189,0.606039147540267,0.250055306225825,39.6510902093602,0.181763179275223,0.0675624395945365,0.513520969898833,0.737793651160016,0.981475076925376,0.0163394079085617,0.382114894499725,2.44,2.96,2.795,2,"noRSnocoldcoretop_allseds_deep_82","noRSnocoldcoretop_allseds_deep"
"1232",-4.06821697307705,19.7317578500504,29.0482899679266,33.1244436394331,57.9950418424054,58.453389544381,20.3567482074739,10.9105109873888,11.3904313637308,10.3816820601889,26.0093959820206,20.8071479353136,55.3695863183583,6.5906654247068,8.36254969490663,3.62697483570945,73.8395048650499,17.0949608158744,5.61202949468631,0.873790958249446,0.435198361046304,0.336222677018107,39.6442847975149,0.22808490290644,0.069738195920676,0.626779355430952,0.525176760393436,0.933156685467265,0.0163327283684874,0.329216050781428,2.38,2.97,2.825,1,"noRSnocoldcoretop_allseds_deep_83","noRSnocoldcoretop_allseds_deep"
"1233",-4.68544542437985,22.4340736506804,30.1584531034509,38.615933744305,58.5649286617357,57.2551152913363,19.1130254471849,13.2399445094138,13.2498270944738,12.3277552251825,39.4077271758328,20.7972749395111,69.0301729866952,6.58678989309312,8.26638046089101,3.31560233564437,76.3907735026075,17.5285054598468,1.20733719828992,0.548044905131566,0.125228672443039,0.372158407498754,9.88139834854596,0.00937513755976316,0.0637017307460738,0.509535656852381,0.543445689398711,0.967906269779471,0.0123231630581789,0.324752741093366,2.34,2.98,3.149,2,"noRSnocoldcoretop_allseds_deep_84","noRSnocoldcoretop_allseds_deep"
"1234",-4.06828023290748,19.7317578500504,29.0481969877023,33.1244436394331,58.0773792073539,58.453389544381,20.3567482074739,10.9119586522517,11.390432205256,10.3816820601889,26.007683206838,20.8071643495888,55.3695863183583,6.5906654247068,8.36254969490663,3.62697483570945,73.8395048650499,17.00556939,5.60312651843434,0.873790958249446,0.446272673989764,0.311215766044759,39.6367321116111,0.232495890848994,0.069028513799081,0.62908367767716,0.525207241805555,0.931086936626514,0.0163327283684874,0.329216050781428,2.38,2.98,2.866,2,"noRSnocoldcoretop_allseds_deep_85","noRSnocoldcoretop_allseds_deep"
"1235",-4.33515656644036,19.8483448610214,28.9811804737799,33.1501974695044,57.9949064449458,54.3826201351638,19.2984004845773,9.37777810760361,11.4070074346813,11.1328577635903,25.911141358617,20.8040181788218,55.6325968622844,6.56950694344616,8.05709565536224,3.21220827999364,74.1216691226508,15.1305862408561,7.82822096990269,0.861122353586555,0.606039147540267,0.249603455438767,39.9326507094307,0.181512887777505,0.0685924508406453,0.513493130528064,0.737793651160016,0.962815833377385,0.0167811813900057,0.382114894499725,2.45,2.98,2.781,2,"noRSnocoldcoretop_allseds_deep_86","noRSnocoldcoretop_allseds_deep"
"1236",-4.14165899421638,19.7372895128806,29.0269006455892,33.6154650095301,57.2343879704096,58.3754082166141,20.1524164780506,11.3146650383179,11.3275685894364,11.2041595519443,26.0255957055073,20.16030448338,55.3943870283684,6.58990742639586,8.347721173649,3.62708468677966,73.8344030302044,16.9835978562725,5.80775547946507,0.870275148396294,0.453045890708242,0.348446102954333,39.1466583086644,1.28180185019526,0.0688002784454623,0.523446629951298,0.505102304757013,0.978348985798063,0.0183276841052325,0.337017340043238,2.42,2.99,2.81,2,"noRSnocoldcoretop_allseds_deep_87","noRSnocoldcoretop_allseds_deep"
"1237",-4.61298116279194,22.4333308469471,30.1973193464363,38.1134628703914,58.5649286617357,58.4938125754931,19.1130254471849,13.2971889334928,13.4832399745382,12.327296497627,39.4077271758328,20.7972749395111,68.6107038296595,6.55250482052433,8.26928329138603,3.30689693158094,76.3245874439867,17.5793357960629,1.20677828580876,0.542812088132813,0.084955196,0.374419809268418,9.880107842,0.00937513755976316,0.0597300171511344,0.504294823022183,0.542925531062334,0.967906269779471,0.0306706131949077,0.325045094795566,2.32,3,3.143,2,"noRSnocoldcoretop_allseds_deep_88","noRSnocoldcoretop_allseds_deep"
"1238",-4.10158570693565,20.9342019122174,28.9811804737799,33.1698562068236,58.5961390463357,54.3826201351638,19.31639233901,9.38919382117972,11.4078851698099,11.1329679082157,26.0414533119439,20.8545727043106,55.6325968622844,6.56925294675393,8.35225479974867,3.33576806161569,74.1194766962688,15.118729319614,7.82822096990269,0.866156865477155,0.606039147540267,0.249453701501017,39.6510902093602,0.181763179275223,0.0628325025898031,0.513520969898833,0.737793651160016,0.981475076925376,0.0167811813900057,0.382114894499725,2.43,3.01,2.781,2,"noRSnocoldcoretop_allseds_deep_89","noRSnocoldcoretop_allseds_deep"
"1239",-4.95707539354892,19.90850159,29.1586693445695,33.2213693187495,54.17388896,47.977077842674,19.078983954733,10.76891249,10.0390940970799,8.91528400761752,34.6098227758214,16.62920237,61.3436639969905,6.73845899725438,8.75976973198972,3.0460598259559,76.1219203830855,15.0327869476499,2.34544774230275,0.895130496371115,1.98818817294399,1.168994618,15.9117611744099,0.69163892248018,0.196036911482772,0.734068607791985,0.884925634122269,0.917235860158754,0.0236587670502064,0.990732087,2.28,3.02,3.361,1,"noRSnocoldcoretop_allseds_deep_90","noRSnocoldcoretop_allseds_deep"
"1240",-4.8680473649242,22.0554389993974,28.9119028175104,33.5661169127333,58.55120865,58.3844030647721,19.0753583,13.3006826608884,10.1187131850376,10.453587696773,37.9698384755328,20.777656966635,68.4777844903693,6.57897001358354,8.266489022,3.59094753954011,76.3510152788341,17.0850443808235,5.58875511145198,0.559734418030488,0.1037078129883,0.376514122680775,11.5172291424817,0.0360279839766293,0.0589550591432229,0.50456317516571,0.320135995017809,0.870512681666069,0.0274866919957553,0.363576151718739,2.38,3.02,2.973,2,"noRSnocoldcoretop_allseds_deep_91","noRSnocoldcoretop_allseds_deep"
"1241",-5.44395359154456,19.90850159,29.1586693445695,33.9455020042846,54.17388896,47.97722691,19.0790342303391,10.76891249,9.97663389428555,8.94580243756176,34.60993668,16.62920237,61.4146321793522,6.73825645116127,8.764582168,3.05069464795137,76.3554896373409,15.0445558476589,2.34544774230275,0.893604247082408,1.96637809843084,1.168994618,15.914003665773,0.69163892248018,0.196036911482772,0.726374184953066,0.884122975192686,0.917238678,0.0236587670502064,0.990732087,2.28,3.03,3.397,2,"noRSnocoldcoretop_allseds_deep_92","noRSnocoldcoretop_allseds_deep"
"1242",-4.29863512575177,19.90850159,29.1586693445695,33.9728567491481,54.17388896,47.97722691,19.0790342303391,10.76891249,10.0390940970799,8.94531144343872,34.6163377626591,16.62920237,61.3436639969905,6.73845899725438,8.75976973198972,3.0460598259559,76.1219203830855,15.0327869476499,2.34544774230275,0.895130496371115,1.98818817294399,1.168994618,15.9117611744099,0.69163892248018,0.196036911482772,0.726374184953066,0.887618977357785,0.917233778711647,0.0236587670502064,0.990732087,2.28,3.03,3.4,2,"noRSnocoldcoretop_allseds_deep_93","noRSnocoldcoretop_allseds_deep"
"1243",-4.61416954319367,22.4340699418275,30.159045707271,38.5292261436353,58.5649286617357,58.3912143132688,19.1130254471849,13.22331359,13.4962707317865,12.327296497627,39.4077271758328,20.7972749395111,68.6107038296595,6.56949347610554,8.26928329138603,3.30689693158094,76.5310017589372,17.5806433418331,1.20677828580876,0.542736071005696,0.084955196,0.372358022529703,9.880107842,0.00937513755976316,0.0597116784518508,0.508206123811823,0.542925531062334,0.967906269779471,0.0121420378083084,0.325052554678293,2.33,3.03,3.117,2,"noRSnocoldcoretop_allseds_deep_94","noRSnocoldcoretop_allseds_deep"
"1244",-4.68544542437985,22.4340699418275,30.1590109902244,33.335702248716,58.5649286617357,57.0088906355671,19.1130254471849,13.3091826628843,13.2498270944738,12.3232866981179,39.4077271758328,20.8550141554302,68.6107038296595,6.57718795116767,8.2504565966011,3.31560233564437,76.3907735026075,17.5284999371609,1.20677828580876,0.864965671184561,0.084955196,0.363940497994715,9.880107842,0.00937513755976316,0.0581759257404892,0.508206123811823,0.729966651762602,0.967906269779471,0.0120399450143831,0.296331834064548,2.33,3.03,3.137,2,"noRSnocoldcoretop_allseds_deep_95","noRSnocoldcoretop_allseds_deep"
"1245",-4.14165899421638,22.1028404441869,29.0480075964896,33.7463791945805,57.2343879704096,56.9635945076697,20.1585095710554,10.7352607049419,11.3907964634792,12.9756747497502,25.9876622890167,20.7980125145504,54.3968727431893,6.58939322828616,8.347721173649,3.30060308434292,73.8344030302044,17.0019570299992,5.84336069316609,0.872531517897409,0.44785196424446,0.338554288140418,39.1227902051418,0.00816879369811702,0.0684678004270422,0.518084571484956,0.505147854966283,0.967737716786184,0.018746047757335,0.336988399002374,2.36,3.03,3.013,2,"noRSnocoldcoretop_allseds_deep_96","noRSnocoldcoretop_allseds_deep"
"1246",-3.52129057999312,20.9342019122174,28.9707012929691,33.1698562068236,58.5961390463357,54.3826201351638,19.4350074167761,9.36535008558834,11.3499351219819,11.1350484353192,26.0414533119439,20.8545727043106,55.6325968622844,6.92021838807259,8.35218969340314,3.16354027424286,74.1194766962688,15.0698095501999,7.82470499572766,0.866156865477155,0.599929879262045,0.240421802366999,39.6510778272591,0.181763179275223,0.0628325025898031,0.513520969898833,0.737793651160016,0.981475076925376,0.0171049118883416,0.382114894499725,2.41,3.03,2.771,1,"noRSnocoldcoretop_allseds_deep_97","noRSnocoldcoretop_allseds_deep"
"1247",-4.33470965337555,19.90850159,29.152972287983,33.9640999971703,54.17388896,48.7100387804523,19.0792047813904,9.3969998691874,9.98076053054939,8.94580243756176,34.6976272480027,16.62920237,61.3431185890279,6.73827726768883,8.76651121980276,3.03378057125834,76.3554896373409,15.0409180778571,2.34544774230275,0.894808726784481,1.96637809843084,1.16507629003154,15.9117461845026,0.69163892248018,0.196036911482772,0.726374184953066,0.885483093980451,0.984689795641477,0.0235908159154452,0.990732087,2.3,3.04,3.262,1,"noRSnocoldcoretop_allseds_deep_98","noRSnocoldcoretop_allseds_deep"
"1248",-5.44030759422093,22.4340699418275,30.2054949956293,38.5292261436353,58.3092964126013,58.3912143132688,19.1130254471849,13.3336771359252,13.4832399745382,12.327296497627,39.568197988386,20.7718666233167,68.614729485401,6.64526788124051,8.26928329138603,3.29686395107384,76.6677823335159,17.6997675410585,1.95617444239049,0.574679243003239,0.084955196,0.364423022563064,9.60478194659926,0.0505845113958022,0.0589298673515764,0.508351354128561,0.54543468401782,0.96736018684947,0.0174781432354462,0.362800669685299,2.33,3.04,3.05,2,"noRSnocoldcoretop_allseds_deep_99","noRSnocoldcoretop_allseds_deep"
"1249",-4.61416954319367,22.4340699418275,30.2054949956293,38.5292261436353,58.5649286617357,58.3912143132688,19.1130254471849,13.22331359,13.4832399745382,12.327296497627,39.4077271758328,20.7972749395111,68.6107038296595,6.56949347610554,8.26928329138603,3.30689693158094,76.5310017589372,17.5793357960629,1.20677828580876,0.542812088132813,0.084955196,0.372358022529703,9.880107842,0.00937513755976316,0.0597300171511344,0.508206123811823,0.542925531062334,0.967906269779471,0.0174807586569457,0.325045094795566,2.33,3.04,3.115,2,"noRSnocoldcoretop_allseds_deep_100","noRSnocoldcoretop_allseds_deep"
"1250",-4.39806446215136,19.7985304314884,29.0469700703682,33.1855726470407,56.814144484392,58.1878527239737,20.1489873038017,10.7281379661183,11.3907700219475,10.3849808154404,25.7205355128882,20.8056516699242,55.3662266623316,6.57020878434062,8.26820557207535,3.6269854519533,73.8256240070362,17.5774736368315,5.61129105819294,0.835711091563684,0.444189963443152,0.337254079657186,40.2168075987086,0.188321016766952,0.0677356739981902,0.629507950481462,0.734104738008681,0.98106668376828,0.0351768831927204,0.325160280749385,2.4,3.04,2.702,1,"noRSnocoldcoretop_allseds_deep_101","noRSnocoldcoretop_allseds_deep"
"1251",-4.61416954319367,22.4340699418275,30.2211041512319,32.323875333916,58.5651619595056,58.3912143132688,19.1130254471849,13.3004200025577,13.4832399745382,12.3665570451601,39.4077271758328,20.8305415034554,68.6107038296595,6.56949347610554,8.26929006663545,3.26579757687136,76.5286971393442,17.5793357960629,1.20677828580876,0.542812088132813,0.084955196,0.374094658501593,9.8477058860303,0.00874200744240536,0.0597300171511344,0.508181476309764,0.307241647510314,0.968132586349174,0.0174807586569457,0.325045094795566,2.32,3.05,3.175,2,"noRSnocoldcoretop_allseds_deep_102","noRSnocoldcoretop_allseds_deep"
"1252",-4.87200013266773,19.9373619390761,29.0873647152735,33.1704823921581,58.0752345008685,61.5389470705901,19.0753583,10.8225588495934,11.3907424476688,10.4801137778426,37.4427990046113,21.5579498622419,68.7819179263653,6.59131320760844,8.2672485380808,3.20529734344984,76.3407592244123,21.6077338826002,1.82758056908818,0.559734418030488,0.1037078129883,0.374059791157147,11.5172291424817,0.120252675940222,0.0676997609567277,0.50456898,0.320135995017809,0.987122811987804,0.0362620941862623,0.892104668748121,2.32,3.05,3.184,2,"noRSnocoldcoretop_allseds_deep_103","noRSnocoldcoretop_allseds_deep"
"1253",-4.48878327445291,22.4340699418275,30.2054949956293,38.5292261436353,58.5649286617357,58.3912143132688,19.1130254471849,13.22331359,13.4832399745382,12.327296497627,39.4077271758328,20.7972749395111,68.6107038296595,6.56949347610554,8.26928329138603,3.30689693158094,76.5310017589372,17.5793357960629,1.20677828580876,0.542812088132813,0.084955196,0.372358022529703,9.880107842,0.00937513755976316,0.0597300171511344,0.508206123811823,0.542925531062334,0.967906269779471,0.0174807586569457,0.325045094795566,2.33,3.05,3.131,2,"noRSnocoldcoretop_allseds_deep_104","noRSnocoldcoretop_allseds_deep"
"1254",-4.46810945412401,22.4340699418275,30.2054949956293,38.5292261436353,58.5649286617357,58.3912143132688,19.1130254471849,13.22331359,13.4832399745382,12.327296497627,39.4077271758328,20.7972749395111,68.6107038296595,6.56949347610554,8.26928329138603,3.30689693158094,76.5310017589372,17.5793357960629,1.20677828580876,0.542812088132813,0.084955196,0.372358022529703,9.880107842,0.00937513755976316,0.0597300171511344,0.508206123811823,0.542925531062334,0.967906269779471,0.0174807586569457,0.325045094795566,2.33,3.05,3.134,2,"noRSnocoldcoretop_allseds_deep_105","noRSnocoldcoretop_allseds_deep"
"1255",-5.44555378721823,19.9084955484887,29.0661161769982,34.22870203,54.0544735318079,47.97722691,19.1230979400248,10.7728161898152,11.4440235143383,8.94091934267546,34.60993668,16.6292663612384,61.4128939718872,6.56921614148424,8.82133152456302,3.05071156308501,76.11873851,15.0223820774884,2.34540420810607,0.893635963026271,1.96242310014842,1.16864709136319,15.914170711097,0.692058445072898,0.196085346,0.937174842732656,0.521483584117829,0.981677258918009,0.0236693634031645,0.990736705301002,2.29,3.06,3.361,2,"noRSnocoldcoretop_allseds_deep_106","noRSnocoldcoretop_allseds_deep"
"1256",-5.42426060051761,19.9085033162965,29.0661161769982,34.22870203,54.17388896,48.4996695881634,19.0739430301761,10.8401453322169,10.1269065584742,8.93937954170739,34.60993668,16.7130041097606,61.3466919644401,6.56921614148424,8.82133152456302,3.5942057815325,76.1094650524447,15.032802827954,2.34540420810607,0.893635963026271,1.96242310014842,1.2098914698056,11.3903414702566,0.0309216433167038,0.196085346,0.726791466729391,0.569777135524866,0.983254487642421,0.0273933958772899,0.992495425625211,2.27,3.07,4.263,1,"noRSnocoldcoretop_allseds_deep_107","noRSnocoldcoretop_allseds_deep"
"1257",-4.75059857322988,19.9085033162965,27.3537522293345,34.22870203,54.17388896,47.97722691,19.1226419568469,10.7689206629489,10.0412077140388,8.91512206566743,34.60993668,16.62920237,61.4137380110719,6.55950110981615,8.75958647500534,3.0507409208732,76.11873851,15.032802827954,2.34540420810607,0.893635963026271,1.96242957055096,1.16863184068816,15.9139851641667,0.691625660970891,0.196085346,0.723988308725368,0.573042897446724,0.91710974764783,0.0236693634031645,0.990710969572098,2.29,3.08,3.321,2,"noRSnocoldcoretop_allseds_deep_108","noRSnocoldcoretop_allseds_deep"
"1258",-5.44466121383143,19.9085033162965,29.0848606889032,34.22870203,54.17388896,47.97722691,19.0766938338733,10.7728312594561,11.4440235143383,8.94066159892205,34.60993668,16.62920237,61.4153998440988,6.56921614148424,8.76368740852868,3.04954035718246,76.11873851,15.032802827954,2.34540420810607,0.893635963026271,1.96207292353276,1.16864554185038,15.9443944257352,0.691625660970891,0.196085346,0.726791466729391,0.569777135524866,0.981677258918009,0.0236693634031645,0.992497085070363,2.29,3.08,3.365,2,"noRSnocoldcoretop_allseds_deep_109","noRSnocoldcoretop_allseds_deep"
"1259",-4.75059857322988,19.9085033162965,27.3553812608478,34.22870203,54.17388896,47.97722691,19.1226419568469,10.7689206629489,10.8334204915744,8.91512206566743,34.613560439366,16.62920237,61.4137380110719,6.55950110981615,8.09395686439848,3.0507409208732,76.6959431040955,15.032802827954,2.34124094690186,0.893635963026271,1.96242957055096,1.10238714189401,15.9099244710658,0.691625660970891,0.196085346,0.723988308725368,0.574145728063211,0.91710974764783,0.0236693634031645,0.990710969572098,2.3,3.08,3.239,1,"noRSnocoldcoretop_allseds_deep_110","noRSnocoldcoretop_allseds_deep"
"1260",-4.29863512575177,19.90850159,29.1586693445695,33.9640999971703,54.17388896,48.7100387804523,19.0792047813904,10.76891249,9.98076053054939,8.94580243756176,34.6976272480027,16.62920237,61.3431185890279,6.73827726768883,8.76651121980276,3.0506676340393,76.3554896373409,15.0445558476589,2.34544774230275,0.895284889676638,1.96637809843084,1.168994618,15.9117461845026,0.69163892248018,0.196036911482772,0.726374184953066,0.887618977357785,0.917109592762683,0.0236587670502064,0.990732087,2.27,3.09,3.319,1,"noRSnocoldcoretop_allseds_deep_111","noRSnocoldcoretop_allseds_deep"
"1261",-6.59982841343002,19.9233526134009,27.4062341800938,32.3025562762707,54.17388896,46.7224459947753,19.0774687713767,13.287345365243,10.0412077140388,8.91512206566743,34.7207920832334,16.8762793120628,68.8801154001537,6.73677484058997,8.7678071797121,3.29363385101449,76.3641778249494,14.8868220181445,2.34540420810607,0.869148314438848,1.9990166686814,1.168994618,15.9139851641667,0.0438135978104317,0.19988839769643,0.936320303569316,0.883626848607447,0.917659260339257,0.0235126681668458,0.990732087,2.27,3.09,3.953,2,"noRSnocoldcoretop_allseds_deep_112","noRSnocoldcoretop_allseds_deep"
"1262",-4.95947777867786,19.8217787475511,27.108199243691,33.0452464848127,54.2276282997402,47.8796181378191,19.2873420285313,10.76891249,9.97663389428555,8.90021206961995,34.60993668,16.62920237,60.9114329416937,6.569089995731,8.76141940900087,3.049541894,76.11873851,15.0397627918867,2.34540420810607,0.894382191326802,1.26506317340001,1.14520156158603,15.9140588498713,0.165684581755946,0.196085346,0.934974989228536,0.740664551089203,0.917721444631667,0.0239593541270205,0.990732087,2.26,3.1,3.629,1,"noRSnocoldcoretop_allseds_deep_113","noRSnocoldcoretop_allseds_deep"
"1263",-4.62753604936593,22.4340736506804,30.1722709648561,32.4942156610336,58.5649286617357,58.1166499390096,19.1135499875492,13.2996682457165,13.2498270944738,10.4373533218225,39.4077271758328,20.7789478590033,69.0301729866952,6.64605766270864,8.26637940896805,3.31560233564437,76.3907735026075,17.1213527136975,1.9499040136307,0.547660216063198,0.124974216365507,0.374047577193636,9.89848494650139,0.00937513755976316,0.063605252528667,0.509586075702124,0.318473135154542,0.967906269779471,0.0119645489517617,0.324752741093366,2.29,3.1,3.221,1,"noRSnocoldcoretop_allseds_deep_114","noRSnocoldcoretop_allseds_deep"
"1264",-5.46503828715555,19.7164376760507,27.279586973294,34.22870203,54.0521464570989,47.97722691,19.0774687713767,10.76891249,9.97865098225025,10.4950173370815,34.60993668,16.6561231679361,61.4127810040912,6.73568659172791,8.09017949222006,3.049541894,76.121632858871,15.032802827954,2.3455052579697,0.866200936640369,1.96342780900971,1.168994618,15.9139851641667,0.846713874505455,0.196085346,0.936320303569316,0.519690702059896,0.984928787560503,0.0100899830987491,0.990732087,2.29,3.1,3.309,2,"noRSnocoldcoretop_allseds_deep_115","noRSnocoldcoretop_allseds_deep"
"1265",-4.37929676363673,22.3765762367611,30.3744038399592,38.1296721233001,58.5868876139643,61.788874500841,19.1857169971268,13.22331359,13.4832633410258,16.807633158433,38.2043616780301,21.4203276631372,61.9101063556528,6.54863582715564,8.26576671740077,3.27420607470157,76.32865032,17.5677103967193,1.82495509588041,0.542467926898801,0.084955196,0.380177244371593,16.505354982586,1.36710418,0.0598283095653946,0.5040818714697,0.56686520016454,0.833894739132281,0.03102562,0.30604529725338,2.38,3.1,2.888,2,"noRSnocoldcoretop_allseds_deep_116","noRSnocoldcoretop_allseds_deep"
"1266",-5.46478110094049,19.9097774521684,27.3088619244248,34.22870203,54.0544301722104,47.97722691,19.0774687713767,10.76891249,9.97865098225025,10.4697790816185,34.60993668,16.6555044647141,61.4127810040912,6.7366044021692,8.76225510837483,3.049541894,76.121632858871,15.032802827954,2.3455052579697,0.865093523667797,1.96342780900971,1.168994618,15.9139851641667,0.692017539285199,0.196085346,0.936320303569316,0.519690702059896,0.984928787560503,0.0100899830987491,0.990732087,2.26,3.11,3.33,1,"noRSnocoldcoretop_allseds_deep_117","noRSnocoldcoretop_allseds_deep"
"1267",-4.96861010110919,19.7261051525342,29.1115940828816,33.2395630805746,57.6039214599545,58.5018441236524,20.15934837,9.59639072509678,11.3907738703102,10.4542594724675,26.0908337256479,20.2724119244354,55.3815133,6.5900000422811,9.07882529578035,3.04164638574616,73.0767415429189,17.0036325913835,7.97945862801218,0.859949071853422,0.445378905,0.338879663615676,39.62574611,1.12919039395472,0.0902422969930231,0.630681254412021,0.531228915303357,0.930600356309605,0.0176869627412281,0.355085888813739,2.49,3.11,2.719,2,"noRSnocoldcoretop_allseds_deep_118","noRSnocoldcoretop_allseds_deep"
"1268",-5.46388852755369,19.9097852199761,27.3088619244248,34.22870203,54.1738456004025,47.97722691,19.0774687713767,10.76891249,9.97865098225025,10.4682392806504,34.60993668,16.6554404734757,61.4140622185788,6.7366044021692,8.76225510837483,3.049541894,76.121632858871,15.032802827954,2.3455052579697,0.865093523667797,1.96342780900971,1.168994618,15.9139849031191,0.691584755183192,0.196085346,0.936277622188476,0.567984253466933,0.984928787560503,0.0100899830987491,0.992498955944079,2.26,3.12,3.339,2,"noRSnocoldcoretop_allseds_deep_119","noRSnocoldcoretop_allseds_deep"
"1269",-4.95999103593111,19.9085033162965,27.3085599039094,33.2538902211571,54.17388896,47.9836773921468,19.0774687713767,10.76891249,10.0408097974711,8.91500529108277,34.60993668,16.62920237,61.4139238386134,6.64594993540495,8.15580534817976,3.049541894,76.1382875474219,15.038901968835,2.34540420810607,0.893635963026271,1.978215977494,1.168994618,15.9099513593926,0.691625660970891,0.196085346,0.936320303569316,0.884959182839095,0.91710974764783,0.0236693634031645,0.990732087,2.28,3.12,3.295,1,"noRSnocoldcoretop_allseds_deep_120","noRSnocoldcoretop_allseds_deep"
"1270",-6.42740777396532,19.9656938327204,29.0243863546095,34.2659790521602,58.0758939144495,47.9772042412671,20.4110126802939,11.5827818206376,11.444446082451,8.90854096449034,38.5552902981173,16.6549281860418,61.4127670450707,6.57060311268061,8.08739879058094,3.0507993720273,76.1155565771998,15.0498450555002,2.34111900304171,0.866319811589697,1.96281436449536,1.16867673709528,15.9042454650662,0.695476971814123,0.196603987295202,0.726662238359306,0.572683925644002,0.981659041624086,0.00949343096073586,0.990731912842671,2.3,3.13,3.168,1,"noRSnocoldcoretop_allseds_deep_121","noRSnocoldcoretop_allseds_deep"
"1271",-4.33529172769444,19.806536329579,28.9093236715709,33.1212516975078,58.0962469500276,54.3826201351638,19.2849521924496,9.40589469439159,11.4078851698099,11.1815994204471,26.0254082525486,20.8547617758099,55.6464213724921,6.57958036838037,9.04552500621275,3.62720172551387,73.8443066628429,15.0858557796067,7.82822096990269,0.863146012145249,0.606009831876653,0.363901263959369,39.407767997205,0.177835493674172,0.18591925158247,0.5095258855505,0.739257982168211,0.934698964631179,0.0167955504766431,0.887298586817409,2.43,3.13,2.723,2,"noRSnocoldcoretop_allseds_deep_122","noRSnocoldcoretop_allseds_deep"
"1272",-4.32038254388488,22.414943943871,32.31601264,32.7526180314952,65.3713738393444,53.4626395461195,20.8733588386291,10.9524921776,14.7323722259141,11.1607385653826,31.4101291511809,20.0917119538968,55.2568113187126,6.91802994664563,8.35803692511795,3.31900887479111,76.3153475248776,15.1109847173081,5.10841360625326,0.125568128513721,0.485462999989555,0.326625378785665,37.8665309482739,0.067648142670538,0.145218866184308,0.530710345779661,0.653975766275926,0.93033495156275,0.00921531613457783,0.86533627039956,2.41,3.15,2.851,2,"noRSnocoldcoretop_allseds_deep_123","noRSnocoldcoretop_allseds_deep"
"1273",-4.04298421615697,22.0974716079733,29.0479238941559,33.5861509646423,58.1056292076217,58.1848821507404,20.185251938054,10.8257021297378,11.3907934574296,12.9330364852221,25.9098975381973,21.5739241206393,55.4404487761706,6.59063713818865,8.35267336179962,3.61439472089168,73.9924449036335,17.0940809843058,5.61201345309708,0.880524311872018,0.436128324539966,0.337546937346507,39.8151168576154,0.18866118029323,0.130979795246756,0.504537842801928,0.30870286662207,0.965187000212114,0.0354453213035713,0.863551445684144,2.4,3.16,2.722,2,"noRSnocoldcoretop_allseds_deep_124","noRSnocoldcoretop_allseds_deep"
"1274",-4.95999103593111,19.9085033162965,27.3085599039094,34.22870203,54.17388896,47.9731864121382,19.0774687713767,10.76891249,10.0399006852036,8.91500529108277,34.60993668,16.62920237,61.4349576189633,6.64594993540495,8.764582168,3.049541894,76.11873851,15.032802827954,2.34540420810607,0.893635963026271,1.978215977494,1.168994618,15.9139851641667,0.691625660970891,0.196085346,0.936320303569316,0.883626848607447,0.91710974764783,0.0236693634031645,0.990732087,2.28,3.17,3.308,2,"noRSnocoldcoretop_allseds_deep_125","noRSnocoldcoretop_allseds_deep"
"1275",-5.44862814024225,19.9085033162965,27.3085599039094,34.22870203,54.17388896,47.9170975070296,19.0774687713767,10.76891249,10.1184071341446,10.4440799894188,38.0771960441088,16.44796502354,61.4137380110719,6.73666767369142,8.21632724283547,3.049541894,76.1033789222483,15.032802827954,2.35262071987374,0.647158850732879,1.978215977494,1.168994618,11.4256247546377,0.691625660970891,0.196085346,0.936320303569316,0.883626848607447,0.91710974764783,0.0236693634031645,0.95193947303396,2.28,3.17,3.336,2,"noRSnocoldcoretop_allseds_deep_126","noRSnocoldcoretop_allseds_deep"
"1276",-4.16918556213985,19.8020239678562,29.05125638,33.6137544025714,58.077487635488,58.2375028066716,20.1585095710554,10.7729465295546,11.4068439265403,11.1815018753002,26.0253486409086,20.81233846,55.06082626,6.5695480027492,8.36821433096146,3.62708468677966,73.8344030302044,17.09522483,5.84336069316609,0.863101500716026,0.508256803585275,0.271001873913887,40.1989542988686,0.217351846528281,0.134884321486674,0.506939209298559,0.8213182012458,0.978886319341451,0.0103044292319483,0.61834333851163,2.39,3.17,2.76,1,"noRSnocoldcoretop_allseds_deep_127","noRSnocoldcoretop_allseds_deep"
"1277",-4.38448439902814,19.7985304314884,29.0235785563565,33.1983930270391,56.814144484392,58.1878182576027,20.1254788019042,11.3545555784819,11.3839078089358,11.174711250447,26.0277622073721,20.8056516699242,55.3694762615928,6.57036956561001,8.35253651078682,3.6269854519533,73.8256240070362,17.157985869965,5.63582570927892,0.835711091563684,0.444189963443152,0.311210603333829,40.2168075987086,0.233267997851973,0.0704616199458894,0.627129051465154,0.737153217234053,0.981648080550742,0.0163397791770909,0.337857429723653,2.39,3.17,2.801,1,"noRSnocoldcoretop_allseds_deep_128","noRSnocoldcoretop_allseds_deep"
"1278",-4.07156656332557,22.1160192929483,29.0447970561754,33.5770541950555,57.9944918771776,58.1848821507404,20.1659628165543,11.7114627820127,11.3907934574296,12.319065086115,25.9098975381973,21.5516520292071,55.4404487761706,6.59063713818865,8.36134000844977,3.7086761210732,73.9465184684699,17.0940809843058,5.63653210808387,0.880406889255797,0.436396398070878,0.308500587033773,40.2374030121521,0.126540271937398,0.132307874299679,0.503255120433921,0.527889949671196,0.980693236523942,0.0356262637682112,0.861698649762104,2.39,3.17,2.826,2,"noRSnocoldcoretop_allseds_deep_129","noRSnocoldcoretop_allseds_deep"
"1279",-4.35947190626339,19.7985304314884,29.0118305722119,33.583609836524,56.814144484392,58.1754560677364,20.1491401595721,9.39392444335283,11.7170217417727,11.0540877826311,26.1317706118662,20.8061350351358,55.3691947524282,6.59066674577465,8.37483094249028,3.62844775400798,73.8504187608361,17.157985869965,5.63582570927892,0.603965027259062,0.505309334396442,1.12651949674557,39.1529827086709,0.233200091999413,0.105849876686355,0.628300920616383,0.736959830589549,0.981581244233161,0.0437214618033111,0.329430441986353,2.49,3.17,2.699,2,"noRSnocoldcoretop_allseds_deep_130","noRSnocoldcoretop_allseds_deep"
"1280",-4.75059857322988,19.9085033162965,27.3085599039094,34.22870203,54.17388896,47.97722691,19.0774687713767,10.76891249,10.0412077140388,8.91512206566743,34.60993668,16.62920237,61.4137380110719,6.73666767369142,8.764582168,3.049541894,76.11873851,15.032802827954,2.34540420810607,0.893635963026271,1.978215977494,1.168994618,15.9139851641667,0.691625660970891,0.196085346,0.936320303569316,0.883626848607447,0.91710974764783,0.0236693634031645,0.990732087,2.28,3.18,3.321,2,"noRSnocoldcoretop_allseds_deep_131","noRSnocoldcoretop_allseds_deep"
"1281",-4.16918556213985,19.8020239678562,29.050094531723,33.6137544025714,58.0806397817127,58.2375028066716,20.1585095710554,10.7729465295546,11.4068439265403,11.1815018753002,26.0253486409086,20.81233846,55.06082626,6.5695480027492,8.36821433096146,3.61312893380086,73.8344030302044,16.9588624131059,5.84155336174374,0.863101500716026,0.516724247718553,0.311170547052839,40.2520223923306,0.217351846528281,0.134966606289268,0.506921901968404,0.757525632965411,0.980197619958489,0.0103044292319483,0.61834333851163,2.39,3.19,2.785,2,"noRSnocoldcoretop_allseds_deep_132","noRSnocoldcoretop_allseds_deep"
"1282",-5.15891196092608,19.9085033162965,27.3085599039094,34.22870203,54.17388896,47.97722691,19.0774687713767,10.76891249,10.0374146779839,8.91512206566743,34.60993668,16.62920237,61.4137380110719,6.73666083244733,8.764582168,3.049541894,76.11873851,15.032802827954,2.34540420810607,0.893635963026271,1.982819258887,1.168994618,15.9117298504638,0.691592675786366,0.196085346,0.936320303569316,0.883626848607447,0.917240385327669,0.0236693634031645,0.990732087,2.27,3.2,3.317,2,"noRSnocoldcoretop_allseds_deep_133","noRSnocoldcoretop_allseds_deep"
"1283",-5.16825367899075,19.9085033162965,27.3085599039094,34.22870203,54.17388896,47.97722691,19.0774687713767,10.76891249,10.0412077140388,8.91512206566743,34.60993668,16.62920237,61.4137380110719,6.73666767369142,8.764582168,3.049541894,76.11873851,15.032802827954,2.34540420810607,0.893635963026271,1.98291808640592,1.168994618,15.9139851641667,0.691625660970891,0.196085346,0.936320303569316,0.883626848607447,0.917240756088604,0.0236693634031645,0.990732087,2.27,3.2,3.317,2,"noRSnocoldcoretop_allseds_deep_134","noRSnocoldcoretop_allseds_deep"
"1284",-4.06558974846063,22.1168079657,29.0473517700347,33.5815449692633,57.9944918771776,55.0151107012946,20.1583263357866,10.8295122230921,11.3903343654533,12.9198407116133,25.9099175332286,20.8055698660043,55.0554534410882,6.55735585978012,8.36168953224122,3.2026059466347,73.955494531192,15.2387585207804,5.47535461540126,0.880520147679799,0.436127389769111,0.360777371471999,40.2613738098943,0.189271240962778,0.132268297395117,0.503255120433921,0.517399757405416,0.965482068694089,0.0361768146109144,0.863557081929919,2.37,3.2,3.005,2,"noRSnocoldcoretop_allseds_deep_135","noRSnocoldcoretop_allseds_deep"
"1285",-4.88575066028869,22.0451915278184,28.2334387541635,33.1775206850186,54.17388896,48.8175386942428,19.0877891200933,11.5787187110077,10.8202374219053,8.91512206566743,34.5405378180151,16.62920237,61.4137380110719,6.73666767369142,8.26655875715757,3.03991561255551,76.6825643203986,14.5656850707653,2.34129253809294,0.885460994600576,1.97825397881006,1.10071537680373,15.909898151899,0.847643907609999,0.196085346,0.503702014987399,0.885019370304286,0.91710974764783,0.0236693634031645,0.990732087,2.29,3.21,3.293,2,"noRSnocoldcoretop_allseds_deep_136","noRSnocoldcoretop_allseds_deep"
"1286",-6.17026424617564,19.8715538590472,28.0920831755304,32.8202590305746,47.41705031,61.7862089421277,20.1761554302305,11.3035850910505,13.5902327,11.2335980258962,26.2483416333103,20.2650250220233,53.32937676,6.20671841947491,8.06180006722585,3.11049998364098,63.79301626,27.8826167160908,7.89699134990322,0.320862236155534,0.165744745,0.394753582835181,39.7404531288278,0.876797871198141,0.129502784,0.924073642851494,0.507888866892133,0.920552229,0.00983342845664115,0.607509373051067,2.67,3.21,2.643,1,"noRSnocoldcoretop_allseds_deep_137","noRSnocoldcoretop_allseds_deep"
"1287",-6.22889818927473,19.8103458472707,28.074191696922,32.8203605725001,47.41705031,61.8005520503709,20.17607030752,10.8175254059686,13.3366002113727,10.4942102640879,26.2176085295992,20.2489351160663,53.5642330307847,6.2291983540706,8.13276649302398,3.11055321569801,63.79301626,27.8826167160908,7.90153629093273,0.329592821975173,0.624026575911765,0.337473457084309,39.9095088730497,0.884599975698667,0.129524128116522,0.72321466472265,0.571123917844148,0.962245530499337,0.010142182,0.598159711133984,2.69,3.21,2.628,1,"noRSnocoldcoretop_allseds_deep_138","noRSnocoldcoretop_allseds_deep"
"1288",-5.4445214934329,19.9085033162965,27.3399845779234,34.22870203,54.17388896,47.9179086064822,19.0774687713767,10.76891249,10.0412077140388,10.4452017442107,34.60993668,16.62920237,61.4137380110719,6.73827335078283,8.764582168,3.04954404171293,76.3747673133254,15.0449578491498,2.34540420810607,0.893635963026271,1.978215977494,1.168994618,16.0023510027612,0.691625660970891,0.196085346,0.936320303569316,0.883613078097599,0.91710974764783,0.0236693634031645,0.990732087,2.26,3.22,3.282,1,"noRSnocoldcoretop_allseds_deep_139","noRSnocoldcoretop_allseds_deep"
"1289",-5.44862814024225,19.9085033162965,27.3085599039094,34.22870203,54.17388896,47.9179086064822,19.0774687713767,10.76891249,10.0412077140388,10.4452017442107,34.60993668,16.62920237,61.4137380110719,6.73666767369142,8.764582168,3.049541894,76.11873851,15.032802827954,2.34540420810607,0.893635963026271,1.978215977494,1.168994618,16.0023510027612,0.691625660970891,0.196085346,0.936320303569316,0.883626848607447,0.91710974764783,0.0236693634031645,0.990732087,2.26,3.22,3.322,2,"noRSnocoldcoretop_allseds_deep_140","noRSnocoldcoretop_allseds_deep"
"1290",-4.94509261947889,19.9086888035746,27.3085599039094,33.2526657347571,54.3239697802994,48.8098160788787,19.0775320539253,11.5591215831861,10.8359781928127,8.91512206566743,34.6998251379288,16.62920237,61.3072343489716,6.73666767369142,8.10093966598871,3.06756141361519,76.7251875271233,14.5656850707653,2.34129253809294,0.885457218344675,1.97737348505823,1.10469611125528,15.8774245682953,0.846608108622328,0.19536261965534,0.954163803682765,0.523162946207884,0.91710974764783,0.0236693634031645,0.996309072077207,2.27,3.22,3.182,1,"noRSnocoldcoretop_allseds_deep_141","noRSnocoldcoretop_allseds_deep"
"1291",-5.44862814024225,19.948704290979,27.3454928487096,34.2013729822764,54.17388896,47.8200228010518,19.0901454351236,10.76891249,10.0362451776508,11.2492910497578,34.3709165310791,16.62920237,61.4137380110719,6.73666767369142,8.764582168,3.049541894,76.3767362030691,15.032802827954,2.34540420810607,0.893635963026271,1.99821780776193,1.168994618,15.9139851641667,0.863906154261196,0.196085346,0.936320303569316,0.883626848607447,0.987289857044343,0.023673780221121,0.982657944118576,2.28,3.22,3.292,2,"noRSnocoldcoretop_allseds_deep_142","noRSnocoldcoretop_allseds_deep"
"1292",-6.22830194290966,19.8711288029481,28.074191696922,32.8203605725001,47.41705031,61.8005520503709,20.17607030752,11.3035836550654,13.5944823268741,10.4942102640879,26.2176085295992,20.2633535996919,53.4059175464272,6.20684672836771,8.13276649302398,3.11055321569801,63.79301626,27.8826167160908,7.90153629093273,0.32085143975916,0.14583263528192,0.389059013178538,39.8962000104855,0.884492576069496,0.129502858121393,0.721937467674171,0.509024306354185,0.920552229,0.010142182,0.607485981857838,2.68,3.22,2.643,2,"noRSnocoldcoretop_allseds_deep_143","noRSnocoldcoretop_allseds_deep"
"1293",-5.45061137152588,19.9085033162965,27.2935248168675,34.2333002691959,54.17388896,47.9798514838324,19.0774687713767,10.76891249,10.0412077140388,10.5735877362138,34.6486539805979,16.6293350098083,61.4137380110719,6.73666767369142,8.764582168,3.05242881992808,76.11873851,15.032802827954,2.34540420810607,0.893635963026271,1.978215977494,1.10154469452781,16.3262678571832,0.691653620626611,0.196078570440154,0.936320303569316,0.883626848607447,0.91710974764783,0.0236693634031645,0.990219735835554,2.26,3.23,3.304,1,"noRSnocoldcoretop_allseds_deep_144","noRSnocoldcoretop_allseds_deep"
"1294",-4.95977494872741,19.9086888035746,27.3085599039094,33.2508596241418,54.3239697802994,48.8097227315815,19.0778636490317,11.5591215831861,10.8201888194068,8.91512206566743,34.6998251379288,16.62920237,61.4142265286697,6.73666767369142,8.10093966598871,3.04910831404026,76.7250487117045,14.5656850707653,2.34129253809294,0.885457218344675,1.94848191093053,1.10059092058454,15.9103341231029,0.847617164932424,0.196048886279654,0.509791287829142,0.526630763679996,0.91710974764783,0.0236693634031645,0.990807265072744,2.27,3.23,3.183,1,"noRSnocoldcoretop_allseds_deep_145","noRSnocoldcoretop_allseds_deep"
"1295",-4.94509261947889,19.9086888035746,27.3085599039094,33.2508596241418,54.3239697802994,48.8098160788787,19.0775320539253,11.5591215831861,10.8359781928127,8.91512206566743,34.6998251379288,16.62920237,61.4142265286697,6.73666767369142,8.10093966598871,3.06787282596676,76.7250487117045,14.5656850707653,2.34129253809294,0.885457218344675,1.94804060892339,1.10059092058454,15.8774245682953,0.847617164932424,0.196048886279654,0.509791287829142,0.521016892828118,0.91710974764783,0.0236693634031645,0.996374567449022,2.27,3.23,3.185,1,"noRSnocoldcoretop_allseds_deep_146","noRSnocoldcoretop_allseds_deep"
"1296",-4.06961139696141,22.0974716079733,29.024102876895,33.5678079215458,57.9944918771776,58.187831059913,20.1237446204408,10.8257696925366,11.3907934574296,11.1501046322128,25.9098975381973,20.8055698660043,55.4404487761706,6.57024990882051,8.35266415531435,3.62708468677966,73.8298127043084,17.0960681430066,5.61201345309708,0.880524311872018,0.443998744673592,0.312007764233228,40.2143429415337,0.18866118029323,0.132307874299679,0.503255120433921,0.525817252362628,0.964657568339957,0.0161998969032998,0.863551445684144,2.37,3.23,2.789,1,"noRSnocoldcoretop_allseds_deep_147","noRSnocoldcoretop_allseds_deep"
"1297",-6.17031092101412,19.8759343541636,28.0749254131357,32.8203552174008,47.41705031,61.7999767508414,20.1802665682465,11.3036218079028,13.852774992771,11.174452546618,26.24833924,20.2632769692421,53.4026158059977,6.20681691032685,8.06153518807895,3.11048802913968,63.79301626,27.8723077052447,7.89685168926939,0.32083852907507,0.165744745,0.394692051000882,39.8901907586104,0.884503248075809,0.129408688732898,0.920262586537347,0.519347505886551,0.920552229,0.00993488390687572,0.607372452528127,2.67,3.23,2.631,1,"noRSnocoldcoretop_allseds_deep_148","noRSnocoldcoretop_allseds_deep"
"1298",-6.17707531689032,19.8711288029481,28.0922294,32.8209905586894,47.41705031,61.8005012184658,20.1690465027998,11.3034385240974,13.5902327,11.2125507429878,26.24833924,20.265155580142,53.4126596573716,6.20686878804916,8.061544118,3.10626941549065,63.79301626,27.8826167160908,7.90622809422127,0.320872000667279,0.165744745,0.399054465504829,39.7405276248224,0.876833448045053,0.129408688732898,0.718075412421977,0.507669707585087,0.920552229,0.0104469121813172,0.607374465505121,2.67,3.23,2.636,1,"noRSnocoldcoretop_allseds_deep_149","noRSnocoldcoretop_allseds_deep"
"1299",-6.17039101018977,19.6604794377414,28.0922294,32.8208023649971,47.41705031,61.7867810057802,20.1760382447375,11.3030406494446,13.5982283856331,11.2124465569301,26.24833924,20.2651172988711,53.32937676,6.20473827412731,8.061544118,3.11454873643813,63.79301626,27.8733448511221,7.89691544403129,0.320503088428019,0.165744745,0.334458478129024,39.7402526319937,0.875467232790284,0.129408688732898,0.920262586537347,0.522165064370486,0.920552229,0.00984429052216962,0.607361412610755,2.67,3.23,2.649,2,"noRSnocoldcoretop_allseds_deep_150","noRSnocoldcoretop_allseds_deep"
"1300",-1.91787057807565,25.367432237038,32.8585073584903,41.9652738799001,70.245473772963,48.2111207488854,19.9247389973786,13.9200817165633,10.4785172329824,14.3520024065651,43.7831438951229,12.9275237314042,61.0791219470122,5.79109612642758,7.98103094383948,3.78009374150412,75.9138331743448,17.8616209391611,5.49351702292454,0.0819597767320141,1.69483268118115,0.806827092413161,18.3963494581969,0.990777877055077,0.128009868381608,0.566148226336784,0.248233921326766,0.983407481140303,0.0223433256064438,0.461620888196412,2.52,2.76,3.594,1,"noRSnocoldcoretop_seds_2over3under10_sst_1","noRSnocoldcoretop_seds_2over3under10_sst"
"1301",-2.2358457544316,23.6299579835438,30.2131740056302,43.2007499085394,69.0769750496992,47.6835947179155,19.945410926251,10.9242993862508,10.3261324267283,14.7775822208181,38.745129167592,12.6576046563755,60.881385094158,6.53580139256456,7.97011904359025,3.76926154481665,75.9365600528153,18.6645458818548,3.65970751339877,0.413520901478353,1.55206420935865,0.0744124454681537,25.4439580196975,0.241875528681729,0.114313088013702,0.574264284457808,0.254119065163485,0.844549407149371,0.026160797672158,0.460477725611788,2.39,2.78,3.436,1,"noRSnocoldcoretop_seds_2over3under10_sst_2","noRSnocoldcoretop_seds_2over3under10_sst"
"1302",-1.74868249320827,23.6299579835438,30.2131740056302,43.2007499085394,69.0769750496992,47.6835947179155,19.945410926251,10.9242993862508,10.3261324267283,14.7775822208181,38.745129167592,12.6576046563755,60.881385094158,6.53580139256456,7.97011904359025,3.76926154481665,75.9365600528153,18.6645458818548,3.65970751339877,0.413520901478353,1.55206420935865,0.0744124454681537,25.4439580196975,0.241875528681729,0.114313088013702,0.574264284457808,0.254119065163485,0.844549407149371,0.026160797672158,0.460477725611788,2.4,2.78,3.299,1,"noRSnocoldcoretop_seds_2over3under10_sst_3","noRSnocoldcoretop_seds_2over3under10_sst"
"1303",-1.74868249320827,22.6052890170897,30.2131740056302,43.2007499085394,69.0769750496992,47.6950486927842,19.9539507298557,10.9242993862508,10.3262790626815,14.7775822208181,38.7531396385514,12.7046643447014,60.8788610917725,6.53580139256456,8.20477890989988,3.76926154481665,75.8490924911705,18.6645458818548,3.63777553663786,0.413520901478353,1.55405145385838,0.0744124454681537,25.4535592624787,0.241875528681729,0.136540774780831,0.574264284457808,0.264517712210197,0.844969844746034,0.026160797672158,0.461108182343246,2.41,2.78,3.263,1,"noRSnocoldcoretop_seds_2over3under10_sst_4","noRSnocoldcoretop_seds_2over3under10_sst"
"1304",-1.93764849863849,22.6216646036774,32.831468122595,43.1636030348012,69.1567320066297,47.6949682963531,19.9541462395224,10.9268843654348,10.3221490246083,14.7698594046275,38.7039391804045,12.7055011673464,60.2346623487737,6.54313234618941,8.19892394012742,3.75577414549612,75.9362793368123,18.6662797596071,3.6380393849205,0.413886066415639,1.66553960937111,0.894192953920228,24.8543842290739,0.242313682210988,0.137559856005145,0.573923410994986,0.264255545955342,0.896070953350199,0.0588566452571089,0.461111244545046,2.37,2.8,3.496,1,"noRSnocoldcoretop_seds_2over3under10_sst_5","noRSnocoldcoretop_seds_2over3under10_sst"
"1305",-6.0996764048477,25.024487015766,35.1968747604187,40.5770016722438,56.653083387878,46.5725423125119,21.676214422382,11.469987264684,13.5223442196156,15.9363479247404,36.8080595924973,10.6498976819803,63.3767758296481,6.35039363583301,8.31801136668266,3.095795544,72.501159957527,20.4167621890426,5.55554574497525,1.571387079,0.504630036989098,0.0188623219585816,9.254309239281,0.964397434856906,0.136532335,0.685261527,0.286929986000767,0.969663055964523,0.00896950760499835,0.463967248136135,2.31,2.81,6.36,1,"noRSnocoldcoretop_seds_2over3under10_sst_6","noRSnocoldcoretop_seds_2over3under10_sst"
"1306",-1.93764849863849,22.6170307143222,32.7967493206371,43.0874688448095,69.1567320066297,47.6949682963531,19.9541462395224,10.7872859817271,10.4675699439612,13.896195959855,40.0623395808753,12.4957516906434,61.06272039903,6.72770245496792,7.96148071306928,3.8997919663785,76.1111567990276,17.8463604811346,3.6380393849205,0.314365541495041,1.66553960937111,0.894192953920228,24.8741316336003,0.242313682210988,0.137640289267199,0.569932861014986,0.264255545955342,0.896070953350199,0.0191243972078858,0.459551074529963,2.36,2.81,3.315,1,"noRSnocoldcoretop_seds_2over3under10_sst_7","noRSnocoldcoretop_seds_2over3under10_sst"
"1307",-6.09912977008768,24.9606840006854,35.2346845749591,40.7717574982946,56.655443050731,46.5079094567119,21.676214422382,11.4075682225689,17.9737990553164,15.9363479247404,36.8080595924973,10.6506148672335,64.6621185881764,6.38949990278508,7.98551853934986,3.21693897805129,72.4925928508152,20.8075528856404,5.55238654634265,1.571387079,0.552354528201131,0.0252438382347577,9.32645480468173,0.964755902058841,0.136532335,0.686324186095825,0.103817983628131,0.912233695132957,0.00896950760499835,0.606126267961731,2.37,2.81,5.985,2,"noRSnocoldcoretop_seds_2over3under10_sst_8","noRSnocoldcoretop_seds_2over3under10_sst"
"1308",-1.97257746548732,22.6512127101709,29.9117256697907,38.0700111645214,69.568425146707,47.6949371511669,19.9541462395224,10.7868400738556,9.06617495322955,10.8802382001145,39.5890369781387,12.7046751491168,60.2494882286254,6.74864362769039,8.19186197406159,3.81703147412652,75.9205050849181,18.6307768350145,3.6380393849205,0.315236610236402,1.66553960937111,0.894192953920228,24.8741331130086,0.252392499152519,0.136348634133962,0.551481009104897,0.264255545955342,0.896070953350199,0.0588566452571089,0.456790041796374,2.39,2.81,3.378,1,"noRSnocoldcoretop_seds_2over3under10_sst_9","noRSnocoldcoretop_seds_2over3under10_sst"
"1309",-6.09912977008768,25.024487015766,35.1968747604187,43.2305916280264,56.655443050731,46.5725423125119,21.676214422382,11.4075682225689,13.5223442196156,15.9363479247404,36.8080595924973,10.6506148672335,63.3767758296481,6.35039363583301,8.31801136668266,3.095795544,72.497407974458,20.4167621890426,5.55238654634265,1.571387079,0.501957703028136,0.0189861227222468,9.22553823891246,0.964755902058841,0.136532335,0.685261527,0.286929986000767,0.969663055964523,0.00896950760499835,0.606126267961731,2.33,2.83,6.434,2,"noRSnocoldcoretop_seds_2over3under10_sst_10","noRSnocoldcoretop_seds_2over3under10_sst"
"1310",2.01025234840117,23.6265112251744,34.8125243757594,41.487438994307,70.8633186794228,48.5958830817905,19.2528576014933,12.705555945825,10.6786538143211,14.9518529096307,41.2737756411087,12.1996900544343,53.3389164204743,6.33466026659988,8.36688736283365,3.7299560552623,79.083995489413,17.3221415539743,3.63944221182387,0.605686494689617,1.60948187008321,0.12815115460875,19.8552682398691,0.993956249160838,0.114601001,0.285403414857958,0.256148424808023,0.904911679055023,0.0247077104753023,0.595309427253134,2.32,2.87,4.874,1,"noRSnocoldcoretop_seds_2over3under10_sst_11","noRSnocoldcoretop_seds_2over3under10_sst"
"1311",1.81063694519531,23.6265112251744,34.8125243757594,41.487438994307,70.8633186794228,48.5958830817905,19.2528576014933,12.705555945825,10.6786538143211,14.9518529096307,41.2737756411087,12.1996900544343,53.3389164204743,6.33466026659988,8.36688736283365,3.7299560552623,79.083995489413,17.3221415539743,3.63944221182387,0.605686494689617,1.60948187008321,0.12815115460875,19.8552682398691,0.993956249160838,0.114601001,0.285403414857958,0.256148424808023,0.904911679055023,0.0247077104753023,0.595309427253134,2.32,2.87,4.882,1,"noRSnocoldcoretop_seds_2over3under10_sst_12","noRSnocoldcoretop_seds_2over3under10_sst"
"1312",1.7772263361823,23.6265112251744,34.8125243757594,41.487438994307,70.8633186794228,48.5993025892999,19.2528576014933,12.705555945825,10.6786147765185,14.9518529096307,41.2737756411087,12.1996900544343,53.3389164204743,6.3346609916194,8.36688736283365,3.7299560552623,78.8249055134723,17.3221415539743,3.63944221182387,0.605686494689617,1.60948187008321,0.139688790476759,19.8552682398691,0.993956249160838,0.114601001,0.285403414857958,0.256148424808023,0.904911679055023,0.0247077104753023,0.595309427253134,2.32,2.88,4.884,1,"noRSnocoldcoretop_seds_2over3under10_sst_13","noRSnocoldcoretop_seds_2over3under10_sst"
"1313",2.24169289510711,23.6760253717969,34.7708102584653,38.2159782426794,82.9083479092896,49.2124941545365,18.63991042,10.2520293341938,13.6335970999301,10.7103401774709,45.3988926,14.8092692868041,53.9777767551691,6.47534874573022,8.3926215668761,3.73820768764304,83.5699918547766,14.1856799684447,1.3341019353942,0.910767782277491,0.457504140398263,0.899258156561456,28.1701831605623,0.803136536136602,0.171555005313925,0.774995667732583,0.289923892562435,0.980607543361354,0.0192530264212316,0.67813849611226,2.3,2.89,4.087,1,"noRSnocoldcoretop_seds_2over3under10_sst_14","noRSnocoldcoretop_seds_2over3under10_sst"
"1314",-8.55054754227731,22.9113484000623,35.2503149355354,40.7646304837972,61.7993878606144,46.4692493178118,21.676214422382,10.0692060293266,13.4452814392727,15.9363479247404,37.2044846970184,10.3354526793588,63.2829039380201,6.35039363583301,7.96589329361278,3.095795544,71.9960560744208,17.629858239286,5.55238654634265,1.571387079,0.552354528201131,0.0252438382347577,9.25922717668458,0.960014739662869,0.136584537709513,0.684609405450186,0.101250136025236,0.912233695132957,0.00896950760499835,0.606126267961731,2.3,2.9,10.071,2,"noRSnocoldcoretop_seds_2over3under10_sst_15","noRSnocoldcoretop_seds_2over3under10_sst"
"1315",1.77977271516662,23.7267384330516,34.7708712606693,38.2425374528774,82.8226750152379,49.2918378723151,18.448805647239,10.2005663190147,13.6351773916509,6.64141456764859,45.4116054836491,14.8089079618924,54.001127421679,6.46769817163771,8.36736173967945,3.76289733936274,84.2961686128179,14.1902257685283,5.5880840524336,0.900156422258136,0.455955889859883,1.15624919097569,28.1803423352948,0.672016062381107,0.170433565136503,0.791513964076364,0.321213065248871,0.969335104824224,0.0181780936439416,0.684588482328827,2.31,2.91,3.455,1,"noRSnocoldcoretop_seds_2over3under10_sst_16","noRSnocoldcoretop_seds_2over3under10_sst"
"1316",1.76610960177727,23.7250730911346,34.7708712606693,38.2425374528774,82.8225035846839,49.2918378723151,18.6558160215685,10.2005663190147,13.6351785959586,6.64141456764859,45.4116054836491,14.8089079618924,53.9984802402874,6.46769817163771,8.36736173967945,3.76289733936274,84.3037182975005,14.1933469725052,5.5880840524336,0.900156422258136,0.455955889859883,1.15588701698515,28.1852038469135,0.79993743348123,0.171862511638487,0.789534732311392,0.289355989378663,0.969335104824224,0.0181780936439416,0.684588482328827,2.33,2.91,3.445,1,"noRSnocoldcoretop_seds_2over3under10_sst_17","noRSnocoldcoretop_seds_2over3under10_sst"
"1317",-6.800013743,22.1645509300534,32.4626391074466,39.34451806,69.7010215681083,53.5560575572685,23.0920275640701,10.134292042179,12.8584027397988,10.8619881927989,43.8505442108056,15.900217138471,65.993538676856,5.78482734218841,8.4326652016083,3.00995970461101,74.8190720614181,18.0855025981699,4.75421107659242,0.134794612631325,0.153924393959567,0.801464429922897,18.3290672850283,1.06453019678997,0.21348240776968,0.913603834693537,0.703877218597575,0.833157081853213,0.019322314820802,0.575878096454953,2.74,2.91,2.81,1,"noRSnocoldcoretop_seds_2over3under10_sst_18","noRSnocoldcoretop_seds_2over3under10_sst"
"1318",2.22394284227382,23.6760253717969,34.7708102584653,43.271891300852,82.9030275938023,49.2107987989327,18.6399055220532,10.1042030881848,13.6479382183062,14.797567713517,45.3988926,14.9095189231383,54.4954545428577,6.47511113139187,8.36792685933208,3.68116730108628,83.524651771702,14.0755243808302,1.31684721046921,0.910767782277491,0.379516370291496,0.901051267296378,28.3280566443142,0.802471393,0.171555005313925,0.782736950085354,0.290407828107994,0.983858116776841,0.125371523220137,0.732324383263693,2.31,2.92,3.916,1,"noRSnocoldcoretop_seds_2over3under10_sst_19","noRSnocoldcoretop_seds_2over3under10_sst"
"1319",2.27255222716553,23.6761239714564,34.3290934273587,43.2202882943626,82.9163929617601,49.2100479476601,18.6398931219284,10.2518898471667,13.6407950181286,14.7958446863693,45.3988926,14.8245228845901,54.0723949451432,6.47122640195519,8.37599776132955,3.25723029838166,83.5699918547766,14.1796024937247,1.28909945329327,0.900551100629094,0.470482351212446,0.901374760598009,28.3336301486143,0.80539582586702,0.170925383532091,0.784035880060262,0.28877467731206,0.993987907573995,0.0180349531598226,0.686388180633083,2.27,2.93,4.033,1,"noRSnocoldcoretop_seds_2over3under10_sst_20","noRSnocoldcoretop_seds_2over3under10_sst"
"1320",2.54299742261793,23.6760253717969,34.7708102584653,43.271891300852,82.9083479092896,49.2107987989327,18.63991042,10.2520293341938,13.6326803113018,14.797567713517,45.3988926,14.9095189231383,54.0607238045742,6.47511113139187,8.38217792069435,3.73824236332247,83.5699918547766,14.0755241449641,1.3341019353942,0.910767782277491,0.440441798982389,0.901374760598009,28.333624759202,0.802471393,0.171555005313925,0.782736950085354,0.289923892562435,0.980683454457401,0.0190295374895758,0.732324383263693,2.31,2.93,3.908,1,"noRSnocoldcoretop_seds_2over3under10_sst_21","noRSnocoldcoretop_seds_2over3under10_sst"
"1321",2.22965189294278,23.6761239714564,34.7708102584653,43.271891300852,82.9082867642781,49.2191685708291,18.63991042,10.2518140995105,13.6326803113018,14.7958446863693,45.3988926,14.8245228845901,54.0639308247615,6.47126288144017,8.38217792069435,3.75063467046367,83.5697640156928,14.0755255048732,1.3341019353942,0.900205298016633,0.470482351212446,0.901374760598009,28.333624759202,0.802471393,0.171605874317038,0.784039505255062,0.289847697237777,0.97484687835599,0.0190282285496311,0.732324383263693,2.3,2.94,3.925,1,"noRSnocoldcoretop_seds_2over3under10_sst_22","noRSnocoldcoretop_seds_2over3under10_sst"
"1322",2.22963017511734,23.6761239714564,34.7708102584653,43.271891300852,82.9082867642781,49.2100479476601,18.63991042,10.2518898471667,13.6326803113018,14.7958446863693,45.3988926,14.8245228845901,54.0639780635772,6.47122640195519,8.38217792069435,3.73824236332247,83.5699918547766,14.0755255048732,1.3341019353942,0.900551100629094,0.470482351212446,0.901374760598009,28.333624759202,0.802471393,0.170925383532091,0.784035880060262,0.289847697237777,0.97484687835599,0.0190295374895758,0.732324383263693,2.3,2.94,3.927,1,"noRSnocoldcoretop_seds_2over3under10_sst_23","noRSnocoldcoretop_seds_2over3under10_sst"
"1323",2.2268378247115,23.6761239714564,34.7708102584653,43.271891300852,82.9083483993857,49.3207463683134,18.63991042,10.2518871934578,13.6326218622478,14.7958446863693,45.3988926,14.8245228845901,54.0634037526791,6.47122640195519,8.36674701580934,3.73824236332247,83.5699918547766,14.0755255048732,1.33315999944579,0.900551100629094,0.470482351212446,0.89716635751213,28.333624759202,0.802471393,0.171526244213718,0.784057331568687,0.289847697237777,0.974843989341781,0.0190295374895758,0.732269429307346,2.3,2.94,3.934,1,"noRSnocoldcoretop_seds_2over3under10_sst_24","noRSnocoldcoretop_seds_2over3under10_sst"
"1324",2.23007179158179,23.6760253717969,34.7708102584653,43.2723385704045,82.8986189982414,49.3215334142173,18.6411769227163,10.1942228902145,13.6351623196058,14.8353017489596,45.3988926,14.822195684662,54.0435583265389,6.46774599793053,8.36673560834679,3.73828098732769,84.3340233016412,14.0755235543487,1.41624863054495,0.900255710499645,0.440205488264538,0.897232471491595,28.335048331143,0.802471393,0.171528402964848,0.782737478543775,0.290741026154485,0.974625096353686,0.0199697342253605,0.731273140835377,2.31,2.94,3.781,1,"noRSnocoldcoretop_seds_2over3under10_sst_25","noRSnocoldcoretop_seds_2over3under10_sst"
"1325",2.22394284227382,23.6760253717969,34.7708102584653,43.2718918750326,82.9079977264634,49.319197002361,18.63991042,10.2516594179268,13.6352118432227,14.8362103772899,45.3988926,14.9094892991537,54.0608204159712,6.46785134671668,8.38217792069435,3.73824236332247,83.5923971829772,14.0755241449641,1.40967986693253,0.900400814503064,0.440204720613325,0.897290956295304,28.3261091270382,0.802471393,0.171555005313925,0.782883867850967,0.287981820748794,0.980683454457401,0.121902932353486,0.731260306458012,2.31,2.94,3.91,1,"noRSnocoldcoretop_seds_2over3under10_sst_26","noRSnocoldcoretop_seds_2over3under10_sst"
"1326",2.22394284227382,23.6760253717969,34.7708102584653,43.2718918750326,82.9079977264634,49.319197002361,18.63991042,10.2516594179268,13.6352118432227,14.797567713517,45.3988926,14.9095189231383,54.0435414099391,6.47511113139187,8.38217792069435,3.73824236332247,83.5627486581777,14.0755241449641,1.41058707713105,0.900400814503064,0.440441798982389,0.897290956295304,28.3261091270382,0.802471393,0.171555005313925,0.782883867850967,0.287981820748794,0.980683454457401,0.0190295374895758,0.731260306458012,2.31,2.94,3.918,1,"noRSnocoldcoretop_seds_2over3under10_sst_27","noRSnocoldcoretop_seds_2over3under10_sst"
"1327",-1.94303221178754,25.2046065175828,30.2132566171025,41.6394976679327,69.0840860947149,54.2803467765577,19.8866803828908,11.0300812768378,10.383550027469,14.0444590433012,39.2389810818906,17.4284908606967,61.0143566472969,6.59131401476088,7.97866716089191,3.73452804134525,75.9954026744792,18.4091647339607,3.51060257365029,0.432512246993248,1.66459269682641,0.362608546169766,25.1698656336298,0.798174504105445,0.114499084948698,0.571983906645639,0.250723627643608,0.982074355119733,0.120793659189735,0.459480486995017,2.58,2.94,2.852,1,"noRSnocoldcoretop_seds_2over3under10_sst_28","noRSnocoldcoretop_seds_2over3under10_sst"
"1328",-6.800013743,22.1464429784388,32.4626391074466,39.34451806,69.55019979,53.5711178030074,23.0920275640701,10.920803168995,12.8584027397988,10.8619881927989,43.8020116610064,15.900217138471,65.993538676856,5.78482734218841,8.432636875538,3.82111036691687,74.7846588559502,18.0855025981699,4.75421107659242,0.134794612631325,0.154464995612766,0.799657226113512,18.3290672850283,1.06453019678997,0.212481237265324,0.913603834693537,0.703877218597575,0.828053524597471,0.019322314820802,0.86491555710228,2.72,2.94,2.933,1,"noRSnocoldcoretop_seds_2over3under10_sst_29","noRSnocoldcoretop_seds_2over3under10_sst"
"1329",2.19394688840803,23.6760253717969,34.7708102584653,43.3300289878056,82.9084239143455,49.2189578411958,18.63991042,10.2515522468719,13.632635678008,14.8335087874369,45.3988926,14.8181327512214,54.0607238045742,6.47511113139187,8.36653872319554,3.04855440964582,83.5265877894553,14.0755016986802,1.3341019353942,0.910767782277491,0.440441798982389,0.901979702295764,28.333624759202,0.802471393,0.171555005313925,0.782736950085354,0.328815217626541,0.980683454457401,0.0220004505103322,0.732324383263693,2.27,2.95,4.097,1,"noRSnocoldcoretop_seds_2over3under10_sst_30","noRSnocoldcoretop_seds_2over3under10_sst"
"1330",1.62369478231032,23.6760253717969,34.7708102584653,43.2723385704045,82.8986189982414,49.3215334142173,18.6411769227163,10.2516366401353,13.6350978042844,14.8353017489596,45.3988926,14.8236339384004,54.043641618394,6.46769817163771,8.36673560834679,3.73828098732769,84.2957411088897,14.0755235543487,1.41089756475571,0.900255710499645,0.440205488264538,0.897232471491595,28.1846399685684,0.802471393,0.171528402964848,0.782887016254331,0.328455433413626,0.974625096353686,0.123411482656725,0.731273140835377,2.3,2.96,3.879,1,"noRSnocoldcoretop_seds_2over3under10_sst_31","noRSnocoldcoretop_seds_2over3under10_sst"
"1331",1.65369073617611,23.6760253717969,34.7708102584653,43.2723385704045,82.8985429931855,49.3215334142173,18.6411769227163,10.2480206513022,13.6351424375782,14.8002433829956,45.3988926,14.9150201103173,54.043641618394,6.46769817163771,8.38237480584561,3.73828098732769,84.2957411088897,14.0755235543487,1.41089756475571,0.900255710499645,0.440205488264538,0.89662752979384,28.1846399685684,0.802471393,0.171528402964848,0.782887016254331,0.28956410834952,0.974625096353686,0.123411482656725,0.731273140835377,2.31,2.96,3.863,1,"noRSnocoldcoretop_seds_2over3under10_sst_32","noRSnocoldcoretop_seds_2over3under10_sst"
"1332",1.62648713271616,23.6760253717969,34.7708102584653,43.2723385704045,82.8985573631338,49.2108349935639,18.6411769227163,10.2516392938442,13.6351562533384,14.8353017489596,45.3988926,14.8236339384004,54.044215929292,6.46769817163771,8.38216651323181,3.73828098732769,84.2957411088897,14.0755235543487,1.41183950070412,0.900255710499645,0.440205488264538,0.901440874577474,28.1846399685684,0.802471393,0.170927542283221,0.782865564745906,0.328455433413626,0.974627985367896,0.123411482656725,0.731328094791724,2.31,2.96,3.869,1,"noRSnocoldcoretop_seds_2over3under10_sst_33","noRSnocoldcoretop_seds_2over3under10_sst"
"1333",1.62369478231032,23.6760253717969,34.7708102584653,43.2723379962239,82.8989691810676,49.2131352107889,18.6411769227163,10.2520065564023,13.6325662723635,14.8353017489596,45.3988926,14.8236339384004,54.0608240130291,6.46769817163771,8.36673560834679,3.73828098732769,84.3029843054887,14.0755235543487,1.33441242301886,0.910622678274072,0.440205488264538,0.901316275794299,28.1921556007321,0.802471393,0.171528402964848,0.782740098488718,0.330397505227267,0.974625096353686,0.123411482656725,0.732337217641058,2.31,2.96,3.883,1,"noRSnocoldcoretop_seds_2over3under10_sst_34","noRSnocoldcoretop_seds_2over3under10_sst"
"1334",1.62369478231032,23.6760253717969,34.7708102584653,43.273228934858,82.8989691810676,49.2131371221354,18.6412215649607,10.2520065564023,13.6325662723635,14.8353017489596,45.3988926,14.8237470049374,54.0608240130291,6.47546315077428,8.36673560834679,3.73828098732769,84.3029843054887,14.0755235543487,1.33441242301886,0.899491886317557,0.440211624787818,0.900916388406237,28.1921556007321,0.802471393,0.171509283494376,0.782740098488718,0.330397505227267,0.974625096353686,0.123411482656725,0.732831870926564,2.31,2.96,3.885,1,"noRSnocoldcoretop_seds_2over3under10_sst_35","noRSnocoldcoretop_seds_2over3under10_sst"
"1335",1.62369478231032,23.687125039755,34.7708102584653,43.2723385704045,82.8986189982414,49.3215334142173,18.6411769227163,10.1111815698822,13.6351018379229,14.8353017489596,45.3988926,14.8268419853652,54.4920264351189,6.45802349303069,8.36647640995299,3.73767273479278,84.3586287806378,14.0755235543487,1.41089756475571,0.900255710499645,0.440205488264538,0.897348900447755,28.1846399685684,0.802471393,0.142384792228758,0.782887016254331,0.329911670115625,0.974273852238855,0.123411482656725,0.730900465004531,2.31,2.96,3.806,2,"noRSnocoldcoretop_seds_2over3under10_sst_36","noRSnocoldcoretop_seds_2over3under10_sst"
"1336",-2.70857989702966,23.7362995296876,30.5162777601159,37.6467865984298,70.8481583673991,53.8503244352787,20.1943573481176,10.8805956148296,9.36476744185956,5.474630814,42.8373920024734,16.01587138,59.5079456921737,6.57356501160353,8.44915921470145,3.61201598107821,74.7941342593459,19.5357338744148,6.66770638094806,0.20379462906525,0.118437082287106,1.84167663659772,24.7340767183133,0.683374672528565,0.213183189125898,0.9183882091788,0.25202043490831,0.831343408,0.146195484994056,0.983799775804798,2.55,2.96,2.848,1,"noRSnocoldcoretop_seds_2over3under10_sst_37","noRSnocoldcoretop_seds_2over3under10_sst"
"1337",1.62369478231032,23.6760253717969,34.3397622077989,41.5099246768093,82.8986189982414,49.2165614947253,18.6411769227163,10.2519409496157,13.6346995634941,14.8353017489596,45.3988926,15.0371220742027,54.0490299798345,6.46760287569507,8.44277857065782,3.73828098732769,84.3049323702915,14.075510764608,3.46668098676183,0.900136194247106,0.440205488264538,0.169255812608736,28.1832744744856,0.803525697565928,0.114520180326684,0.782887016254331,0.289449686489442,0.974625096353686,0.123411482656725,0.600711846854744,2.28,2.97,3.616,1,"noRSnocoldcoretop_seds_2over3under10_sst_38","noRSnocoldcoretop_seds_2over3under10_sst"
"1338",0.901152285381369,22.8198331660705,34.3341325582382,43.23471618,83.1445370869018,48.8654188383599,18.6412895912523,10.10844935,12.9965904807993,14.7341847152113,45.3988926,15.59818786073,54.4910878475016,6.3107318029781,8.36775051198358,3.17043067898282,84.26716457,14.1898093331565,5.556374962,0.6020939386106,1.63237928710596,0.903523225741671,28.39034567,0.0435680862897511,0.172464812622416,0.634525431544804,0.337681746248946,0.901500514935015,0.120181580473005,0.678497808064604,2.33,2.97,3.313,1,"noRSnocoldcoretop_seds_2over3under10_sst_39","noRSnocoldcoretop_seds_2over3under10_sst"
"1339",-2.69769156883537,23.6591787949332,30.53727087,38.2801384760535,70.8567856446655,53.9649405439204,20.2328269939908,10.8693419937395,9.45411929788455,5.51949244322835,43.0159888601452,15.9955665492569,59.507573847731,6.57349849892698,8.44417178368729,3.61365516334644,74.9999693778098,19.6124413752964,6.67247111432957,0.205148304701684,0.205607308943696,1.84679689343425,24.7134358998526,0.677046541001118,0.213086527298825,0.918368300348854,0.252452760165085,0.831343408,0.147057089884795,0.983795237,2.54,2.97,2.914,1,"noRSnocoldcoretop_seds_2over3under10_sst_40","noRSnocoldcoretop_seds_2over3under10_sst"
"1340",-2.70842092443594,23.6549066018449,30.516665277316,38.2543375142745,70.848377726754,53.8685239650174,20.1964785946151,10.8805956148296,9.36107063349125,5.474630814,42.8373920024734,16.01587138,59.5079456921737,6.57356501160353,8.4441996898283,3.61363338791212,74.7946200193436,19.5357338744148,6.66770638094806,0.205114247512912,0.205113903223336,1.84183328059009,24.7140588547012,0.679952995837503,0.213175131387024,0.918308366639241,0.270237718672376,0.831343408,0.147067051785187,0.984059526270235,2.55,2.97,2.839,1,"noRSnocoldcoretop_seds_2over3under10_sst_41","noRSnocoldcoretop_seds_2over3under10_sst"
"1341",-2.8489696815788,23.7362995296876,30.5162777601159,37.6484604532736,70.8481583673991,53.8503244352787,20.1964785946151,10.8805956148296,9.36417529671618,5.474630814,42.8373920024734,16.01587138,59.5079456921737,6.57356501160353,8.44916385701234,3.61201598107821,74.7941342593459,19.5357338744148,6.66770638094806,0.20379462906525,0.118378280632088,1.84167663659772,24.7340767183133,0.683374672528565,0.213175131387024,0.9183882091788,0.270237718672376,0.831343408,0.146195484994056,0.984059526270235,2.55,2.97,2.846,1,"noRSnocoldcoretop_seds_2over3under10_sst_42","noRSnocoldcoretop_seds_2over3under10_sst"
"1342",-2.69768884924298,22.1476949391373,30.53727087,38.3239201746094,71.0826493033605,53.57161919,20.1836409650784,10.8695404842757,9.45456730496601,6.59650890585177,43.0145268830184,16.01587138,59.4437953218886,6.03147887599237,8.192075955,3.61210159143376,75.2307999048333,18.60492632,6.66764457637414,0.201619959331643,0.170356647,1.84679689343425,25.1388074651487,0.673978618019558,0.199910226815344,0.913885319575374,0.237654878636229,0.831343408,0.147058513505879,0.829507348629908,2.63,2.97,2.797,1,"noRSnocoldcoretop_seds_2over3under10_sst_43","noRSnocoldcoretop_seds_2over3under10_sst"
"1343",-2.69769009643061,22.1476949391373,30.53727087,38.3239201746094,71.0822112100706,53.57161919,20.1806840298056,10.8814772426993,9.45456730496601,6.60066401721365,43.0145268830184,16.01587138,59.4445095884288,6.03147887599237,8.18303967133442,3.61210159143376,75.2307999048333,18.5960294684465,6.66764457637414,0.201619959331643,0.170356647,1.84661502127374,25.1388074651487,0.673978618019558,0.199910226815344,0.913885319575374,0.25055224477228,0.831343408,0.147058513505879,0.829507348629908,2.63,2.97,2.799,1,"noRSnocoldcoretop_seds_2over3under10_sst_44","noRSnocoldcoretop_seds_2over3under10_sst"
"1344",-2.50178015208354,22.1476949391373,30.53727087,38.3239201746094,71.0826493033605,53.57161919,20.1836409650784,10.8695404842757,9.45456730496601,6.59650890585177,43.0145268830184,16.01587138,59.4437953218886,6.03147887599237,8.192075955,3.61210159143376,75.2307999048333,18.60492632,6.66764457637414,0.201619959331643,0.170356647,1.84679689343425,25.1388074651487,0.673978618019558,0.199910226815344,0.913885319575374,0.237654878636229,0.831343408,0.147058513505879,0.829507348629908,2.64,2.97,2.817,1,"noRSnocoldcoretop_seds_2over3under10_sst_45","noRSnocoldcoretop_seds_2over3under10_sst"
"1345",1.54842224991866,23.6899578622591,34.315896300229,43.1273345842566,82.8986189982414,49.2246092950887,18.641287045518,10.1942670050697,13.6258984148086,14.8353017489596,45.3988926,14.8236463260096,54.4977619801559,6.47527283317649,8.36714774429965,3.74098335640346,84.3330021615331,14.0758506519886,4.14016590536337,0.910670421232153,0.403491877645598,0.896957607396278,28.1953945296839,0.802471393,0.171532483654221,0.791800410004903,0.327840885170769,0.854361249720445,0.123405063496626,0.731247725174985,2.31,2.98,3.378,1,"noRSnocoldcoretop_seds_2over3under10_sst_46","noRSnocoldcoretop_seds_2over3under10_sst"
"1346",1.93834020032351,23.6760253717969,34.3397622077989,43.2416953722912,82.9086550964242,49.2104544516055,18.6411769227163,10.2519409496157,13.6346995634941,14.8353017489596,45.3988926,14.9099248660613,54.043641618394,6.4679270109063,8.36673560834679,3.73828098732769,84.3028226398794,14.075510764608,3.4937935955221,0.898627885979415,0.440205488264538,0.897232471491595,28.2418230574638,0.803525697565928,0.139492017254433,0.782887016254331,0.289421439560129,0.974625096353686,0.123411482656725,0.600711846854744,2.31,2.98,3.496,1,"noRSnocoldcoretop_seds_2over3under10_sst_47","noRSnocoldcoretop_seds_2over3under10_sst"
"1347",0.762550963697402,22.8198331660705,34.3341325582382,43.2349807900401,81.7151032962145,48.8655291830546,18.6412895912523,10.2010629216583,13.0059616534918,14.7368429688508,45.3988926,15.6122400113708,54.641500524047,6.46707214393755,8.36724092586566,3.17573308535057,84.26716457,14.1921707890127,5.556374962,0.31404201940782,1.63234402810168,0.870007009857141,28.3289754596169,0.0137153163786493,0.172464812622416,0.634525431544804,0.322470226412922,0.832019328761762,0.120253246061578,0.683612844,2.33,2.98,3.304,1,"noRSnocoldcoretop_seds_2over3under10_sst_48","noRSnocoldcoretop_seds_2over3under10_sst"
"1348",2.19616341342013,22.8064421625421,34.7708102584653,43.3195180736798,82.8986540420247,49.2211761611094,18.6413353771217,10.1068367454961,13.0262066659148,14.797567713517,45.3988926,14.8698168487306,54.4936278963445,6.46191104021853,8.38217792069435,3.10875799010505,84.3595954203582,14.0799886185331,4.17484489250982,0.900251357133871,0.440441798982389,0.901359113913379,28.333624759202,0.802471393,0.140604539518775,0.645486444092136,0.289954175783185,0.977485627137917,0.123651143205426,0.732996297254252,2.34,2.98,3.471,2,"noRSnocoldcoretop_seds_2over3under10_sst_49","noRSnocoldcoretop_seds_2over3under10_sst"
"1349",-6.80007270134817,23.0982582880605,31.3753710819946,39.34451806,69.5415348095077,55.11062488,23.31209500514,10.9206609771551,10.3552519414159,14.13430654762,43.8018905868662,17.3719651929468,65.8583173695237,6.58420950897421,8.42559695604611,3.7334303377106,76.2728623442069,17.8443007393278,3.55120610079109,0.716611873379718,0.208922705376646,0.361313651130685,17.3119600792945,0.68077661960548,0.208549370213904,0.80464439567896,0.70314374413593,0.981190863099902,0.0217129638231633,0.878592676476348,2.48,2.98,2.917,1,"noRSnocoldcoretop_seds_2over3under10_sst_50","noRSnocoldcoretop_seds_2over3under10_sst"
"1350",-2.70857989702966,23.2002850842558,30.53727087,38.0026810881705,71.0324584179526,53.8503277771275,19.9457711295543,10.8805956148296,9.43685604527548,5.34517668742449,43.0936056775882,16.01587138,60.2498802702737,6.57356501160353,8.46906060968823,3.6403751893503,74.7700121616977,18.6066444383292,6.66770638094806,0.136287179339205,0.231992942171361,1.84260638283436,25.0820523704712,0.677091449967625,0.213175131387024,0.949168781904993,0.250762970694426,0.831343408,0.145603147828184,0.983795237,2.5,2.98,2.9,1,"noRSnocoldcoretop_seds_2over3under10_sst_51","noRSnocoldcoretop_seds_2over3under10_sst"
"1351",-2.70857989702966,23.7362995296876,30.5162777601159,37.6484604532736,70.8481583673991,53.8685239650174,20.1964785946151,10.8805956148296,9.36417529671618,5.474630814,42.8373920024734,16.01587138,59.5079456921737,6.57356501160353,8.44916385701234,3.61201598107821,74.7946200193436,19.5357338744148,6.66770638094806,0.203660119259003,0.118378280632088,1.84167663659772,24.7340767183133,0.258055157892207,0.213175131387024,0.918921571520473,0.270237718672376,0.831343408,0.146195484994056,0.984059526270235,2.52,2.98,2.884,1,"noRSnocoldcoretop_seds_2over3under10_sst_52","noRSnocoldcoretop_seds_2over3under10_sst"
"1352",-1.59132219690307,25.2046065175828,30.2132566171025,41.6394976679327,69.0840860947149,54.2985364084041,19.8866803828908,12.6729979119289,10.3130641676516,13.9217233007206,39.1891780660121,17.4284908606967,61.0143566472969,6.7237328896994,7.92147824362455,3.76903726295497,75.9954026744792,18.4091647339607,3.51060257365029,0.433303623947631,1.66459269682641,0.362608546169766,25.1698656336298,0.272210892522245,0.114499084948698,0.571983906645639,0.523816744494051,0.982275149903557,0.120793659189735,0.577987879630623,2.52,2.98,2.921,1,"noRSnocoldcoretop_seds_2over3under10_sst_53","noRSnocoldcoretop_seds_2over3under10_sst"
"1353",1.62369478231032,23.6760253717969,34.3397622077989,43.2416953722912,82.9086550964242,49.2104544516055,18.6411769227163,10.2519409496157,13.6346995634941,14.8353017489596,45.3988926,14.9099248660613,54.043641618394,6.4679270109063,8.36673560834679,3.73828098732769,84.3028226398794,14.075510764608,3.4937935955221,0.898627885979415,0.440205488264538,0.897232471491595,28.2418230574638,0.803525697565928,0.139492017254433,0.782887016254331,0.289421439560129,0.974625096353686,0.123411482656725,0.600711846854744,2.3,2.99,3.482,1,"noRSnocoldcoretop_seds_2over3under10_sst_54","noRSnocoldcoretop_seds_2over3under10_sst"
"1354",2.19616341342013,23.6760253717969,34.7708102584653,43.3195180736798,82.8986540420247,49.2099624449039,18.63991042,10.2332109813858,13.6351773916509,14.797567713517,45.3988926,14.9699948319383,54.0607238045742,6.46731291689695,8.38217792069435,3.10875799010505,84.3595954203582,14.0757212237769,4.09379502461513,0.910295954150423,0.440441798982389,0.901359113913379,28.333624759202,0.802471393,0.140604539518775,0.789120164403715,0.289995831410381,0.977485627137917,0.123651143205426,0.732324383263693,2.3,2.99,3.496,1,"noRSnocoldcoretop_seds_2over3under10_sst_55","noRSnocoldcoretop_seds_2over3under10_sst"
"1355",2.19616341342013,23.6758562246298,34.7708102584653,43.3195180736798,82.8986540420247,49.2109170190655,18.6399314185378,10.2330855474899,13.6351773916509,14.7978167424352,45.3988926,14.9728546667656,54.0607238045742,6.47511113139187,8.38255239056685,3.10051292586746,84.3595954203582,14.0755325646017,4.17473918003855,0.910597043362175,0.402491923257074,0.89716358014986,28.333624759202,0.802471393,0.171303071318316,0.789125919843977,0.327590661563795,0.977485627137917,0.123414053406319,0.732324383263693,2.3,2.99,3.5,1,"noRSnocoldcoretop_seds_2over3under10_sst_56","noRSnocoldcoretop_seds_2over3under10_sst"
"1356",-2.70874587413012,23.6313210018516,30.53727087,37.8865002210167,70.8650898792012,53.9635992534108,20.2343637220049,10.8805956148296,9.45334813149472,5.474630814,42.9748621970923,16.0160196654137,59.50764535709,6.57356501160353,8.44904406986729,3.61362296371243,75.011381016164,18.6319091483922,6.66782826765038,0.21034955806527,0.169915866762603,1.84678438567989,24.7340767183133,0.677097393396938,0.213937927379225,0.918368300348854,0.250789917254975,0.831343408,0.146195484994056,0.983795237,2.5,2.99,2.8,1,"noRSnocoldcoretop_seds_2over3under10_sst_57","noRSnocoldcoretop_seds_2over3under10_sst"
"1357",-2.69768884924298,22.1254959324845,30.53727087,38.3842344210478,70.8485989669195,53.57161919,20.1836409650784,10.8695404842757,9.45537398245354,5.41902723144454,42.9756437054953,16.01587138,59.4437953218886,6.04157889051352,8.45870852603722,3.61210159143376,75.2307999048333,18.60492632,6.66764457637414,0.201619959331643,0.170356647,1.84679689343425,25.1388074651487,0.673978618019558,0.213089001890851,0.913885319575374,0.237925408641331,0.831343408,0.147058513505879,0.831063457373595,2.62,2.99,2.805,1,"noRSnocoldcoretop_seds_2over3under10_sst_58","noRSnocoldcoretop_seds_2over3under10_sst"
"1358",2.22394284227382,23.6760253717969,34.7708102584653,43.3300289878056,82.9083479092896,49.2189578411958,18.63991042,10.2479362580388,13.6326803113018,14.7984504214729,45.3988926,14.9095189231383,54.2178511824165,6.47511113139187,8.38217792069435,3.04855440964582,83.5265877894553,14.0755016986802,1.3073241629281,0.927899099553116,0.442180869999734,0.901374760598009,28.333624759202,0.255078347070535,0.171555005313925,0.803663808164226,0.289923892562435,0.980683454457401,0.0623787511334402,0.579029351964613,2.25,3,4.156,1,"noRSnocoldcoretop_seds_2over3under10_sst_59","noRSnocoldcoretop_seds_2over3under10_sst"
"1359",1.79050376081771,23.0976265559952,34.814991292387,41.5873898144071,70.8716120100979,48.686566358373,19.227519706923,12.7488361277923,10.7158986533,14.0813506171699,41.2833240989744,12.4130217621538,52.7167613479348,6.56180412083645,8.44078820717552,3.176302353312,76.290128808888,15.4661914675221,3.65281524246863,0.86381490239649,1.60769409537409,0.363876169132785,19.8552682398691,0.702118029987236,0.114601001,0.28192756059497,0.256148424808023,0.984130649596553,0.0133981648517068,0.485517908567677,2.26,3,5.543,2,"noRSnocoldcoretop_seds_2over3under10_sst_60","noRSnocoldcoretop_seds_2over3under10_sst"
"1360",1.77829679667635,23.6953314297284,34.7708102584653,41.6552416566603,82.9083479092896,49.2107987989327,18.644086353768,10.1036444875105,13.6326803113018,14.797567713517,45.3988926,14.923747978154,54.0732593732491,6.47404092601916,8.37758030972766,3.17474174336108,83.5699918547766,14.0724611496462,3.67204589301446,0.910767782277491,0.440441798982389,0.909975477016331,28.3914988341928,0.802471393,0.172718991339393,0.634121592703327,0.255944969060159,0.980695784217672,0.123262044499015,0.73224289629787,2.29,3,3.58,1,"noRSnocoldcoretop_seds_2over3under10_sst_61","noRSnocoldcoretop_seds_2over3under10_sst"
"1361",0.79995753588649,23.6917703939451,34.315896300229,43.1207187935832,82.9009595249144,49.227604471242,18.641287045518,10.1090923349471,13.6258984148086,14.8353017489596,45.3988926,14.8224181891243,54.4973628066905,6.47527283317649,8.38292126099214,3.17739472468902,84.3330400459429,14.0758169173514,4.13764638241066,0.580173481166499,1.63151434314197,1.18260705223375,28.1936699691777,0.802493256204952,0.171532483654221,0.791800410004903,0.327840885170769,0.854361249720445,0.123804004287049,0.731247725174985,2.3,3,3.287,1,"noRSnocoldcoretop_seds_2over3under10_sst_62","noRSnocoldcoretop_seds_2over3under10_sst"
"1362",2.19616341342013,23.6760253717969,34.7708102584653,43.3195180736798,82.8986540420247,49.2107987989327,18.63991042,10.2332109813858,13.6351773916509,14.797567713517,45.3988926,14.9700006735568,54.0607238045742,6.47511113139187,8.38217792069435,3.10875799010505,84.3595954203582,14.0755277559892,4.17484489250982,0.910597043362175,0.440441798982389,0.901359113913379,28.333624759202,0.802471393,0.140604539518775,0.789125919843977,0.289995831410381,0.977485627137917,0.123651143205426,0.732324383263693,2.3,3,3.495,1,"noRSnocoldcoretop_seds_2over3under10_sst_63","noRSnocoldcoretop_seds_2over3under10_sst"
"1363",-2.69767438820513,23.6313310190811,30.53727087,37.9140480886035,70.86521229303,53.9649711676835,20.2324862586054,10.8799140969153,9.45343795082664,5.39656240457705,43.0136375056907,16.0160204977282,59.5076459106325,6.57349849892698,8.44310751378472,3.61365516334644,75.0084518915514,18.6184316258751,6.66783076031017,0.432302255186312,0.205607308943696,1.7086130994766,25.2122033742737,0.67707629613408,0.213671768369889,0.918368300348854,0.252391561426011,0.831343408,0.146250576394627,0.983795237,2.49,3,2.837,1,"noRSnocoldcoretop_seds_2over3under10_sst_64","noRSnocoldcoretop_seds_2over3under10_sst"
"1364",-2.70861844194419,23.7362995296876,30.53727087,43.7560678079996,70.8481583673991,53.5715834855878,20.1807814476259,10.8814951731203,9.43698811211317,5.474630814,42.9745149135388,16.01587138,59.5079456921737,6.57356501160353,8.44916385701234,3.61211282404701,74.7712266839103,18.5960905467683,6.66770638094806,0.21034955806527,0.170360556948392,1.84260638283436,25.1259623572633,0.673942841126895,0.213175131387024,0.918089644936046,0.250749567837739,0.831343408,0.146195484994056,0.983795237,2.53,3,2.745,1,"noRSnocoldcoretop_seds_2over3under10_sst_65","noRSnocoldcoretop_seds_2over3under10_sst"
"1365",-2.69758602924665,23.7362995296876,30.53727087,43.7560678079996,70.8481583673991,53.5715834855878,20.1807496782364,10.8814951731203,9.43698811211317,5.474630814,42.9748621970923,16.01587138,59.5079456921737,6.57356501160353,8.44916385701234,3.61201598107821,74.7712698876584,18.5960905467683,6.66770638094806,0.21034955806527,0.170360556948392,1.84260638283436,25.1259623572633,0.673942841126895,0.213175131387024,0.918089644936046,0.250749567837739,0.831343408,0.146195484994056,0.983795237,2.53,3,2.746,1,"noRSnocoldcoretop_seds_2over3under10_sst_66","noRSnocoldcoretop_seds_2over3under10_sst"
"1366",-2.69758602924665,23.7397368514068,30.53727087,43.7560678079996,70.8478901153367,53.5715834855878,20.1792101161356,10.8814951731203,9.43698811211317,5.474630814,42.9748621970923,16.0158724318287,59.5079819302901,6.57356501160353,8.44916385701234,3.61201598107821,75.0162251822712,18.6298392736001,6.66770638094806,0.21034955806527,0.170379215657755,1.84260911214534,24.7386308845703,0.673883933889107,0.213958789823401,0.918089644936046,0.250749567837739,0.831343408,0.146195484994056,0.983795237,2.53,3,2.759,1,"noRSnocoldcoretop_seds_2over3under10_sst_67","noRSnocoldcoretop_seds_2over3under10_sst"
"1367",-2.69758478205902,23.7584985363405,30.53727087,43.6957535615612,71.08264679713,53.5715834855878,20.1837066135092,10.8695584146966,9.43618143462565,6.64795737704536,43.0137453746153,16.01587138,59.5072314256335,6.56346499708239,8.1915675696407,3.61201598107821,74.7712698876584,18.6049873983218,6.66770638094806,0.21034955806527,0.170360556948392,1.84278825499487,25.1259623572633,0.673942841126895,0.199996356311517,0.918089644936046,0.237581671696587,0.831343408,0.146195484994056,0.982206155126163,2.54,3,2.753,1,"noRSnocoldcoretop_seds_2over3under10_sst_68","noRSnocoldcoretop_seds_2over3under10_sst"
"1368",-2.64419096225531,22.1476949391373,30.53727087,38.3189390555206,71.1438088588127,53.57161919,20.1836409650784,9.81884656641591,9.45456730496601,6.59892057981855,43.0145268830184,16.01587138,59.4437953218886,6.03147887599237,8.192075955,3.61210159143376,78.8168924905288,15.4468336030901,6.66764457637414,0.128750873099976,0.170356647,1.17832472065551,25.1388074651487,0.673523571147477,0.199910226815344,0.913885319575374,0.237654878636229,0.793533163077682,0.065818340540251,0.827889204317896,2.71,3,2.842,2,"noRSnocoldcoretop_seds_2over3under10_sst_69","noRSnocoldcoretop_seds_2over3under10_sst"
"1369",-10.8533446066551,22.1546368531146,28.0086979390779,38.1352631501302,79.2001280487709,53.6021270439633,26.7677207473914,8.53241824359343,12.5938255583213,6.89168715707919,45.480288104373,17.8374711783507,60.5618756158715,6.677122488,6.43292581289375,3.88256550252479,78.5529984217075,15.5978786698619,5.55034257823543,0.90838511,1.61142926347669,0.836473989841638,28.7779651791891,0.787016959872231,0.137065261259718,0.913794715584746,0.371564882703409,0.997293692917401,0.125400460768465,0.594570195079335,2.86,3,2.77,1,"noRSnocoldcoretop_seds_2over3under10_sst_70","noRSnocoldcoretop_seds_2over3under10_sst"
"1370",-3.68458759485684,24.9056141041179,32.7939089617129,49.3536254868251,62.9976080111118,49.9121440410386,20.4195458051645,10.9010368704896,10.4361138301616,14.6695375837874,34.3400090184309,16.3779473340684,61.090580810818,6.71000845126041,8.43636509728919,3.18053819081343,73.1528914752869,14.1135052748906,5.65463073529718,0.637751440395419,1.66323651851496,1.23346778751167,28.5693582159999,0.0119431593698279,0.185785186862697,0.569908135060509,0.351798008328236,0.842139861100334,0.0230938849464709,0.70627693842689,2.31,3.01,3.147,1,"noRSnocoldcoretop_seds_2over3under10_sst_71","noRSnocoldcoretop_seds_2over3under10_sst"
"1371",0.541425344675331,23.6760253717969,34.3280753139703,43.2416953722912,82.9086550964242,49.2104743758341,18.6412896868166,10.2521093886197,13.0291685735444,14.8353017489596,45.5339699118658,14.8867468841018,54.043641618394,6.4679270109063,8.36674531496732,3.73828098732769,83.5540884713575,14.1862676854556,5.50447212537474,0.898627885979415,0.440205488264538,0.897232471491595,28.2418230574638,0.803525697565928,0.139492017254433,0.782887016254331,0.322068380054752,0.994486033088119,0.127420071314522,0.600556853150626,2.33,3.01,3.464,2,"noRSnocoldcoretop_seds_2over3under10_sst_72","noRSnocoldcoretop_seds_2over3under10_sst"
"1372",0.576799688020633,22.8462060099858,34.7628405186049,43.220179490187,82.7522823641907,49.2236304713143,18.6848136093965,10.1084584542906,13.309046741856,14.7958538988397,45.5357096765253,14.8868874266618,62.1829878125091,6.93404897696977,8.37600011174759,3.26904742097119,83.5501195157912,14.1779625510591,5.5028629664243,0.904108653268845,1.63237928710596,0.909284174397562,28.3323396994933,0.0336226285428839,0.172368729302756,0.647159368,0.321942553124858,0.994224615206553,0.0167447113313166,0.683612844,2.28,3.02,4.424,2,"noRSnocoldcoretop_seds_2over3under10_sst_73","noRSnocoldcoretop_seds_2over3under10_sst"
"1373",0.569131083294725,23.6760253717969,34.7708102584653,43.2722119446244,82.9106475644467,49.319197002361,18.63991042,10.252931441485,13.6352118432227,14.797311028141,45.3988926,14.8875153726632,54.0608204159712,6.46785134671668,8.37561891043571,3.26383645152125,83.5923971829772,14.0755241449641,5.35295806060805,0.900400814503064,0.440204720613325,0.897502356190585,28.333121029313,0.802471393,0.17156155521289,0.782965062876438,0.288507362618511,0.980683454457401,0.120867846967284,0.682762378397098,2.29,3.02,3.504,1,"noRSnocoldcoretop_seds_2over3under10_sst_74","noRSnocoldcoretop_seds_2over3under10_sst"
"1374",2.19616341342013,23.6754289051878,34.7708102584653,40.4828145241711,82.8986540420247,49.2909800752882,18.63991042,10.2318580913545,13.6351773916509,14.797567713517,45.3997085125808,14.8101837081047,54.0058223356043,6.47511113139187,8.38217792069435,3.09846887514857,84.3577286163681,14.0758506519886,4.2390692492642,0.900210987284795,0.440441798982389,0.901359113913379,28.3333907422863,0.827011826858393,0.140604539518775,0.791491695083961,0.32065609708416,0.842589869592616,0.123651143205426,0.732324383263693,2.3,3.02,3.508,1,"noRSnocoldcoretop_seds_2over3under10_sst_75","noRSnocoldcoretop_seds_2over3under10_sst"
"1375",-2.69758602924665,23.7362995296876,30.5387379682516,37.7105202131994,70.8481583673991,53.8714028831325,20.1807496782364,10.8814737184043,9.43698811211317,5.474630814,42.8377667883788,16.01587138,59.5079456921737,6.57356501160353,8.44916385701234,3.61201598107821,74.7715761002675,18.5960905467683,6.66770638094806,0.21034955806527,0.170360556948392,1.84260638283436,25.1338902287925,0.257107260427234,0.213175131387024,0.918933291257211,0.250749567837739,0.831343408,0.146195484994056,0.983795237,2.49,3.02,2.826,1,"noRSnocoldcoretop_seds_2over3under10_sst_76","noRSnocoldcoretop_seds_2over3under10_sst"
"1376",-2.90786319120213,23.62622335576,30.53727087,43.7560678079996,70.8653581312636,53.9636377193218,20.2359540658134,10.8805956148296,9.45334813149472,5.474630814,42.9748621970923,16.016018613585,59.5076091189735,6.57356501160353,8.44904406986729,3.61201751880982,74.7664257215512,18.5977435945662,6.66770638094806,0.21034955806527,0.16989720805324,1.84678165636891,25.1214081910062,0.677156300634727,0.213154268942848,0.918368300348854,0.250749567837739,0.831343408,0.146195484994056,0.983795237,2.52,3.02,2.759,1,"noRSnocoldcoretop_seds_2over3under10_sst_77","noRSnocoldcoretop_seds_2over3under10_sst"
"1377",-2.90786319120213,23.6296606774791,30.53727087,43.7560678079996,70.8650898792012,53.9636377193218,20.2344145037125,10.8805956148296,9.45334813149472,5.474630814,42.9748621970923,16.0160196654137,59.50764535709,6.57356501160353,8.44904406986729,3.61201751880982,75.011381016164,18.6314923213979,6.66770638094806,0.21034955806527,0.169915866762603,1.84678438567989,24.7340767183133,0.677097393396938,0.213937927379225,0.918368300348854,0.250749567837739,0.831343408,0.146195484994056,0.983795237,2.52,3.02,2.773,1,"noRSnocoldcoretop_seds_2over3under10_sst_78","noRSnocoldcoretop_seds_2over3under10_sst"
"1378",2.16290612765562,23.6879648275638,34.8556498023396,43.2287314379858,82.7561204605903,49.2103914719735,18.6399513464511,10.1119463465091,13.6369801845174,14.7958549775738,45.3988926,14.9700006735568,54.4897662666712,6.93485208027445,8.38196326665112,3.76558400754542,84.3587748647972,14.0758506519886,4.2390692492642,0.898466579756623,1.67545329674994,0.901359113913379,28.3381713245966,0.802471393,0.142035374573774,0.789250962005009,0.288878225583558,0.981054775074568,0.123651143205426,0.681866738850686,2.28,3.03,3.544,1,"noRSnocoldcoretop_seds_2over3under10_sst_79","noRSnocoldcoretop_seds_2over3under10_sst"
"1379",-3.68458759485684,25.0401365296072,34.4168032237247,49.7438346617617,62.9976080111118,49.9634211759343,20.4800170004467,10.9031223123046,13.4572726252664,14.6695375837874,34.3400090184309,16.3014523867011,61.1819521080931,6.6781692603784,8.43636509728919,3.25931940859162,73.1710846319563,14.093921530561,5.65463073529718,0.654396907395876,1.52888184711724,1.23346778751167,28.5734411575451,0.0164168013755121,0.18702944419705,0.577310183721994,0.351798008328236,0.840313579609481,0.0215244735760469,0.70627693842689,2.31,3.03,3.037,1,"noRSnocoldcoretop_seds_2over3under10_sst_80","noRSnocoldcoretop_seds_2over3under10_sst"
"1380",-2.69768884924298,22.1476949391373,30.53727087,38.3239201746094,71.0826493033605,53.5973329141532,20.1836409650784,10.8695404842757,9.4545735088097,6.59650890585177,43.0145503684851,16.015869741922,59.4437953218886,6.56791395832821,8.18975657138813,3.67886134837893,75.2307999048333,18.0936259623537,6.66764588969398,0.201619959331643,0.171618489641764,1.84679689343425,25.1387277924119,0.673978618019558,0.199910226815344,0.91847176095189,0.237654878636229,0.831582306266724,0.147045501032902,0.829507348629908,2.55,3.03,2.839,2,"noRSnocoldcoretop_seds_2over3under10_sst_81","noRSnocoldcoretop_seds_2over3under10_sst"
"1381",0.891008756919104,22.8198331660705,34.3338428667363,43.2330639532995,82.9030626189724,48.8654188383599,18.6412895912523,10.10844935,13.0259774541145,14.7341847152113,45.3988926,14.8208049999335,54.4910302019788,6.343816319875,8.36775051198358,3.17043067898282,84.26716457,14.0751288733212,5.556374962,0.904885741322291,1.63237928710596,0.903523225741671,28.1938791462338,0.698984619786811,0.172458422219947,0.634525431544804,0.321213377027412,0.853911711388322,0.120141557859319,0.683612844,2.3,3.04,3.231,1,"noRSnocoldcoretop_seds_2over3under10_sst_82","noRSnocoldcoretop_seds_2over3under10_sst"
"1382",0.584327610423358,23.6894163753254,34.3277766483606,43.2347240443944,82.7522823641907,49.2123249955671,18.6398646341306,10.2348235858897,13.6285165019332,14.7958538988397,45.3988926,14.9705832773109,54.0581837557313,6.47521723451185,8.38196198141651,3.73826227844393,83.5501195157912,14.1853484706126,5.55659767685713,0.911226947387635,1.63237928710596,0.897022915482194,28.3331302109424,0.802471393,0.171720272,0.791434723558646,0.327580522931021,0.969442711782637,0.12364528784671,0.680082492319508,2.3,3.04,3.265,1,"noRSnocoldcoretop_seds_2over3under10_sst_83","noRSnocoldcoretop_seds_2over3under10_sst"
"1383",2.19616341342013,23.6760253717969,34.7708102584653,43.3195180736798,82.8986540420247,49.3168274925923,18.63991042,10.2332109813858,13.6351773916509,14.6978820499237,45.3988926,14.9700006735568,54.1267598556221,6.47984010198539,8.37881159820147,3.1175660329614,84.4674705799207,14.0755277559892,4.17484489250982,0.91003639267987,0.440441798982389,0.805339782538821,28.333624759202,0.832984437017213,0.140604539518775,0.789125919843977,0.123371616904518,0.977485627137917,0.123651143205426,0.876127293346627,2.3,3.04,3.491,2,"noRSnocoldcoretop_seds_2over3under10_sst_84","noRSnocoldcoretop_seds_2over3under10_sst"
"1384",2.27127946558456,22.8435816798339,34.8556498023396,43.2286713577391,82.7561204605903,49.209813426005,18.6399457437669,10.1119463465091,12.9700649378501,14.7958549775738,45.3988926,14.9700006735568,54.4897662666712,6.93485208027445,8.38196326665112,3.24891328691418,84.3625048411398,14.0758506519886,4.2390692492642,0.903835421936972,1.63265724277662,0.901359113913379,28.3381713245966,0.803447431275644,0.142035374573774,0.644608466081164,0.288436358278526,0.99440457246711,0.118127116024358,0.681866738850686,2.26,3.05,3.505,1,"noRSnocoldcoretop_seds_2over3under10_sst_85","noRSnocoldcoretop_seds_2over3under10_sst"
"1385",0.583869661504927,23.6841374573964,34.3277766483606,43.2956667724342,82.7522823641907,49.2227023577438,18.6412895912523,10.108215677204,13.644717989681,14.7958538988397,45.3988926,14.8703994524847,54.0723515483162,6.46201714333851,8.38218173421227,3.73826227844393,83.5501195157912,14.1904130667644,5.55659767685713,0.900881261159331,1.63237928710596,0.901245147672492,28.333603653908,0.802471393,0.171720272,0.647795247806806,0.327538867303825,0.969442711782637,0.12364528784671,0.730945038537258,2.31,3.05,3.27,2,"noRSnocoldcoretop_seds_2over3under10_sst_86","noRSnocoldcoretop_seds_2over3under10_sst"
"1386",-3.68458759485684,25.0401365296072,32.79396922,49.7438346617617,62.9976080111118,49.9634211759343,20.4195458051645,10.9031223123046,13.4445088036234,14.6695375837874,34.3400090184309,16.3017207955002,61.0787654582653,6.71000845126041,8.43636509728919,3.18053819081343,73.1528914752869,14.093921530561,5.65463073529718,0.637751440395419,1.52888184711724,1.23346778751167,28.5693582159999,0.00967209878123143,0.185785186862697,0.577310183721994,0.351798008328236,0.840474037122668,0.0221750020333898,0.70627693842689,2.36,3.05,2.976,1,"noRSnocoldcoretop_seds_2over3under10_sst_87","noRSnocoldcoretop_seds_2over3under10_sst"
"1387",0.550147773514434,23.6776907137139,34.7709159971251,40.3266828095388,82.8988254725788,49.2188811407618,18.4342140978261,10.250926176335,13.6349921964735,14.8352323112886,45.3988926,14.9703385108696,54.0633709859658,6.46749362964466,8.38212874438808,3.09846887514857,84.2957620992245,14.1902084743024,5.60385007730894,0.900130590595142,1.70085750952387,0.897701094441326,28.3287632475833,0.674550021899876,0.170427159953212,0.791524994681352,0.321407736025261,0.843399992106854,0.123651143205426,0.731268533460141,2.27,3.06,3.283,1,"noRSnocoldcoretop_seds_2over3under10_sst_88","noRSnocoldcoretop_seds_2over3under10_sst"
"1388",0.53648466012508,23.6760253717969,34.7707809534831,40.3266828095388,82.8986540420247,49.2188811407618,18.6412244721557,10.1966072072547,13.646698245563,14.83699603728,45.3988926,14.9700006735568,54.0607238045742,6.47511113139187,8.38217792069435,3.09846887514857,83.5094100933011,14.1904021257339,5.60385007730894,0.898416633965488,1.70085750952387,0.901333956505498,28.333624759202,0.802471393,0.170689344927163,0.789250962005009,0.319634763793328,0.842589869592616,0.123651143205426,0.731156431163506,2.28,3.06,3.237,1,"noRSnocoldcoretop_seds_2over3under10_sst_89","noRSnocoldcoretop_seds_2over3under10_sst"
"1389",0.53648466012508,23.6760253717969,34.7709159971251,40.3266828095388,82.7569359098912,49.2188811407618,18.6412244721557,10.250926176335,13.6349934007812,14.8352323112886,45.3988926,14.8699126048815,54.0607238045742,6.46749362964466,8.38212874438808,3.0880420216727,84.3033117839071,14.1919811697148,5.60385007730894,0.900130590595142,1.70085750952387,0.897338920450793,28.3331454436653,0.802471393,0.171856106455197,0.789545762916381,0.289550660155053,0.843399992106854,0.123651143205426,0.728871884558916,2.28,3.06,3.24,1,"noRSnocoldcoretop_seds_2over3under10_sst_90","noRSnocoldcoretop_seds_2over3under10_sst"
"1390",1.6290409539909,23.6805269561467,34.3162595307774,43.23471618,82.7522823641907,49.225076768265,18.6411782420176,10.10844935,13.6356947140563,14.7958538988397,45.3988926,14.8703994524847,54.4916813781989,6.92065196936553,8.36656928469119,3.73826227844393,83.5458368803019,14.0758481079145,5.42531630383565,0.910450076930535,1.64320351085808,0.901572909535193,28.1787991438338,0.802471393,0.172137930515058,0.647159368,0.289456174306976,0.969459179613527,0.12364528784671,0.686744270922798,2.28,3.06,3.408,1,"noRSnocoldcoretop_seds_2over3under10_sst_91","noRSnocoldcoretop_seds_2over3under10_sst"
"1391",0.584327610423358,22.8198331660705,34.3277766483606,43.2347240443944,82.7522823641907,49.2227023577438,18.6412895912523,10.10844935,13.0195457761971,14.7958538988397,45.3988926,14.8703994524847,54.4910878475016,6.46201714333851,8.38196198141651,3.73826227844393,83.5501195157912,14.1898093331565,5.55659767685713,0.900881261159331,1.63237928710596,0.897022915482194,28.3331302109424,0.802471393,0.171720272,0.647795247806806,0.327538867303825,0.969442711782637,0.12364528784671,0.680754406310067,2.3,3.06,3.211,1,"noRSnocoldcoretop_seds_2over3under10_sst_92","noRSnocoldcoretop_seds_2over3under10_sst"
"1392",-3.68458759485684,24.9577054823272,32.8777718568448,49.6147296138441,62.9976080111118,49.9632422640403,20.4195458051645,10.9031223123046,13.4445088036234,14.6655777271086,34.3365444943798,16.3017207955002,61.0787654582653,6.71634122870589,8.43636509728919,3.18053819081343,74.239819779399,14.093921530561,5.65463073529718,0.644524833754031,1.52888184711724,1.23346778751167,28.5693582159999,0.00967209878123143,0.185795170103829,0.577310183721994,0.351798008328236,0.831038664274854,0.0221750020333898,0.703556929422183,2.34,3.06,3.031,1,"noRSnocoldcoretop_seds_2over3under10_sst_93","noRSnocoldcoretop_seds_2over3under10_sst"
"1393",2.23161144699972,22.8453181768243,34.3277766483606,43.2198594205952,82.7496325262074,49.9480460407237,18.5754509905326,10.1066347148475,13.0195457761971,14.8347532479886,45.6750559788492,14.9088613531523,54.5220909049109,6.93404897696977,8.38255912200624,3.74345333277241,83.284382789128,14.1779625510591,1.56175449480943,0.904108653268845,1.63463464551324,0.90334266989517,28.3261183086676,0.974570183491061,0.171713722101035,0.647078172974528,0.321417011255141,0.994224615206553,0.146052530515888,0.732110772060914,2.26,3.07,3.744,1,"noRSnocoldcoretop_seds_2over3under10_sst_94","noRSnocoldcoretop_seds_2over3under10_sst"
"1394",1.6290409539909,22.8319334765791,34.3160473928971,43.23471618,82.7522823641907,49.2242589843321,18.6412895912523,10.10844935,13.6595657446588,14.7958538988397,45.3988926,14.8703994524847,54.4916813781989,6.92065196936553,8.36656928469119,3.73826227844393,83.5458368803019,14.1920295524322,0.943027558341053,0.910450076930535,1.64320351085808,0.901572909535193,28.3331461188128,0.802471393,0.172146855730304,0.647159368,0.289456174306976,0.969346227890999,0.12364528784671,0.686744270922798,2.26,3.07,3.835,1,"noRSnocoldcoretop_seds_2over3under10_sst_95","noRSnocoldcoretop_seds_2over3under10_sst"
"1395",0.576799688020633,23.6614482916904,34.7782636012455,43.23471618,82.7522823641907,49.3203366389335,18.6412904084891,10.1119651098889,13.0281474860163,14.7958538988397,45.3988926,14.8707717742373,54.4839114327749,6.93404897696977,8.38196198141651,3.73826227844393,83.5504798143727,14.1898093331565,5.55233005899984,0.900229413873492,1.66957299763453,0.903557115558662,28.1803752896942,0.802471393,0.171529994250053,0.785884043366165,0.321213377027412,0.969442711782637,0.12364528784671,0.683612844,2.27,3.07,3.215,1,"noRSnocoldcoretop_seds_2over3under10_sst_96","noRSnocoldcoretop_seds_2over3under10_sst"
"1396",2.16290612765562,23.6768651596058,34.8556498023396,43.2287314379858,82.7561204605903,49.2103914719735,18.6399513464511,10.2524014167622,13.6369761508789,14.7958549775738,45.3988926,14.966792626592,54.0413814499463,6.94452675888147,8.38222246504492,3.76619226008033,84.2958871930491,14.0758506519886,4.2390692492642,0.898466579756623,1.67545329674994,0.90124268495722,28.3381713245966,0.802471393,0.171178985309865,0.789250962005009,0.287421988881559,0.981406019189398,0.123651143205426,0.682239414681532,2.27,3.07,3.52,2,"noRSnocoldcoretop_seds_2over3under10_sst_97","noRSnocoldcoretop_seds_2over3under10_sst"
"1397",0.53648466012508,23.6760253717969,34.7709159971251,40.3266828095388,82.8986540420247,49.2188811407618,18.6412244721557,10.250926176335,13.6349934007812,14.8352323112886,45.3988926,14.9703385108696,54.0607238045742,6.46749362964466,8.38212874438808,3.09846887514857,84.3033117839071,14.1933296782793,5.60385007730894,0.900130590595142,1.70085750952387,0.897338920450793,28.333624759202,0.802471393,0.171856106455197,0.789545762916381,0.289550660155053,0.843399992106854,0.123651143205426,0.731268533460141,2.28,3.07,3.238,1,"noRSnocoldcoretop_seds_2over3under10_sst_98","noRSnocoldcoretop_seds_2over3under10_sst"
"1398",0.53648466012508,23.6760253717969,34.7709159971251,40.3266828095388,82.8986540420247,49.2197174947906,18.6412244721557,10.250926176335,13.6349934007812,14.8352323112886,45.3988926,14.9703443524881,54.0607238045742,6.47529184413958,8.38212874438808,3.09846887514857,84.3033117839071,14.1931362104915,5.68489994520363,0.900431679806894,1.70085750952387,0.897338920450793,28.333624759202,0.802471393,0.171856106455197,0.789551518356644,0.289550660155053,0.843399992106854,0.123651143205426,0.731268533460141,2.28,3.07,3.244,2,"noRSnocoldcoretop_seds_2over3under10_sst_99","noRSnocoldcoretop_seds_2over3under10_sst"
"1399",0.576799688020633,23.6988567877573,34.7629654427777,43.220179490187,82.7440287744336,49.2236304713143,18.6412910028262,10.10844935,13.0335386739495,14.8355145213837,45.5320061813087,14.8851367089544,54.4908392777328,6.9435846790418,8.37600011174759,3.26904742097119,83.5501195157912,14.1779625510591,5.5028629664243,0.904108653268845,1.63237928710596,0.90355406979045,28.3331302109424,0.810261581209539,0.171720272,0.647159368,0.328369069044244,0.994224615206553,0.12217678163418,0.683785166077348,2.25,3.08,3.157,1,"noRSnocoldcoretop_seds_2over3under10_sst_100","noRSnocoldcoretop_seds_2over3under10_sst"
"1400",0.576799688020633,23.6501684009175,34.3277766483606,43.2721448863566,82.7522823641907,49.2105679926882,18.6399428894595,10.1069858342456,13.0270821139342,14.795949819151,45.3988926,14.8703994524847,54.4912202585493,6.93404897696977,8.38217800040074,3.73826227844393,83.5501195157912,14.1898093331565,5.556374962,0.91068385,1.63237928710596,0.901356751260491,28.3331302109424,0.802471393,0.171721184257878,0.647159368,0.321213377027412,0.969528063836905,0.12364528784671,0.735251309475987,2.27,3.08,3.183,1,"noRSnocoldcoretop_seds_2over3under10_sst_101","noRSnocoldcoretop_seds_2over3under10_sst"
"1401",0.705420434077345,22.8198331660705,34.3277766483606,43.2502581495019,82.7522823641907,49.2236068559183,18.6412895912523,9.61751584930752,12.8769257290029,14.8124372769561,45.3988926,14.8703994524847,54.4910878475016,6.93404897696977,8.38013203631263,3.67714150984692,83.522759781888,14.1898093331565,5.53963915831614,0.911260435105942,1.6320247061061,0.903692047573335,28.3331302109424,0.802471393,0.171720272,0.647159368,0.321213377027412,0.969442711782637,0.0214533122534781,0.440564456017447,2.28,3.08,3.193,1,"noRSnocoldcoretop_seds_2over3under10_sst_102","noRSnocoldcoretop_seds_2over3under10_sst"
"1402",0.536942609043512,22.8117210804711,34.7707809534831,40.265740081499,82.8986540420247,49.2188811407618,18.6412244721557,10.1968408800507,13.0215260320792,14.83699603728,45.3988926,14.9700006735568,54.4794601037596,6.47511113139187,8.3819581678986,3.09846887514857,83.5094100933011,14.1897983921261,5.60385007730894,0.898416633965488,1.70085750952387,0.8971117243152,28.3331513162364,0.802471393,0.170689344927163,0.789250962005009,0.319634763793328,0.842589869592616,0.123651143205426,0.680965798936314,2.28,3.08,3.194,2,"noRSnocoldcoretop_seds_2over3under10_sst_103","noRSnocoldcoretop_seds_2over3under10_sst"
"1403",-3.71012543789793,24.9744738389945,32.79396922,49.8798504090764,62.9962550035464,49.9634211759343,20.4314202957301,10.890739946311,13.268514920817,14.6695375837874,34.5725123297355,16.3017207955002,61.0787654582653,6.70977248254662,8.43636509728919,3.18053819081343,73.1528914752869,14.0951094367956,5.65463073529718,0.637751440395419,1.51448906150303,1.23346778751167,28.5693582159999,0.00967209878123143,0.185785186862697,0.646650546234566,0.351234155354342,0.840474037122668,0.0221750020333898,0.589781285673066,2.35,3.09,2.983,1,"noRSnocoldcoretop_seds_2over3under10_sst_104","noRSnocoldcoretop_seds_2over3under10_sst"
"1404",0.312509315270846,23.6988567877573,34.7629654427777,43.220179490187,82.7440287744336,49.2236304713143,18.6412910028262,10.10844935,13.0335386739495,14.8355145213837,45.5320061813087,14.8851367089544,54.4908392777328,6.9435846790418,8.37600011174759,3.26904742097119,83.5501195157912,14.1779625510591,5.5028629664243,0.904108653268845,1.63237928710596,0.90355406979045,28.3331302109424,0.810261581209539,0.171720272,0.647159368,0.328369069044244,0.994224615206553,0.12217678163418,0.683785166077348,2.25,3.1,3.161,1,"noRSnocoldcoretop_seds_2over3under10_sst_105","noRSnocoldcoretop_seds_2over3under10_sst"
"1405",-6.01341038777658,22.5244156386257,32.4696823582489,39.4590092672434,67.7972171658689,55.11062488,23.088180036413,10.8955817736073,12.9535457495095,12.7300282189641,43.7499048314713,15.8298396698025,62.7018260601862,6.91079603541345,8.42797680718877,3.1092202840194,74.7986131051789,18.0973882560893,4.213213346,0.110044858966594,0.323163714383596,0.0387267132916731,18.3378852427965,1.180651843,0.212732930149367,0.615252442299627,0.358412392802421,0.827316047324882,0.0231734437668474,0.834624196691532,2.45,3.1,2.943,2,"noRSnocoldcoretop_seds_2over3under10_sst_106","noRSnocoldcoretop_seds_2over3under10_sst"
"1406",1.65906912565562,22.8462060099858,34.3394635421892,43.220179490187,82.7522823641907,49.2236105470857,18.641176827152,10.108280910996,13.6250767661469,14.7958538988397,45.4006323646595,14.9100654086213,54.4910878475016,6.93404897696977,8.37599040512707,3.26904742097119,84.298853684313,14.0672056302115,3.49218443657167,0.904108653268845,1.63237928710596,0.90355406979045,28.3331302109424,0.974570183491061,0.171720272,0.647159368,0.289295612630235,0.974363643178025,0.0141054503062048,0.683767837704118,2.24,3.11,3.38,1,"noRSnocoldcoretop_seds_2over3under10_sst_107","noRSnocoldcoretop_seds_2over3under10_sst"
"1407",-6.01341038777658,22.5244156386257,32.4696823582489,39.3978122927532,67.7972171658689,55.11062488,23.088180036413,10.8955817736073,12.9238984564536,12.7300282189641,43.7889274312565,15.8189530921733,62.7018260601862,6.32502290472506,8.42797680718877,3.1092202840194,74.7928527245678,18.0976348386172,4.213213346,0.545622192460472,0.155395154552745,0.798014975519615,18.3378852427965,1.180651843,0.212732930149367,0.609973829319719,0.272858257280288,0.827316047324882,0.0231734437668474,0.837213024107492,2.47,3.12,2.91,1,"noRSnocoldcoretop_seds_2over3under10_sst_108","noRSnocoldcoretop_seds_2over3under10_sst"
"1408",-6.01341038777658,22.5244156386257,32.4696823582489,39.3956119673623,67.7972171658689,55.11062488,23.088180036413,10.8955817736073,12.9238984564536,12.727482719563,43.7889274312565,15.8206081124455,62.7675417027221,6.32502290472506,8.42797680718877,3.1092202840194,74.7928527245678,18.0976348386172,4.213213346,0.539053657182767,0.154139763246572,0.798014975519615,18.3378852427965,1.1703156935206,0.212906440716914,0.616370974210034,0.274568463896517,0.827316047324882,0.0231734437668474,0.837213024107492,2.47,3.12,2.91,1,"noRSnocoldcoretop_seds_2over3under10_sst_109","noRSnocoldcoretop_seds_2over3under10_sst"
"1409",-8.653473838567,22.9141772291164,34.3241616509751,42.9939130909867,61.6524041113022,68.4489318264558,23.6081677887944,10.0538099284245,13.5517785225323,14.6737683613328,44.1903497910439,22.6040799727845,60.9083789907214,5.74250935624787,7.960636239,3.90840921632989,72.0536414320863,17.8659428443984,5.654514766,0.63904076858477,0.302483828,0.901855015,19.140627582857,1.20468094522453,0.140377446,0.574266468,0.596889639617258,0.840089520184762,0.0221993110991513,0.486361958900271,2.89,3.12,2.638,1,"noRSnocoldcoretop_seds_2over3under10_sst_110","noRSnocoldcoretop_seds_2over3under10_sst"
"1410",-5.31572087049757,22.6214173597663,32.7508970239783,39.314620546972,69.5344338998279,55.11062488,23.1035028962457,10.8527270640945,12.8208381067227,10.86144260651,45.352415963658,15.9273328744197,60.4134712118391,6.5387445996347,8.42798425751664,3.27419120513043,74.8003556199707,18.0875935659191,2.43582978701132,0.659056759500197,0.167154768162984,1.49685003565665,19.2469843756052,0.956410320011507,0.212906934694543,0.804664141483304,0.272247174728108,0.828726842135096,0.0189195768589082,0.863314561858831,2.45,3.13,2.782,1,"noRSnocoldcoretop_seds_2over3under10_sst_111","noRSnocoldcoretop_seds_2over3under10_sst"
"1411",-8.83767469060426,22.9132052332932,34.3241616509751,42.9936063817589,61.6524041113022,68.4492105098119,23.6081677887944,10.0201305712998,13.5507502229347,14.6737683613328,44.1903497910439,22.6851415838687,60.9072748720253,5.75459643682905,7.960636239,3.90840921632989,72.0536414320863,17.8644188462951,5.654514766,0.639049256140541,0.302483828,0.901855015,19.140627582857,1.20468094522453,0.140377446,0.574266468,0.596889639617258,0.840089075516023,0.0221993110991513,0.486361958900271,2.89,3.13,2.648,1,"noRSnocoldcoretop_seds_2over3under10_sst_112","noRSnocoldcoretop_seds_2over3under10_sst"
"1412",0.536290741165245,23.6873120418209,34.7707752312484,43.4639001170303,82.8941682336022,49.3119272696398,18.6398094171275,10.2512157101213,13.6629675821233,14.8355007362813,45.3988926,14.8249724646044,53.6803607400079,6.92031528515243,8.36731175755816,3.09744261269931,84.2961686128179,14.1954335178502,5.55813378208321,0.900339077724251,1.63109505894088,0.896986740256704,28.1913624388311,0.802471393,0.170927751251135,0.647439863851024,0.333491117878894,0.974597655544693,0.123625971378295,0.734335102701334,2.24,3.14,3.341,1,"noRSnocoldcoretop_seds_2over3under10_sst_113","noRSnocoldcoretop_seds_2over3under10_sst"
"1413",-3.56103339065,22.1649973538144,32.5860958717826,39.1664583115822,71.1112896912182,54.9135357721944,21.4557543844527,10.362355293405,11.0719448866606,6.67782228786666,42.7754264647413,16.396723362037,59.5727677329905,6.53501135026324,8.42657867446267,3.0455741784949,75.5056363098858,18.0975081424855,5.55580672299871,0.908527998595691,0.197865547231527,0.922599692070301,25.0865704229758,1.06432013717208,0.137631501055179,0.567244665003983,0.957301868973988,0.97003416954162,0.146543758609255,0.584785117475421,2.57,3.14,2.728,1,"noRSnocoldcoretop_seds_2over3under10_sst_114","noRSnocoldcoretop_seds_2over3under10_sst"
"1414",-5.31572087049757,22.6205976670757,32.7069942975924,39.314620546972,69.224117739739,55.11062488,23.1035028962457,10.8527270640945,12.9394475731931,10.86144260651,45.352415963658,15.9273328744197,60.1416328368072,6.5387445996347,8.42796747467002,3.27419120513043,74.7937150520333,18.0875935659191,2.43582978701132,0.659056759500197,0.370051202098137,1.49685003565665,19.2469843756052,0.956410320011507,0.212906934694543,0.80361447008185,0.274534252977503,0.828726842135096,0.0189195768589082,0.968727905905914,2.45,3.16,2.746,1,"noRSnocoldcoretop_seds_2over3under10_sst_115","noRSnocoldcoretop_seds_2over3under10_sst"
"1415",-5.08766706639713,22.4593760948981,32.6458434859463,40.6160770261311,69.5764305378981,55.0727367714254,23.100230507168,10.9098606705977,12.8233151293515,10.8609528219049,45.4245567820293,15.9270898620948,60.1418491170495,6.53881480137572,8.42698189948394,3.28670509824423,74.8007596230359,18.0853616457899,2.35808065655684,0.504048251193288,1.53677849405929,1.71081777369718,19.2399093693524,0.954362935366266,0.212492765093031,0.913777743958785,0.116110352397822,0.827369232972864,0.0188796839190839,0.984891711268971,2.51,3.16,2.909,2,"noRSnocoldcoretop_seds_2over3under10_sst_116","noRSnocoldcoretop_seds_2over3under10_sst"
"1416",-7.26573975285538,22.3392098280864,34.3484623825076,49.7468332268487,63.0781345208628,49.8813867066728,23.2030215763785,10.120280865076,13.4473351405186,14.9983606760388,34.3602133888367,16.2041792223186,62.5018239913632,7.19909478060678,8.43634836257503,3.16918972705868,74.2265942947014,14.2307715240525,3.75810149777033,0.309231007995679,1.52901477471242,1.20734514805122,28.3958747228685,0.0164131394326013,0.187066927506859,0.577819005487428,0.323429939668887,0.831071643815014,0.146645980881162,0.716262835634264,2.32,3.17,2.99,1,"noRSnocoldcoretop_seds_2over3under10_sst_117","noRSnocoldcoretop_seds_2over3under10_sst"
"1417",-7.29127759589647,22.2735471374737,34.3603728985367,40.5300584874744,63.0767815132974,49.9564657558915,23.2148960669441,10.1078984990823,13.3048900088374,14.9982560196218,34.5927167001413,16.2041792223186,62.5018239913632,7.18917743728594,8.38192739429389,3.10381287656232,74.2265942947014,14.231959430287,3.82161698925482,0.309231007995679,1.51462198909821,1.2106888875588,28.3958747228685,0.0198467809656028,0.187066927506859,0.647159368,0.323000810864386,0.844670874438137,0.147236323969289,0.733918911207894,2.32,3.17,3.03,1,"noRSnocoldcoretop_seds_2over3under10_sst_118","noRSnocoldcoretop_seds_2over3under10_sst"
"1418",0.576799688020633,22.8462060099858,34.3277766483606,43.220179490187,82.7522823641907,49.2236304713143,18.6412895912523,10.10844935,13.0195457761971,14.7958538988397,45.5357096765253,14.8868874266618,54.4910878475016,6.93404897696977,8.37600011174759,3.26904742097119,83.5501195157912,14.1779625510591,5.5028629664243,0.904108653268845,1.63237928710596,0.90355406979045,28.3331302109424,0.974570183491061,0.171720272,0.647159368,0.321942553124858,0.994224615206553,0.0180913526297225,0.683612844,2.25,3.18,3.152,1,"noRSnocoldcoretop_seds_2over3under10_sst_119","noRSnocoldcoretop_seds_2over3under10_sst"
"1419",-7.29127759589647,22.2995389351999,34.3610518113085,49.7435835304164,62.9986819645598,49.9561975841613,23.1651385157199,10.1086687255767,13.3048900088374,14.999529659806,34.3365254062255,16.3026645699971,62.4939399054935,7.1990071438051,8.43751969810023,3.1465209331733,73.1376942633338,14.231959430287,5.15609390842226,0.639503922334853,1.51462198909821,1.23310883302185,28.3930771364049,0.0161460402758215,0.187045215717464,0.647159368,0.352444097630786,0.844670874438137,0.144475561849614,0.738177350051327,2.33,3.18,2.974,1,"noRSnocoldcoretop_seds_2over3under10_sst_120","noRSnocoldcoretop_seds_2over3under10_sst"
"1420",0.576799688020633,22.8453181768243,34.3277766483606,43.220179490187,82.7522823641907,49.9480460407237,18.5754509905326,10.1079067384056,13.0195457761971,14.7958538988397,45.6750559788492,14.8868874266618,54.5220909049109,6.93404897696977,8.37600011174759,3.26904742097119,83.284382789128,14.1779625510591,5.50503193450469,0.904108653268845,1.63463464551324,0.90355406979045,28.3331302109424,0.974570183491061,0.171720272,0.647159368,0.321942553124858,0.994224615206553,0.145017445129687,0.683612844,2.24,3.19,3.183,1,"noRSnocoldcoretop_seds_2over3under10_sst_121","noRSnocoldcoretop_seds_2over3under10_sst"
"1421",0.436539946483434,22.8453181768243,34.3277766483606,43.220179490187,82.7522823641907,49.9480460407237,18.5754509905326,10.1079067384056,13.0195457761971,14.7958538988397,45.6750559788492,14.8868874266618,54.5220909049109,6.93404897696977,8.37600011174759,3.26904742097119,83.284382789128,14.1779625510591,5.50503193450469,0.904108653268845,1.63463464551324,0.90355406979045,28.3331302109424,0.974570183491061,0.171720272,0.647159368,0.321942553124858,0.994224615206553,0.145017445129687,0.683612844,2.24,3.19,3.186,1,"noRSnocoldcoretop_seds_2over3under10_sst_122","noRSnocoldcoretop_seds_2over3under10_sst"
"1422",-3.55735493823411,22.1649973538144,32.5860958717826,38.9507565666146,71.1112896912182,54.9135357721944,21.4557543844527,10.1801358764341,11.0719448866606,6.67782228786666,42.7754264647413,16.3472427873882,59.5727677329905,6.53501135026324,8.42657867446267,3.0455741784949,75.5056363098858,18.093231454091,5.55580672299871,0.908527998595691,0.170383294969725,0.922599692070301,25.0865704229758,1.06432013717208,0.137631501055179,0.804520800589319,0.957301868973988,0.97003416954162,0.146543758609255,0.574532129296352,2.57,3.19,2.713,1,"noRSnocoldcoretop_seds_2over3under10_sst_123","noRSnocoldcoretop_seds_2over3under10_sst"
"1423",-8.84402416968612,22.9109490685446,32.9736991860368,43.0136078551695,61.6572338072981,68.4492105098119,23.6081677887944,9.75825954534256,13.5507502229347,14.6737683613328,44.1903497910439,22.6851415838687,61.0653057606618,5.75459138949583,7.96065667691878,3.84625787655014,72.0536474740708,17.8644188462951,5.654514766,0.639049256140541,0.302483828,0.901855015,19.140627582857,1.13703794476028,0.140377446,0.574266468,0.369458927411718,0.840137522093227,0.0221993110991513,0.486457233488845,2.86,3.19,2.687,1,"noRSnocoldcoretop_seds_2over3under10_sst_124","noRSnocoldcoretop_seds_2over3under10_sst"
"1424",-3.68458759485684,24.9911129728083,34.8153780728733,49.7254326281481,63.0750687303792,49.9634211759343,20.4195458051645,10.9252883371433,13.4445088036234,14.6695375837874,34.3400090184309,16.3017207955002,62.4948509650305,6.71000845126041,8.43636509728919,3.18053819081343,73.151652736822,14.093921530561,5.65728961794521,0.31212414550342,1.52888184711724,1.23346778751167,28.5693582159999,0.01967753169248,0.185785186862697,0.646812111048602,0.322398578267253,0.840474037122668,0.148325439555939,0.70627693842689,2.32,3.2,3.12,2,"noRSnocoldcoretop_seds_2over3under10_sst_125","noRSnocoldcoretop_seds_2over3under10_sst"
"1425",-8.83294067177613,22.9132299374191,34.3006670424772,43.01282947,61.7300319544306,68.1668478130199,23.8964679183821,10.0654589185292,13.5522616419343,14.6743324080775,44.1208238041189,22.7339929214484,60.9233277427533,5.76209187224162,7.94820705649542,3.73805315924615,71.9927101880848,17.8637296517894,5.654514766,0.89500931505427,0.446412382398554,0.901915717393884,19.4359516618626,0.791842989301136,0.140377446,0.795340577691649,0.596897552,0.842761191514851,0.0221993110991513,0.586086529587859,2.84,3.22,2.676,1,"noRSnocoldcoretop_seds_2over3under10_sst_126","noRSnocoldcoretop_seds_2over3under10_sst"
"1426",-6.64270614051958,22.5244156386257,30.5405095541108,39.3922373082619,67.7830953076589,55.1110013066876,23.0882339318075,13.4337303078098,10.7336180392558,10.8783862256113,43.7889274312565,15.8092679630047,62.684740443953,6.32155642561348,8.42829063169133,3.28335771416369,74.8242973163771,18.0976348386172,4.17688118160225,0.534514781658481,0.154390153,0.809253214108426,18.8868688913046,1.180651843,0.212732930149367,0.447874930278197,0.606613771781854,0.828734801089931,0.0231172508546701,0.846874819815342,2.41,3.23,2.75,1,"noRSnocoldcoretop_seds_2over3under10_sst_127","noRSnocoldcoretop_seds_2over3under10_sst"
"1427",-8.78305812566825,22.9132299374191,34.3066967217683,43.01282947,61.6866876155182,68.1669156899768,23.6081677887944,10.0654589185292,13.5522616419343,14.6743324080775,44.1224270271436,22.7339929214484,60.9287533547927,5.76209187224162,7.95810031947955,3.73805315924615,71.9927101880848,17.8637296517894,5.654514766,0.89500931505427,0.446412382398554,0.901915717393884,19.0848428145561,0.791842989301136,0.140377446,0.795340577691649,0.596897552,0.842761191514851,0.0221993110991513,0.586086529587859,2.83,3.23,2.693,1,"noRSnocoldcoretop_seds_2over3under10_sst_128","noRSnocoldcoretop_seds_2over3under10_sst"
"1428",-9.24553792406029,22.9132393975666,34.3006670424772,43.01282947,61.7626983111334,68.1657850631723,23.8525607337828,10.0654589185292,13.5522616419343,14.6743324080775,44.1064231804327,22.6858008151016,60.9233277427533,5.76209187224162,7.94820705649542,3.73805315924615,72.0536672596202,17.8637296517894,5.654514766,0.908553173878097,0.446412382398554,0.901915717393884,19.4227092363068,1.16833284755792,0.140377446,0.795340577691649,0.596897552,0.842761191514851,0.0221993110991513,0.583669077744363,2.83,3.25,2.694,1,"noRSnocoldcoretop_seds_2over3under10_sst_129","noRSnocoldcoretop_seds_2over3under10_sst"
"1429",-7.51464588834718,22.2527873779536,34.7761913775684,40.5300584874744,83.45459291746,48.865246024459,23.0575362062544,10.1078984990823,13.3048900088374,14.7286783021905,44.8980779342843,16.2041792223186,62.2861804144243,7.19786110989924,8.38108995439388,3.13328140298867,84.5246984385635,14.231529270855,5.1546411424587,0.87926219997513,1.63358470706815,0.90927190967287,28.3958747228685,0.0198467809656028,0.187066927506859,0.634554681712649,0.322823013033566,0.853970615172057,0.119942837245594,0.73364595035492,2.3,3.26,3.081,1,"noRSnocoldcoretop_seds_2over3under10_sst_130","noRSnocoldcoretop_seds_2over3under10_sst"
"1430",-7.29127759589647,22.2735471374737,34.3484623825076,49.8828489741633,63.0767815132974,49.8813867066728,23.2148960669441,10.1078984990823,13.2713412577122,14.9983606760388,34.5927167001413,16.2041792223186,62.5018239913632,7.19885881189298,8.43634836257503,3.16918972705868,74.2265942947014,14.231959430287,3.75810149777033,0.309231007995679,1.51462198909821,1.20734514805122,28.3958747228685,0.0164131394326013,0.187066927506859,0.647159368,0.322866086694992,0.831071643815014,0.146645980881162,0.59976718288044,2.33,3.26,2.979,1,"noRSnocoldcoretop_seds_2over3under10_sst_131","noRSnocoldcoretop_seds_2over3under10_sst"
"1431",-7.29127759589647,22.2735471374737,34.34875490623,49.8828489741633,63.0707515402896,49.8813867066728,23.2148960669441,10.1229017229037,13.3096087546988,14.9995132353141,34.5900949765941,16.2041792223186,62.5018239913632,7.18958670950398,8.43634250769898,3.25730824649375,74.2265942947014,14.2328507602484,3.75810149777033,0.309231007995679,1.61175654740592,1.20734514805122,28.3958747228685,0.0164131394326013,0.187066927506859,0.647159368,0.323246170273827,0.831071643815014,0.151837124295307,0.59976718288044,2.33,3.27,2.966,1,"noRSnocoldcoretop_seds_2over3under10_sst_132","noRSnocoldcoretop_seds_2over3under10_sst"
"1432",-7.29127759589647,22.2735471374737,34.3484623825076,49.8828489741633,63.0767815132974,49.9537419717624,23.2148960669441,10.1078984990823,13.3048461963272,14.9896439888536,34.5927167001413,16.2041792223186,62.5018239913632,7.19759969607985,8.43634836257503,3.16918972705868,74.2265942947014,14.231959430287,3.72917553654527,0.309231007995679,1.51462198909821,1.20718826726901,28.3958747228685,0.0163568325018381,0.187066927506859,0.647159368,0.322866086694992,0.831071643815014,0.147266194097858,0.59976718288044,2.33,3.27,2.98,1,"noRSnocoldcoretop_seds_2over3under10_sst_133","noRSnocoldcoretop_seds_2over3under10_sst"
"1433",-7.29127759589647,22.2735471374737,34.3486882450788,49.8828489741633,63.0767815132974,49.8813867066728,23.2148960669441,10.1078984990823,13.2713832408379,14.9983606760388,34.5927167001413,16.2041792223186,62.5018239913632,7.19885881189298,8.43634836257503,3.16918972705868,74.2265942947014,14.231959430287,3.7261859377467,0.309231007995679,1.51462198909821,1.20734514805122,28.3958747228685,0.0164131394326013,0.187066927506859,0.647159368,0.323001772837286,0.985778198928719,0.151784106461579,0.59976718288044,2.33,3.27,2.983,1,"noRSnocoldcoretop_seds_2over3under10_sst_134","noRSnocoldcoretop_seds_2over3under10_sst"
"1434",-7.29127759589647,22.2735471374737,34.3486306341373,49.9747859067218,63.0767815132974,49.8813867066728,23.2148960669441,10.1228231295628,13.2713832408379,14.9994863349738,34.5927167001413,16.2041792223186,62.5018239913632,7.19885881189298,8.43634836257503,3.16606939881819,74.2265942947014,14.231959430287,3.6219263323451,0.309231007995679,1.61275217670401,1.20734514805122,28.3958747228685,0.0164035335055978,0.187066927506859,0.647159368,0.322866086694992,0.831071643815014,0.151784106461579,0.59976718288044,2.33,3.28,2.987,1,"noRSnocoldcoretop_seds_2over3under10_sst_135","noRSnocoldcoretop_seds_2over3under10_sst"
"1435",-7.29127759589647,22.2735471374737,32.7259209025053,49.8828489741633,63.0707515402896,49.8813867066728,23.1544248716619,10.1229017229037,13.2968449330558,14.9995132353141,34.5900949765941,16.2044476311177,62.3986373415354,7.22142590038598,8.43634250769898,3.17852702871557,74.2084011380319,14.2328507602484,3.75810149777033,0.29258554100873,1.61175654740592,1.20734514805122,28.3917917813233,0.00966843683832067,0.185822670172505,0.647159368,0.323246170273827,0.831232101328201,0.15249240464187,0.59976718288044,2.34,3.3,2.959,1,"noRSnocoldcoretop_seds_2over3under10_sst_136","noRSnocoldcoretop_seds_2over3under10_sst"
"1436",-8.54274958159761,22.9132204607476,33.3967222442107,43.01282947,62.94672411,68.1649667348775,23.8836840515979,10.6098986900566,13.4879038330374,14.67375728,43.7981382842342,22.834240735046,61.0743926634235,5.75484948812621,7.94825987153486,3.7942451675136,72.05345415,17.8638223735207,5.70955369446539,0.639189747,0.302483828,0.908752242997075,18.2922245032802,1.15748430185442,0.140385435315236,0.56240075377822,0.583765296077635,0.840641417586583,0.022262234,0.582799381368827,2.74,3.33,2.815,2,"noRSnocoldcoretop_seds_2over3under10_sst_137","noRSnocoldcoretop_seds_2over3under10_sst"
"1437",-8.831398688,22.9132204607476,33.3967222442107,43.01282947,62.94672411,68.1649667348775,23.8836840515979,10.3933109046868,12.8440795524494,14.67375728,43.7981382842342,22.834240735046,61.0743926634235,5.75484948812621,7.94825987153486,3.90731799637487,72.05345415,17.8638223735207,5.70955369446539,0.639189747,0.302483828,1.66161957369627,19.4116313611507,1.15748430185442,0.140385435315236,0.562405750547161,0.584072409470969,0.840043324436763,0.022262234,0.585622144613231,2.89,3.34,2.671,1,"noRSnocoldcoretop_seds_2over3under10_sst_138","noRSnocoldcoretop_seds_2over3under10_sst"
"1438",-6.800013743,22.5899828513254,29.8401574190628,39.4322449404507,69.5337315148257,56.6172251121518,23.024726565176,13.4818140164723,12.8554663516752,10.7937590793516,46.0411291808418,17.9351537562047,60.410093120376,6.39740506658698,8.05634725849556,3.29268972035852,74.8265476085797,18.0852088374029,4.20977819938974,0.121437643369846,0.154390153,0.794872683238984,20.3664072062312,0.281118531501815,0.217728615359259,0.804685861741244,0.119212495471007,0.828588510888575,0.0216978408312135,0.881376189151761,2.4,3.38,2.773,1,"noRSnocoldcoretop_seds_2over3under10_sst_139","noRSnocoldcoretop_seds_2over3under10_sst"
"1439",-6.800013743,22.8559794416201,29.8412348573237,39.4322449404507,69.5046813007042,56.6172251121518,23.024726565176,13.4810851170692,12.8554663516752,10.7937590793516,46.0415086404737,17.9351537562047,60.410093120376,6.70070902661573,8.050609023,3.80400910899686,74.8004700670023,18.0854571773938,4.31948499666652,0.132618960622197,0.154390153,0.84646838057211,20.3664072062312,0.252328788343078,0.21720405315825,0.804685861741244,0.119212495471007,0.972786351243032,0.022019691811105,0.881376189151761,2.4,3.41,2.832,2,"noRSnocoldcoretop_seds_2over3under10_sst_140","noRSnocoldcoretop_seds_2over3under10_sst"
"1440",-6.79993261227038,22.5899828513254,29.84096966018,39.4322449404507,69.5549573685836,56.7906295349861,23.0196725796083,13.4810851170692,12.8554663516752,10.7937590793516,46.0415086404737,17.9351537562047,60.410093120376,6.70070902661573,8.050609023,3.27708681077131,74.8004700670023,18.0854571773938,4.17964004312138,0.134007099366219,0.154390153,0.809192046,19.1749057591648,0.252328788343078,0.21720405315825,0.808288959763446,0.119212495471007,0.828588744662968,0.0210920981681826,0.856921638404027,2.37,3.44,2.943,1,"noRSnocoldcoretop_seds_2over3under10_sst_141","noRSnocoldcoretop_seds_2over3under10_sst"
"1441",-6.80012775483595,22.5938379027872,29.8412348573237,39.4408647651414,69.5554513257532,56.6172251121518,23.1004334395958,13.482327558038,12.8554663516752,10.7967693171906,46.0415086404737,17.9351537562047,60.410093120376,6.69592161624418,8.05718604298475,3.78736625418108,74.3694523852934,18.0854767656395,4.17964004312138,0.138117313048362,0.154390153,0.821884927876395,20.3527650397426,0.252328788343078,0.217159108686655,0.804685861741244,0.119212495471007,0.828588510888575,0.0217017182063463,0.881376189151761,2.4,3.44,2.823,2,"noRSnocoldcoretop_seds_2over3under10_sst_142","noRSnocoldcoretop_seds_2over3under10_sst"
"1442",-6.59479772655224,22.5937519982547,29.8609347062289,40.5905455047454,69.5342785128807,55.1124486882709,23.0933238535657,13.4641018877715,12.8235269552302,10.86198428,46.2078606467076,15.9270776312305,60.406872408288,6.39638143241567,8.41799569366011,3.28012878986406,74.3622470084791,18.0852008957343,4.20891900156305,0.509950863593646,0.154390153,1.51601783683866,18.319583979509,0.982804710208603,0.211308720842227,0.56705792700054,0.116633268915391,0.839576076533356,0.0209412725456382,0.873671456527323,2.45,3.44,2.699,1,"noRSnocoldcoretop_seds_2over3under10_sst_143","noRSnocoldcoretop_seds_2over3under10_sst"
"1443",-6.800013743,22.5899828513254,29.8412348573237,39.4322449404507,69.5549573685836,56.6172251121518,23.024726565176,13.4810851170692,12.8554663516752,10.7937590793516,46.0415086404737,17.9351537562047,60.410093120376,6.70070902661573,8.050609023,3.80400910899686,74.8004700670023,18.0854571773938,4.17964004312138,0.134007099366219,0.154390153,0.809192046,20.3664072062312,0.252328788343078,0.21720405315825,0.804685861741244,0.119212495471007,0.828588510888575,0.0217122124101799,0.881376189151761,2.4,3.45,2.802,2,"noRSnocoldcoretop_seds_2over3under10_sst_144","noRSnocoldcoretop_seds_2over3under10_sst"
"1444",-6.80540812664083,23.176003637954,29.8609347062289,40.6070650109613,69.1538402831589,55.1124486882709,22.9232433817294,13.4641018877715,12.8235269552302,10.86198428,46.2071332962381,15.9270776312305,60.246456929676,6.39638143241567,8.42697312957544,3.28001014525335,74.2972748306355,18.0855172124402,4.20891900156305,0.509950863593646,0.182065660389451,1.48572446036987,18.276507675817,0.975805687587129,0.21219211175527,0.800293569495988,0.116633268915391,0.82867866344205,0.0570787418464078,0.859491373721043,2.44,3.45,2.765,2,"noRSnocoldcoretop_seds_2over3under10_sst_145","noRSnocoldcoretop_seds_2over3under10_sst"
"1445",-6.27478159161995,24.9333380092929,32.5892577552038,37.8421464554299,71.0211874554989,64.7108443776397,23.0514720185914,12.6974290973929,10.4362009394489,8.56551295952521,41.1905919029861,21.452489244384,62.6965637069608,6.7163150063926,8.48426388330772,3.1708625793083,78.8428332813623,18.6337642555363,4.51194031921641,0.0870643164829541,1.54591466111091,1.18823407624914,24.5793843732291,0.246137362349033,0.137615411730519,0.689582220986085,0.371269987683077,0.838132145256664,0.0247945738474944,0.703630557948696,2.29,3.46,3.142,1,"noRSnocoldcoretop_seds_2over3under10_sst_146","noRSnocoldcoretop_seds_2over3under10_sst"
"1446",-6.80540812664083,22.5937519982547,29.8609347062289,40.6070650109613,69.5342785128807,55.1124486882709,23.100614971041,13.4641018877715,12.8235269552302,10.86198428,46.2071332962381,15.9270776312305,60.406872408288,6.39638143241567,8.42697312957544,3.28012878986406,74.3623618268416,18.0852008957343,4.20891900156305,0.509950863593646,0.154390153,1.47862164907717,18.2859600340688,0.979320284381824,0.211308720842227,0.804685861741244,0.116633268915391,0.82867866344205,0.0209412725456382,0.861064508131872,2.44,3.48,2.738,1,"noRSnocoldcoretop_seds_2over3under10_sst_147","noRSnocoldcoretop_seds_2over3under10_sst"
"1447",-6.800013743,22.5899828513254,29.8412348573237,39.4298108592272,69.5549573685836,56.6172251121518,23.024726565176,13.4810851170692,12.8562360437083,10.7937590793516,46.0415086404737,17.9351537562047,60.1305689289868,6.71086357474592,8.05347488761951,3.80400910899686,74.7937965059351,18.0854571773938,4.16768416201277,0.134007099366219,0.366259886017543,0.838762394896116,20.3664072062312,0.252328788343078,0.217179339216677,0.804685861741244,0.119212495471007,0.828588510888575,0.0217122124101799,0.881376189151761,2.4,3.49,2.791,2,"noRSnocoldcoretop_seds_2over3under10_sst_148","noRSnocoldcoretop_seds_2over3under10_sst"
"1448",-6.800013743,22.5899828513254,29.8412348573237,39.4322449404507,69.5549573685836,56.5111964184922,23.024726565176,13.4810851170692,12.8554663516752,10.8934447429448,46.0415086404737,17.9351537562047,60.3440570693281,6.69598005602221,8.05397534549289,3.79520106614051,74.6925949074398,18.0854571773938,4.17964004312138,0.134586011272227,0.154390153,0.905211377374558,20.3664072062312,0.221815889268631,0.21720405315825,0.804685861741244,0.28583670999762,0.828588510888575,0.0217122124101799,0.737573279065423,2.4,3.5,2.801,2,"noRSnocoldcoretop_seds_2over3under10_sst_149","noRSnocoldcoretop_seds_2over3under10_sst"
"1449",-6.80540812664083,22.5937519982547,29.8609347062289,40.6070650109613,69.5342785128807,55.1124486882709,23.100614971041,13.4641018877715,12.8235269552302,10.86198428,46.2072240234635,15.9009167051755,60.4102667089424,6.39638143241567,8.42697312957544,3.28012878986406,74.3623618268416,18.2463687910857,4.16301819955069,0.509714749965739,0.154390153,1.47862164907717,19.1555317158136,0.979320284381824,0.211308720842227,0.784813774068336,0.119921311194871,0.82867866344205,0.0211138104835757,0.857389087535956,2.44,3.5,2.678,1,"noRSnocoldcoretop_seds_2over3under10_sst_150","noRSnocoldcoretop_seds_2over3under10_sst"
"1450",-7.407845404,21.1479057548068,30.60902499,29.8206856877364,58.114632873935,54.331791101376,19.26933827,11.464234345036,13.2956469062862,8.89789726161579,26.012633139508,20.783112350209,68.6377720915157,6.55660124616862,9.113186,3.02438649314743,76.26114405,15.11412213,5.94975100523893,0.193345316,0.039383692987929,0.362382331767244,39.8819908,0.143543834628097,0.113589255508119,0.522414791357237,0.717722156719073,0.979377291702216,0.0440573629915966,0.538759106,2.33,2.83,4.6,1,"noRSnocoldcoretop_seds_2over3under10_deep_1","noRSnocoldcoretop_seds_2over3under10_deep"
"1451",-6.05389384524964,19.5839686451381,28.0966033956063,32.8229867368542,47.4190236968657,61.7980211236669,20.388438588951,11.3000032697489,13.5966497412501,10.4932513636943,26.2262234118599,20.2629466027814,53.4072941187149,5.27413517258363,8.04865679028257,3.20419193318501,63.79301626,27.9115571892393,8.19924601655535,0.282060812174044,0.165914956406514,0.42319570864063,40.2720750071527,0.881709540101067,0.12950452713162,0.940466586423977,0.515934102973613,0.920387449016266,0.010142182,0.60134932254076,2.93,2.93,2.636,2,"noRSnocoldcoretop_seds_2over3under10_deep_2","noRSnocoldcoretop_seds_2over3under10_deep"
"1452",-6.05389384524964,19.5904298576837,28.0970332627554,32.8229867368542,47.4162247768926,61.7980211236669,20.3884967964824,11.3000032697489,13.5825419716333,10.4933039819712,26.2262234118599,20.2625301756262,53.4049107017496,5.30687290948712,8.04865148997792,3.00654165914511,63.79301626,27.9140852062901,8.19924601655535,0.282303495291504,0.165736730178964,0.444729687256521,40.2698143176455,0.877233493647682,0.12950452713162,0.940698490475708,0.515823662017639,0.920387449016266,0.0102772637625767,0.60134932254076,2.92,2.95,2.628,1,"noRSnocoldcoretop_seds_2over3under10_deep_3","noRSnocoldcoretop_seds_2over3under10_deep"
"1453",-6.07055155804819,19.6622173305381,28.0911818302094,32.8230780735775,47.4169900391057,61.8026565188823,20.3882390444851,11.3058398676545,13.5963145468552,10.501561298738,26.1001681246653,20.26248228,53.4037161567767,5.48673962487126,8.05310108645337,3.19141474661943,64.0783599766246,27.9171259698291,7.89986004751865,0.287050218268351,0.165007972593855,0.373761622772742,40.2940971470132,0.849247783247268,0.129502784,0.931611467619505,0.505399977768207,0.963685736889106,0.0101275483490645,0.6053256892495,2.85,2.96,2.636,1,"noRSnocoldcoretop_seds_2over3under10_deep_4","noRSnocoldcoretop_seds_2over3under10_deep"
"1454",-6.05389384524964,19.5839686451381,28.0966033956063,32.8229867368542,47.4162247768926,61.7980211236669,20.3884967964824,11.3000032697489,13.5970454456344,10.4933039819712,26.2262234118599,20.2625301756262,53.4072941187149,5.30687290948712,8.04865679028257,3.00654165914511,63.79301626,27.9115571892393,8.19924601655535,0.282060849318039,0.165914956406514,0.42319570864063,40.2698143176455,0.881709540101067,0.12950452713162,0.940698490475708,0.515934102973613,0.920387449016266,0.010142182,0.60134932254076,2.92,2.96,2.627,1,"noRSnocoldcoretop_seds_2over3under10_deep_5","noRSnocoldcoretop_seds_2over3under10_deep"
"1455",-4.76054742160487,18.2940269616021,27.0821652866796,34.2012403511376,54.1852457474342,47.97722691,19.0795001068227,8.68510804411159,10.0422297700435,8.99965056632038,34.1412576943351,16.62920237,61.549027588566,6.73336680109768,8.33643762846142,3.04837611115597,76.1351954341564,16.7175310187379,1.58826012668194,0.67231711127505,1.9285467001764,1.16837770125232,16.0051710341452,0.0728745621097176,0.196685026553117,0.935139166294598,0.5374651764721,0.917555815702014,0.036085431939173,0.990745874380819,2.32,2.97,3.423,1,"noRSnocoldcoretop_seds_2over3under10_deep_6","noRSnocoldcoretop_seds_2over3under10_deep"
"1456",-4.9349906498695,18.2940269616021,27.0821652866796,34.2012403511376,54.1852457474342,47.97722691,19.0795001068227,8.68510804411159,10.0422297700435,8.99965056632038,34.1412576943351,16.62920237,61.549027588566,6.73336680109768,8.33643762846142,3.04837611115597,76.1351954341564,16.7175310187379,1.58826012668194,0.67231711127505,1.9285467001764,1.16837770125232,16.0051710341452,0.0728745621097176,0.196685026553117,0.935139166294598,0.5374651764721,0.917555815702014,0.036085431939173,0.990745874380819,2.32,2.97,3.475,1,"noRSnocoldcoretop_seds_2over3under10_deep_7","noRSnocoldcoretop_seds_2over3under10_deep"
"1457",-4.62443863466112,18.2940269616021,27.0821652866796,34.2012403511376,54.1947079040455,47.97722691,19.0786504669557,9.45671704205075,10.0484451036515,8.7073813899512,34.1412576943351,16.583622402329,61.8090990161657,6.59434463125446,8.27602244009886,3.09083385107827,76.1352122839752,17.2233348456196,1.58987883912336,0.67231711127505,1.36277929459108,1.48710869651499,15.6919364871272,0.0823245842864458,0.196685026553117,0.922623073668731,0.546856237831024,0.902915495361083,0.0378763339818619,0.991081658589621,2.33,2.97,3.356,1,"noRSnocoldcoretop_seds_2over3under10_deep_8","noRSnocoldcoretop_seds_2over3under10_deep"
"1458",-5.43882172228086,18.2940269616021,27.0821652866796,34.2012403511376,54.1852457474342,47.97722691,19.0795001068227,8.68510804411159,10.0422297700435,8.99965056632038,34.1412576943351,16.62920237,61.549027588566,6.73336680109768,8.33643762846142,3.04837611115597,76.1351954341564,16.7175310187379,1.58826012668194,0.67231711127505,1.9285467001764,1.16837770125232,16.0051710341452,0.0728745621097176,0.196685026553117,0.935139166294598,0.5374651764721,0.917555815702014,0.036085431939173,0.990745874380819,2.31,2.98,3.662,1,"noRSnocoldcoretop_seds_2over3under10_deep_9","noRSnocoldcoretop_seds_2over3under10_deep"
"1459",-4.59180529082046,18.2940269616021,27.1073653588387,34.2012403511376,54.1834364014044,47.97722691,19.0786504669557,9.45671704205075,10.0469065287883,8.88014192316747,34.1412576943351,16.62920237,61.549027588566,6.59434463125446,8.34612859040051,3.04709587098949,76.1352122839752,16.7508388732587,1.58987883912336,0.667847160531958,1.36277929459108,1.54832042668968,16.0804630989475,0.0816554245764356,0.196685026553117,0.934942170522605,0.546856237831024,0.902460889024465,0.0378763339818619,0.991076479342142,2.32,2.98,3.376,1,"noRSnocoldcoretop_seds_2over3under10_deep_10","noRSnocoldcoretop_seds_2over3under10_deep"
"1460",-4.59180529082046,18.2940269616021,27.0821652866796,34.2012403511376,54.1834364014044,47.97722691,19.0786504669557,9.45671704205075,10.1237157506595,8.88014192316747,34.1412576943351,16.62920237,61.549027588566,6.59434463125446,8.33640357869428,3.04607027338618,76.1352122839752,16.7232606641827,1.58987883912336,0.67231711127505,1.36277929459108,1.54862904060208,16.0051710341452,0.0827120766249487,0.196685026553117,0.935160016900131,0.537674520561804,0.902915495361083,0.0378485191423994,0.991081658589621,2.32,2.98,3.383,1,"noRSnocoldcoretop_seds_2over3under10_deep_11","noRSnocoldcoretop_seds_2over3under10_deep"
"1461",-4.59180529082046,18.2940269616021,27.0821652866796,34.2012403511376,54.1834364014044,47.97722691,19.0786504669557,9.45671704205075,10.0469065287883,8.88014192316747,34.1412576943351,16.6346286160919,61.549027588566,6.59434463125446,8.33643762846142,3.049541894,76.1352122839752,16.7231848781104,1.58987883912336,0.675743405631821,1.36156945125015,1.54844176594128,16.0051710341452,0.0827080439569416,0.196685026553117,0.934942170522605,0.517345032002092,0.902915495361083,0.0357040166640678,0.991081658589621,2.32,2.98,3.386,1,"noRSnocoldcoretop_seds_2over3under10_deep_12","noRSnocoldcoretop_seds_2over3under10_deep"
"1462",-4.59180529082046,18.2940269616021,27.0821652866796,34.2012403511376,54.1834364014044,47.97722691,19.0786504669557,9.45671704205075,10.0469065287883,8.88014192316747,34.1412576943351,16.62920237,61.549027588566,6.59434463125446,8.33643762846142,3.049541894,76.1352122839752,16.7231848781104,1.58987883912336,0.67231711127505,1.36277929459108,1.54844176594128,16.0051710341452,0.0816554245764356,0.196685026553117,0.934942170522605,0.546856237831024,0.902915495361083,0.0378763339818619,0.991081658589621,2.32,2.98,3.388,1,"noRSnocoldcoretop_seds_2over3under10_deep_13","noRSnocoldcoretop_seds_2over3under10_deep"
"1463",-4.59180529082046,18.3655883453126,27.0821652866796,34.2012403511376,54.1834364014044,47.97722691,19.0786504669557,9.45671704205075,10.0469065287883,8.88014192316747,34.1394509173899,16.62920237,61.549027588566,6.59434463125446,8.33643762846142,3.049541894,76.1352122839752,16.7231848781104,1.58987883912336,0.67231711127505,1.34856893583855,1.54844176594128,16.0051710341452,0.0816554245764356,0.196685026553117,0.934942170522605,0.53734017311328,0.902915495361083,0.0378763339818619,0.991081658589621,2.32,2.98,3.394,1,"noRSnocoldcoretop_seds_2over3under10_deep_14","noRSnocoldcoretop_seds_2over3under10_deep"
"1464",-4.60116373021402,18.2940269616021,27.0821652866796,34.2012403511376,54.1835323031981,47.97722691,19.0785213755445,9.47192275396978,10.0469276188317,8.88014192316747,34.1412576943351,16.6360135412621,61.549027588566,6.59434463125446,8.33643762846142,3.049541894,76.1346642535073,16.7231848781104,1.58817667165578,0.672115740676969,1.94285300993798,1.54844176594128,16.0052900012689,0.0718190273532776,0.196685026553117,0.934932275611944,0.546633954754365,0.904572373573577,0.0378763339818619,0.991081658589621,2.32,2.99,3.238,1,"noRSnocoldcoretop_seds_2over3under10_deep_15","noRSnocoldcoretop_seds_2over3under10_deep"
"1465",-4.60116373021402,18.2940269616021,27.0821652866796,34.2012403511376,54.1835323031981,47.97722691,19.0785213755445,9.39961551110293,10.0469276188317,8.88014192316747,34.1412576943351,16.6360135412621,61.549027588566,6.59434463125446,8.33643762846142,3.049541894,76.134654818511,16.7233954176024,1.58817667165578,0.672115740676969,1.94285300993798,1.54844176594128,16.0052900012689,0.0717354688942273,0.196685026553117,0.934933229266419,0.546633954754365,0.904572373573577,0.0378763339818619,0.991081658589621,2.32,2.99,3.241,1,"noRSnocoldcoretop_seds_2over3under10_deep_16","noRSnocoldcoretop_seds_2over3under10_deep"
"1466",-4.79142871347188,18.1821354454843,28.0515870684303,34.2012403511376,54.1852457474342,47.6886112129123,19.0822712201023,10.7959223623229,9.96710640083973,8.87975430053458,34.1412576943351,16.62920237,61.549027588566,6.59434463125446,8.33661227327743,3.049541894,76.1352122839752,16.7175310187379,1.58826012668194,0.278912195830198,1.9285467001764,1.09992878914097,15.9721244723917,0.0598900406099376,0.198236254572743,0.940593876411809,0.537696997814868,0.904505679043468,0.0357899053708603,0.991093702846485,2.32,2.99,3.476,1,"noRSnocoldcoretop_seds_2over3under10_deep_17","noRSnocoldcoretop_seds_2over3under10_deep"
"1467",-3.98770091871476,18.3620190440148,27.0821652866796,32.5869188092086,54.1853380753358,47.97722691,18.9185488064032,9.35352203857723,10.04220868,8.7380620130462,34.6117078076641,16.541005230658,61.5758798354476,6.80421474404935,8.39697471506916,3.049541894,76.3175671995113,16.6346513202415,1.90368883319143,0.630848110568377,1.3486414952793,1.5444698036791,16.0055848752121,0.0484433762580739,0.192453757504105,0.935155681379526,0.54783261809171,0.903127567232318,0.0359237659819291,0.991093702846485,2.31,3,3.31,1,"noRSnocoldcoretop_seds_2over3under10_deep_18","noRSnocoldcoretop_seds_2over3under10_deep"
"1468",-4.59180529082046,18.3401661194026,27.0466997780666,34.2012403511376,54.1835152426666,47.97722691,19.0786504669557,9.55699004188096,10.0423556999962,8.88009028930848,34.1781424590892,16.6300297697702,61.549027588566,6.81318962038155,8.39375636687071,3.0480442860581,76.1371449095523,16.7173919682562,1.58987883912336,0.67231711127505,1.36277929459108,1.54844176594128,16.0051710341452,0.0816554245764356,0.196685026553117,0.934950530314318,0.546856237831024,0.902915495361083,0.0378763339818619,0.991081658589621,2.31,3,3.361,1,"noRSnocoldcoretop_seds_2over3under10_deep_19","noRSnocoldcoretop_seds_2over3under10_deep"
"1469",-4.52358403918328,18.3625449703438,27.0784902462314,32.8612030532849,54.2019056649487,47.97722691,19.0888703259884,10.8069222392408,10.04220868,8.73716972609588,34.1435640062612,16.5116706862432,61.5756385526347,6.59619033820122,8.33300513926975,3.049541894,76.3201552807194,16.6395753093761,1.8995006549258,0.301536529521353,1.33683413549589,1.17909562498691,16.0055891869339,0.0495788571520119,0.19663891050277,0.935155681379526,0.550648185982334,0.903130720904652,0.0359837704674685,0.991093702846485,2.29,3.01,3.457,1,"noRSnocoldcoretop_seds_2over3under10_deep_20","noRSnocoldcoretop_seds_2over3under10_deep"
"1470",-4.52358403918328,18.3625456355372,27.19957207026,34.2012403511376,54.2019056649487,47.97722691,19.0824685670349,10.8069222392408,10.04220868,8.8328409867421,34.1435640062612,16.6304854483058,61.549027588566,6.59619033820122,8.33641954857207,3.049541894,76.3201552807194,16.6037277703322,1.56723428764805,0.304660798970695,1.33683413549589,1.54844176594128,16.0051369212753,0.0548129714297002,0.19663891050277,0.935159338442359,0.543924618866136,0.902843175516187,0.0359837704674685,0.990743066790887,2.3,3.01,3.402,1,"noRSnocoldcoretop_seds_2over3under10_deep_21","noRSnocoldcoretop_seds_2over3under10_deep"
"1471",-4.58963166032216,19.7052662915387,27.0821652866796,32.5963766171157,54.1851799560768,47.9699273630922,19.079179196179,9.43840474084426,10.1301270752786,8.88402085345458,34.1373941342164,16.6279758383447,61.54850464413,6.59434463125446,8.35038648064267,3.04865685917478,76.3535862762132,16.6864298409953,1.58996229414952,1.41189878679333,1.34860066956853,1.59470838195548,16.0128072943456,0.357538933554573,0.192484685639845,0.935157694914709,0.549126749902124,0.917635642087087,0.0359272899895956,0.991084936138762,2.31,3.01,3.206,1,"noRSnocoldcoretop_seds_2over3under10_deep_22","noRSnocoldcoretop_seds_2over3under10_deep"
"1472",-3.92354533338333,18.3632319082245,27.0821652866796,34.2012403511376,54.1851799560768,47.9671954527997,18.910017879123,10.8069222392408,10.0405032888636,8.88014192316747,34.1395027162322,16.62920237,61.549027588566,6.59442694591711,8.33622455112193,3.049541894,76.3448936222501,16.7175310187379,1.58986420769407,0.668376284463106,1.3486414952793,1.5484533438989,16.0051710341452,0.0827109593328755,0.196685026553117,0.935155681379526,0.537516364680815,0.916152562149729,0.0359272899895956,0.991093702846485,2.31,3.01,3.296,1,"noRSnocoldcoretop_seds_2over3under10_deep_23","noRSnocoldcoretop_seds_2over3under10_deep"
"1473",-3.98770091871476,18.3625456355372,27.0176184550565,34.2012403511376,54.1851799560768,47.97722691,18.9185488064032,10.818252591613,10.04220868,8.86654615628175,34.0853122921731,16.5417272854945,61.549027588566,6.59619801964763,8.33300513926975,3.049541894,76.4756367325937,16.6395753093761,1.65315260842906,0.270838487794319,1.3486414952793,1.54844176594128,16.0051710341452,0.0827109593328755,0.196685026553117,0.935241835916918,0.537504215686361,0.902852711872266,0.00949000718098101,0.991093702846485,2.31,3.01,3.351,1,"noRSnocoldcoretop_seds_2over3under10_deep_24","noRSnocoldcoretop_seds_2over3under10_deep"
"1474",-5.21669146131788,21.1443568365793,30.5323817895828,32.7896791716814,58.0701938317981,54.331791101376,19.2670395174984,11.6230336096266,13.2956469062862,11.0123262639674,26.012633139508,20.8120249639222,55.6394042685454,6.55660124616862,9.11239284672764,3.02438649314743,76.26114405,15.048655956229,5.92553567602363,0.19727087808689,0.0419982751958516,0.362382331767244,39.8625936334295,0.143543834628097,0.113645504646121,0.50963563910449,0.531957477125695,0.977723904248203,0.0440573629915966,0.538759106,2.32,3.01,3.068,1,"noRSnocoldcoretop_seds_2over3under10_deep_25","noRSnocoldcoretop_seds_2over3under10_deep"
"1475",-3.98770091871476,18.3620598065258,27.0821652866796,32.4929660003373,54.1853380753358,47.97722691,18.9185488064032,9.35352203857723,10.04220868,8.7380620130462,34.6117078076641,16.541005230658,61.5758798354476,6.80421474404935,8.39697471506916,3.049541894,76.135553929053,16.6346513202415,1.90507535621805,1.42677256788167,1.95048671271713,1.1797870163341,16.0055840538267,0.0726406976901647,0.196637911102116,0.935155681379526,0.54783261809171,0.903117051991461,0.0359274994025176,0.991093702846485,2.28,3.02,3.212,1,"noRSnocoldcoretop_seds_2over3under10_deep_26","noRSnocoldcoretop_seds_2over3under10_deep"
"1476",-3.98770091871476,18.3621428237913,27.0821652866796,32.5869188092086,54.1853380753358,47.97722691,18.9185488064032,9.35352203857723,10.04220868,8.7380620130462,34.6117078076641,16.541005230658,61.5758798354476,6.80421474404935,8.39697471506916,3.049541894,76.3175671995113,16.6346513202415,1.90368883319143,1.41996249343454,1.3486414952793,1.1797870163341,16.0055840538267,0.0484433762580739,0.192453757504105,0.935155681379526,0.54783261809171,0.903127567232318,0.0360310413826226,0.991093702846485,2.28,3.02,3.258,1,"noRSnocoldcoretop_seds_2over3under10_deep_27","noRSnocoldcoretop_seds_2over3under10_deep"
"1477",-4.80081833886557,19.7767146218305,27.2053306022768,34.2012403511376,54.1833491431452,47.97722691,19.0824003115135,10.9062956262758,10.0422562433772,8.88014192316747,34.1513062218743,16.62920237,61.549027588566,6.59434463125446,8.33643762846142,3.049541894,76.1352122839752,16.8029627552104,1.58996229414952,0.67231711127505,1.34860440578367,1.54844176594128,16.0039828321508,0.0547951395808651,0.196704836245709,0.934933314829575,0.544201275188934,0.902852734222774,0.0359272899895956,0.99073993608132,2.29,3.02,3.416,1,"noRSnocoldcoretop_seds_2over3under10_deep_28","noRSnocoldcoretop_seds_2over3under10_deep"
"1478",-4.79097094625122,19.7649013193854,27.1990882083956,34.2012403511376,54.1851799560768,47.97722691,19.0824003115135,10.8736444320279,10.04220868,8.88014192316747,34.1513062218743,16.62920237,61.549027588566,6.59434463125446,8.33643762846142,3.049541894,76.1352122839752,16.7033543420851,1.58996229414952,0.67231711127505,1.3485467446165,1.54844176594128,16.0039193173839,0.0815807192343728,0.196704836245709,0.934933314829575,0.544612489817106,0.902852734222774,0.0359272899895956,0.991087525412131,2.29,3.02,3.419,2,"noRSnocoldcoretop_seds_2over3under10_deep_29","noRSnocoldcoretop_seds_2over3under10_deep"
"1479",-4.59449928524453,19.7473236407817,27.1990882083956,34.2012403511376,54.1838144014104,47.97722691,19.0824003115135,10.879231770388,10.04220868,8.88014192316747,34.1516022726027,16.6348149612995,61.549027588566,6.59434463125446,8.33643762846142,3.049541894,76.1352122839752,16.7460021525042,1.58996229414952,0.297371889057805,1.34877071824016,1.54844176594128,16.0052218251419,0.0544682893889789,0.196704836245709,0.934933314829575,0.544963697992018,0.902852734222774,0.0359272899895956,0.991086893927682,2.29,3.02,3.467,2,"noRSnocoldcoretop_seds_2over3under10_deep_30","noRSnocoldcoretop_seds_2over3under10_deep"
"1480",-4.52358403918328,18.3625456355372,27.0784445809831,34.2012403511376,54.2019056649487,47.97722691,19.0888703259884,10.8069222392408,10.04220868,8.83425846373332,34.1435640062612,16.5116706862432,61.549027588566,6.59619033820122,8.33300513926975,3.049541894,76.3201552807194,16.6395753093761,1.56734594018598,0.301536529521353,1.33683413549589,1.54844176594128,16.0051710341452,0.0796902606849481,0.19663891050277,0.935155681379526,0.550648185982334,0.902843175516187,0.0359837704674685,0.991093702846485,2.3,3.02,3.399,1,"noRSnocoldcoretop_seds_2over3under10_deep_31","noRSnocoldcoretop_seds_2over3under10_deep"
"1481",-4.79097094625122,19.8185856973144,27.2005595548453,34.2012403511376,54.1851799560768,48.2429728827506,19.0824609131604,10.8788033181558,10.0410521317546,8.88014192316747,34.141256857099,16.62920237,61.549027588566,6.59434463125446,8.33619318978901,3.049541894,76.1352122839752,16.7932090527784,1.58996229414952,0.669795346263481,1.3485467446165,1.55016187940701,16.0039555288163,0.0544682893889789,0.196933953278146,0.934939450682468,0.544201275188934,0.917850787273287,0.0359272899895956,0.99073993608132,2.28,3.03,3.408,2,"noRSnocoldcoretop_seds_2over3under10_deep_32","noRSnocoldcoretop_seds_2over3under10_deep"
"1482",-4.91204834382781,18.3621428237913,27.0821652866796,32.5869188092086,54.1853380753358,47.97722691,18.9185488064032,9.35352203857723,10.04220868,8.7380620130462,34.6117078076641,16.541005230658,61.5758798354476,6.80421474404935,8.39697471506916,3.049541894,76.3175671995113,16.6346513202415,1.90368883319143,1.41996249343454,1.3486414952793,1.1797870163341,16.0055840538267,0.0484433762580739,0.192453757504105,0.935155681379526,0.54783261809171,0.903127567232318,0.0360310413826226,0.991093702846485,2.26,3.04,3.241,1,"noRSnocoldcoretop_seds_2over3under10_deep_33","noRSnocoldcoretop_seds_2over3under10_deep"
"1483",-4.74881181157411,18.2940269616021,27.0084647428695,32.8396835687945,53.998925600278,47.97722691,19.0822712201023,10.7959223623229,10.0422297700435,8.88014192316747,34.1412576943351,16.5479667242004,61.549027588566,6.55397558541371,8.33891175735016,3.049541894,76.1352122839752,16.7175310187379,1.58826012668194,0.666848525663236,1.9285467001764,1.54100034176347,16.9526198062173,0.0278568845797066,0.196685026553117,0.935139166294598,0.5374651764721,0.904505679043468,0.0357077938653546,0.991093702846485,2.29,3.05,3.168,1,"noRSnocoldcoretop_seds_2over3under10_deep_34","noRSnocoldcoretop_seds_2over3under10_deep"
"1484",-6.23327504114278,19.5842479796944,28.0965565907435,32.8230466163602,47.4162482754679,61.7980116168447,20.3882898520339,10.0549878830834,13.6265255461841,10.4946878905712,26.2483356339348,20.2625268924387,53.4072116743726,6.21036893882009,8.06168349058068,3.00465614812671,63.9102838804891,27.917522906643,8.20185154480158,0.291147435713665,0.173839850029031,0.28448311827394,40.1057898420462,0.863939923399666,0.129502784,0.940693217940478,0.515948238469167,0.920596262123123,0.0101403570184139,0.600543704787744,2.72,3.06,2.67,1,"noRSnocoldcoretop_seds_2over3under10_deep_35","noRSnocoldcoretop_seds_2over3under10_deep"
"1485",-4.97834566394444,19.8027844317255,27.0821652866796,34.2010110822392,54.1851799560768,47.97722691,18.9120787919282,10.8069222392408,10.04220868,8.88014192316747,34.1412576943351,16.62920237,61.549027588566,6.5959486049376,8.33643762846142,3.049541894,76.1352122839752,16.7175310187379,1.87380016335518,1.39344261654514,1.3486414952793,1.54792465728826,17.2549255777451,0.0966502464062674,0.196085399342715,0.93493325934101,0.702455824337678,0.90227438545428,0.0360871540171966,0.991093702846485,2.29,3.07,3.193,1,"noRSnocoldcoretop_seds_2over3under10_deep_36","noRSnocoldcoretop_seds_2over3under10_deep"
"1486",-4.79097094625122,19.7767146218305,27.1990882083956,34.2012403511376,54.1851799560768,47.97722691,19.0824003115135,10.8788033181558,10.04220868,8.88014192316747,34.1513062218743,16.62920237,61.549027588566,6.59434463125446,8.33643762846142,3.049541894,76.1352122839752,15.5324725326832,1.58996229414952,0.67231711127505,1.3485467446165,1.54844176594128,16.0039563474332,0.0544682893889789,0.196704836245709,0.934933314829575,0.544201275188934,0.902852734222774,0.0359272899895956,0.99073993608132,2.25,3.09,3.597,2,"noRSnocoldcoretop_seds_2over3under10_deep_37","noRSnocoldcoretop_seds_2over3under10_deep"
"1487",-4.95323277842614,18.3621428237913,27.0821652866796,32.817319862102,54.1872912635169,47.97722691,18.909799719447,9.3004577225116,10.04220868,8.73624185182334,34.6117078076641,16.541005230658,61.5758798354476,6.80421474404935,8.39697471506916,3.049541894,76.3175671995113,15.4894508441968,1.90351517024429,1.41996249343454,1.33228755054466,1.1797870163341,16.0055840538267,0.0484433762580739,0.196072482979781,0.935155681379526,0.704111980815598,0.903127567232318,0.0360310413826226,0.991093702846485,2.26,3.1,3.421,1,"noRSnocoldcoretop_seds_2over3under10_deep_38","noRSnocoldcoretop_seds_2over3under10_deep"
"1488",-4.75749302074776,18.2940269616021,27.0821652866796,34.2012403511376,54.1852457474342,47.97722691,19.0811424098373,10.7933373334991,10.0422297700435,8.88014192316747,34.1412576943351,16.6292862618273,61.549027588566,6.59434463125446,8.33643762846142,3.03842808278897,76.1352122839752,16.7175310187379,1.89209528931462,1.37096237099957,1.9285467001764,1.15211565800402,16.9319445977518,0.0728745621097176,0.196784108607356,0.935139166294598,0.5374651764721,0.904556174029496,0.0359272899895956,0.991093702846485,2.28,3.1,3.144,1,"noRSnocoldcoretop_seds_2over3under10_deep_39","noRSnocoldcoretop_seds_2over3under10_deep"
"1489",-4.71014408391242,19.9165624835828,27.198211004115,34.2012374353994,54.2097166120015,47.97722691,19.0823975961969,10.8771207430848,10.0156210456965,8.88010234948408,34.1515871872356,16.62920237,61.5490230893733,6.60017920149457,8.34539298318454,3.04497655968843,77.0072267254578,15.5151717468375,1.87832841732076,0.649101451549885,1.36113626738465,1.53972410782242,15.97380282,0.0823559871843731,0.196079186651011,0.953963342069221,0.546093598073931,0.916594011117452,0.0360884485203542,0.990732087,2.25,3.11,3.365,1,"noRSnocoldcoretop_seds_2over3under10_deep_40","noRSnocoldcoretop_seds_2over3under10_deep"
"1490",-4.78356989083225,19.776404447999,27.1990675536884,34.2018996771685,54.1851799560768,47.97722691,19.0824003115135,10.8788033181558,10.04220868,8.87187214458462,34.1513062218743,16.62920237,61.549027588566,6.81387522638925,8.3521327495776,3.049541894,76.1352122839752,15.6602335713471,1.58874782841346,0.709616587184057,1.9499785936913,1.16349695894197,15.9732483318561,0.0544682893889789,0.196069578019094,0.934933314829575,0.551722864299036,0.902852734222774,0.0359272899895956,0.99073993608132,2.25,3.11,3.487,1,"noRSnocoldcoretop_seds_2over3under10_deep_41","noRSnocoldcoretop_seds_2over3under10_deep"
"1491",-4.79097094625122,19.7767146218305,27.0779607191187,34.2012403511376,54.1851799560768,47.97722691,19.088802070467,10.8788033181558,10.04220868,8.88155940015869,34.1513062218743,16.5103876079373,61.549027588566,6.59434463125446,8.3330232191591,3.049541894,76.1352122839752,15.5683200717271,1.59007394668745,0.669192841832477,1.3485467446165,1.54844176594128,16.0039904603031,0.0793455786442267,0.196704836245709,0.934929657766742,0.550924842305132,0.902852734222774,0.0359272899895956,0.991090572136918,2.26,3.11,3.594,2,"noRSnocoldcoretop_seds_2over3under10_deep_42","noRSnocoldcoretop_seds_2over3under10_deep"
"1492",-4.94952712531608,19.6979265663676,27.0620680769722,34.22870203,54.2481423895752,47.97722691,19.0785781,9.48909292338704,10.0465911816541,8.93292157515807,34.1536120742027,16.62920237,61.3733615157868,6.816071297,8.35048590215453,3.04281648215763,76.1342278513074,15.4831319999729,1.5845576021176,1.41680213052319,1.95413618268426,1.51387162767544,17.306240874954,0.358869421419232,0.196085346,0.934928943,0.701836256353507,0.917202543106789,0.0360931505600782,0.990731250782993,2.25,3.14,3.185,1,"noRSnocoldcoretop_seds_2over3under10_deep_43","noRSnocoldcoretop_seds_2over3under10_deep"
"1493",-6.06152691442012,19.6163095911821,28.0961958151544,32.4799586728126,47.4190396322652,61.8024961505465,20.3855805036733,11.3021906233261,13.5966350750941,10.5069399564493,26.2426500705859,20.2621755772714,53.4101377009571,6.17549740299148,8.06164195099222,3.20530558949903,63.7913433318974,27.917086651356,7.92274352050117,0.286977896514631,0.173462921458073,0.785815695046561,40.1802551212206,0.25636125922809,0.140251545074208,0.931601554823559,0.328083115109639,0.920552229,0.0101516354849391,0.605259126996602,2.64,3.22,2.646,2,"noRSnocoldcoretop_seds_2over3under10_deep_44","noRSnocoldcoretop_seds_2over3under10_deep"
"1494",-4.40737644110827,21.0411103598057,29.0291377709785,32.8358558209335,58.0690085064719,58.3677645462261,20.1594876146319,11.5991567560312,11.4679136546599,11.2063853340546,26.04741485489,20.8073962453734,55.3993314812197,6.57081242888555,8.35224416986385,3.15616426013752,73.2575721647723,17.0312704374679,7.85499586620433,0.879504131810744,0.189680230492002,0.316926687254502,39.7044685823159,0.723675750150206,0.0694508942603961,0.509492873260643,0.488420129437224,0.917277707084994,0.0103086022615568,0.544054745081923,2.37,3.26,2.789,1,"noRSnocoldcoretop_seds_2over3under10_deep_45","noRSnocoldcoretop_seds_2over3under10_deep"
"1495",-4.60955022171907,18.3093070796527,27.0295148454214,34.22870203,54.2481423895752,47.97722691,19.0785781,11.5993479054184,10.1300979073523,8.93068925671921,34.3258733927388,16.62920237,61.3733615157868,6.59456104925704,8.34590137491639,3.04938646404516,76.3533710259306,15.4831635689327,1.88279720382986,1.40171339613366,1.95413618268426,1.51408705180564,16.0542786353923,0.0641868936028915,0.196039215563312,0.934928943,0.701855167138309,0.917632170960007,0.0360931505600782,0.990732087,2.28,3.28,3.139,1,"noRSnocoldcoretop_seds_2over3under10_deep_46","noRSnocoldcoretop_seds_2over3under10_deep"
"1496",-6.2477136240285,19.6619106843384,28.0960379271031,32.8228264023092,47.4189693625262,61.8001332600917,20.3882518989579,11.2553522480155,13.596647277194,10.50191535,26.2834627598371,20.2625974270688,53.3814694821475,6.17549740299148,8.06259197328079,3.20832831816183,63.7942024781516,27.8723823628221,7.90093272267097,0.286808525077351,0.173560163455446,0.782083748727428,40.1847504894324,0.20967271709631,0.139110769733432,0.933280327464864,0.53648279823214,0.98012893778607,0.0101516354849391,0.609074648132795,2.64,3.29,2.624,1,"noRSnocoldcoretop_seds_2over3under10_deep_47","noRSnocoldcoretop_seds_2over3under10_deep"
"1497",-6.04949466783809,19.6604207620722,28.0746344298971,33.1708571316447,47.4191001715879,61.800643674512,20.389565333424,11.2525163763968,13.5900890108807,10.5176596778093,26.1036340070607,20.2623951862499,53.3789389617628,6.18822155839344,8.06254852916114,3.21839461242489,63.7929332501159,27.917086651356,7.89699269402229,0.282273818742398,0.173726578910388,0.740051278803703,40.1892642280103,0.210833362446743,0.139208820370495,0.945521316890189,0.508725230142652,0.920552229,0.0201945902035137,0.607671738840239,2.64,3.29,2.624,1,"noRSnocoldcoretop_seds_2over3under10_deep_48","noRSnocoldcoretop_seds_2over3under10_deep"
"1498",-6.06152691442012,19.6163095911821,28.0961958151544,32.495852473025,47.4190396322652,61.8006319178325,20.3855805036733,11.3021906233261,13.5966350750941,10.5069399564493,26.1002545966061,20.2844917435289,53.4050603899371,6.17549740299148,8.04859305136406,3.20530558949903,63.7930241484672,27.917086651356,7.90086965340628,0.286977896514631,0.173462921458073,0.785815695046561,40.1848000311343,0.216285026285356,0.139208820370495,0.931601554823559,0.508653157280613,0.920552229,0.0101516354849391,0.605259126996602,2.64,3.29,2.629,1,"noRSnocoldcoretop_seds_2over3under10_deep_49","noRSnocoldcoretop_seds_2over3under10_deep"
"1499",-6.2477136240285,19.6619097653848,28.0959348228738,32.8229285749702,47.4189018849661,61.8001598109619,20.3882518989579,11.2553522480155,13.596647277194,9.94953242233374,26.2834627598371,20.2625974270688,53.3814694821475,6.17549740299148,8.06259197328079,3.19722736752206,63.9081067790785,27.8734312024795,7.89043818135928,0.281432474622271,0.173560163455446,0.782083748727428,40.1850060164543,0.209346700110565,0.138998019978381,0.933280327464864,0.53648279823214,0.922632190178309,0.00882271133285815,0.607507232834186,2.64,3.3,2.619,1,"noRSnocoldcoretop_seds_2over3under10_deep_50","noRSnocoldcoretop_seds_2over3under10_deep"
"1500",-6.06152691442012,19.6619106843384,28.0961958151544,32.8218907522026,47.4189693625262,61.8006075060602,20.3882518989579,11.2547387973171,13.5966350750941,10.5020081545203,26.0724216515102,20.26248228,53.3809657077562,6.17549740299148,8.06251500191146,3.20530558949903,63.7941734407348,27.9172230767269,7.90087852142529,0.286808666544772,0.173560163455446,0.769638821069568,40.1849262149299,0.216275056896454,0.139215144620247,0.931616518,0.508124092572992,0.920552229,0.0101516354849391,0.554951213348459,2.64,3.3,2.625,2,"noRSnocoldcoretop_seds_2over3under10_deep_51","noRSnocoldcoretop_seds_2over3under10_deep"
"1501",-6.05857167281604,19.6147423426402,28.0961958151544,32.4967881231316,47.4190781704038,61.8025433174714,20.3856141592013,11.3021906233261,13.5966350750941,10.506847151929,26.1021181056945,20.2614179320713,53.4054260809278,6.17549740299148,8.04872950777964,3.20530558949903,63.7930196891753,27.917086651356,7.90086965340628,0.286977755047211,0.173462921458073,0.785643673687646,40.0959982053701,0.259386089997968,0.139208820370495,0.931601554823559,0.537011862939761,0.920552229,0.0101516354849391,0.60513551906003,2.63,3.31,2.628,1,"noRSnocoldcoretop_seds_2over3under10_deep_52","noRSnocoldcoretop_seds_2over3under10_deep"
"1502",-6.06152691442012,19.6163095911821,28.0961958151544,32.4967881231316,47.4190396322652,61.8001575117722,20.3855805036733,11.3021906233261,13.5966350750941,10.506847151929,26.1021181056945,20.2844917435289,53.4050965505185,6.17549740299148,8.04863352634091,3.20530558949903,63.7930196891753,27.917086651356,7.90086965340628,0.286977755047211,0.173462921458073,0.785815695046561,40.1848015754735,0.209682686485212,0.139208820370495,0.931601554823559,0.537011862939761,0.920552229,0.0101516354849391,0.605259126996602,2.64,3.31,2.628,1,"noRSnocoldcoretop_seds_2over3under10_deep_53","noRSnocoldcoretop_seds_2over3under10_deep"
"1503",-6.21602828431651,19.6162629268681,28.0923054194948,32.495852473025,47.4190396322652,61.8006441397327,20.3855805036733,11.3021906233261,13.5960851559075,10.5069399564493,26.1002545966061,20.2844917435289,53.332976995809,6.17549740299148,8.061853371768,3.20494694288653,63.7867057891633,27.9142495117789,7.89998572712139,0.286745071604648,0.173462921458073,0.786345038148237,40.1874185913105,0.216285026285356,0.139208820370495,0.931601554823559,0.523624168884385,0.920369132184336,0.0101516354849391,0.605259126996602,2.64,3.31,2.633,2,"noRSnocoldcoretop_seds_2over3under10_deep_54","noRSnocoldcoretop_seds_2over3under10_deep"
"1504",-6.22738271381775,19.6187978600115,28.090504077792,32.8229877931757,47.4175261611627,61.9541902068725,20.3883211499217,11.3047724634537,13.5968357698594,9.93437428800175,26.0222980091897,20.6531003217335,53.3336715306407,6.50534017191562,7.72276344794657,3.05688180189823,63.7929539193974,27.9011532414335,7.87330682931429,0.282302600984476,0.166357552516152,1.08943247653382,40.190585038799,0.0155712987826645,0.129215759850239,0.71461720012098,0.33929390921028,0.921234179301751,0.010142182,0.607450476937174,2.58,3.32,2.648,1,"noRSnocoldcoretop_seds_2over3under10_deep_55","noRSnocoldcoretop_seds_2over3under10_deep"
"1505",-6.22738271381775,19.6332729961818,28.0917905733267,32.82304758,47.41705031,61.8021678198179,20.3881798435005,11.3035433398848,13.5970877651146,9.94326322682131,26.2358593240011,20.6471807794408,53.3344996301164,6.50534017191562,7.7111523124369,3.06048896251839,63.7929539193974,27.8612911900143,7.89627166170951,0.282192710463646,0.165859120150524,0.784919481294439,40.1906136860755,0.0155712987826645,0.129502784,0.92716875792474,0.339278980887175,0.920593936351015,0.010142182,0.607450476937174,2.59,3.32,2.644,1,"noRSnocoldcoretop_seds_2over3under10_deep_56","noRSnocoldcoretop_seds_2over3under10_deep"
"1506",-6.06201526632491,19.6163095911821,28.0913273863679,32.4940991984421,47.4190396322652,61.8001575117722,20.3855805036733,11.3021906233261,13.5966350750941,10.506847151929,26.1021181056945,20.2640766236483,53.4050965505185,6.17426416506913,8.04863352634091,3.19450928744431,63.7925866717568,27.9167322838862,7.89311188336725,0.286977755047211,0.173462921458073,0.785815695046561,40.1848015754735,0.209682686485212,0.139208820370495,0.931601554823559,0.537011862939761,0.920552229,0.0101516354849391,0.605259126996602,2.64,3.32,2.628,1,"noRSnocoldcoretop_seds_2over3under10_deep_57","noRSnocoldcoretop_seds_2over3under10_deep"
"1507",-6.06152691442012,19.6163095911821,28.0961958151544,32.4967881231316,47.4190396322652,61.8001575117722,20.3855805036733,11.3021819910744,13.5966350750941,10.506847151929,26.1021181056945,20.2619730134127,53.4028772496613,6.17549740299148,8.04863352634091,3.21103458071046,63.7930196891753,27.917086651356,7.90086965340628,0.28725395606888,0.173462921458073,0.787364152634332,40.1804557567753,0.209682686485212,0.139186899335503,0.931601554823559,0.537011862939761,0.920552229,0.0101516354849391,0.605259126996602,2.64,3.32,2.628,1,"noRSnocoldcoretop_seds_2over3under10_deep_58","noRSnocoldcoretop_seds_2over3under10_deep"
"1508",-6.22742639870933,19.6187970670201,28.090504077792,32.8231446428426,47.41705031,61.9593197985945,20.3884198999343,11.3048284356173,13.596829387496,9.96739250487109,26.2293501642445,20.6472464022596,53.3360034331091,6.47797119029824,8.06417593086172,3.0575240333265,63.79301626,27.9011442694263,7.89628510962062,0.285607161446707,0.173317275875055,0.785099361068468,40.1905895383196,0.010242616511634,0.129502784,0.934651502943764,0.333374191537586,0.920552229,0.010142182,0.60749711243135,2.59,3.33,2.63,1,"noRSnocoldcoretop_seds_2over3under10_deep_59","noRSnocoldcoretop_seds_2over3under10_deep"
"1509",-6.06152691442012,19.6163095911821,28.0961958151544,32.495852473025,47.4162407122921,61.8006319178325,20.3856387112047,11.3021906233261,13.5970307794784,10.5069925747262,26.1002545966061,20.2840753163737,53.4050603899371,6.20823635708562,8.04859305136406,3.00765531545913,63.7930241484672,27.917086651356,7.90086965340628,0.286977933658626,0.173462921458073,0.785815695046561,40.1825393416271,0.216285026285356,0.139208820370495,0.93183345887529,0.508653157280613,0.920552229,0.0101516354849391,0.605259126996602,2.62,3.33,2.636,2,"noRSnocoldcoretop_seds_2over3under10_deep_60","noRSnocoldcoretop_seds_2over3under10_deep"
"1510",-6.227426774,19.620090311945,28.0922279334068,32.8230552666774,47.4169096748059,61.8026547155421,20.3882911,11.30344485,13.5664900367737,10.0411747619081,26.2458667176692,20.263808272027,53.3296312104301,6.20283157143295,8.06154976238852,3.05644069928532,63.9215951080516,27.9692780495353,7.8964104971985,0.28271376277569,0.166153538453127,0.803443864063954,40.2565329523915,0.265902553038854,0.130382855826139,0.933377481119486,0.524236333919123,0.920384598909067,0.0101180719210558,0.608515622732767,2.63,3.33,2.622,1,"noRSnocoldcoretop_seds_2over3under10_deep_61","noRSnocoldcoretop_seds_2over3under10_deep"
"1511",-6.227426774,19.6173429050444,28.0922279334068,32.8230552666774,47.4016004273304,61.8026547155421,20.3882911,11.30344485,13.5665288178212,10.0411747619081,26.2458667176692,20.263808272027,53.3296312104301,6.19945187304418,8.06154976238852,3.05644069928532,63.9215951080516,27.8762283951753,7.84667536839112,0.28271376277569,0.166153538453127,0.803222240133846,40.2773545000761,0.265902553038854,0.129502784,0.931696066817235,0.524236333919123,0.920384598909067,0.0101180719210558,0.608511716553395,2.63,3.33,2.624,1,"noRSnocoldcoretop_seds_2over3under10_deep_62","noRSnocoldcoretop_seds_2over3under10_deep"
"1512",-5.09144354,19.5864216643548,28.0766115461422,33.1815136574396,58.0844195412709,58.6581651068101,20.15934837,11.2989706521786,11.3135995037365,11.0400098303582,26.2397757805281,20.81233846,55.05777987,6.70525386459125,8.35253870069219,3.11299276193219,73.49380035,17.0055946119868,7.9521828198772,0.580419546546026,0.166411768802211,0.362486301630184,39.66647373,1.29567546491036,0.065140590340686,0.502672003128541,0.544815495683044,0.980930821015106,0.0181384700251201,0.321903782200509,2.43,3.34,2.707,1,"noRSnocoldcoretop_seds_2over3under10_deep_63","noRSnocoldcoretop_seds_2over3under10_deep"
"1513",-6.22735120825592,19.6604910932634,28.090504077792,32.82304758,47.41705031,61.9460899011634,20.3883211499217,11.3037440811031,13.5903378685444,9.94326322682131,26.0261680663211,20.6471807794408,53.3344996301164,6.50534017191562,7.71011395613258,3.05688180189823,63.7911048267223,27.9011532414335,7.89627166170951,0.282192710463646,0.166357552516152,1.10250181360037,40.2941244904839,0.0155712987826645,0.129502784,0.927418398703929,0.339278980887175,0.920593936351015,0.00874834525259062,0.607450476937174,2.59,3.35,2.644,1,"noRSnocoldcoretop_seds_2over3under10_deep_64","noRSnocoldcoretop_seds_2over3under10_deep"
"1514",-6.227426774,19.8178222315979,28.0905105104248,32.8230552666774,47.4170392785661,61.8016160937522,20.3879747443375,11.303423375951,13.5836413750546,9.94977824422185,26.0254343654372,20.2764792388518,53.3340435201298,6.54545911543933,8.061544118,3.05586612618804,63.7904604004901,27.9062319291423,7.84667417795632,0.281924390054877,0.16686419353597,0.785959479867014,40.0947828978939,0.266122076022116,0.129502784,0.931696066817235,0.3353577683638,0.920357838775471,0.010142182,0.60586001861044,2.57,3.37,2.64,1,"noRSnocoldcoretop_seds_2over3under10_deep_65","noRSnocoldcoretop_seds_2over3under10_deep"
"1515",-6.227426774,19.6187978600115,28.0905105104248,32.8228465021868,47.4016998323632,61.801605111561,20.3882911,11.303423375951,12.5569932946848,10.6035896162959,26.0228092025983,20.2620412295465,53.3338945150283,6.54546105928817,8.04861887250198,3.05290130882871,63.7930315168702,27.91251945994,7.84666899507894,0.282372316540898,0.166092780951172,0.785959479867014,40.0991345838527,0.266122076022116,0.129502784,0.931696066817235,0.3353577683638,0.920735016488348,0.010142182,0.60749711243135,2.56,3.38,2.729,2,"noRSnocoldcoretop_seds_2over3under10_deep_66","noRSnocoldcoretop_seds_2over3under10_deep"
"1516",-6.227426774,19.6187978600115,28.09068205801,32.8230552666774,47.4170392785661,61.8016205407587,20.3882911,11.303423375951,13.5840991481779,9.95871472301179,26.0267854390485,20.2765152277214,53.4505947873198,6.54591530013564,8.061544118,3.05543902048001,63.912882678012,27.8762290732178,7.84668405580716,0.281925375258078,0.166092780951172,0.785959479867014,40.099794128982,0.266122076022116,0.129502784,0.931696066817235,0.328907114184115,0.916974213286892,0.010142182,0.60749711243135,2.57,3.38,2.627,1,"noRSnocoldcoretop_seds_2over3under10_deep_67","noRSnocoldcoretop_seds_2over3under10_deep"
"1517",-5.96810845975627,19.6187978600115,28.0905105104248,32.8230552666774,47.4170392785661,61.8016160937522,20.3882911,11.303423375951,13.5842999590857,9.94987354585207,26.0255916766098,20.2765107991982,53.3338945150283,6.54546105928817,8.061544118,3.05543902048001,63.7930315168702,27.8762290732178,7.84667417795632,0.281924390054877,0.166092780951172,0.785959479867014,40.099794128982,0.266122076022116,0.129502784,0.931696066817235,0.3353577683638,0.916974213286892,0.010142182,0.60749711243135,2.57,3.38,2.659,1,"noRSnocoldcoretop_seds_2over3under10_deep_68","noRSnocoldcoretop_seds_2over3under10_deep"
"1518",-6.227426774,19.8151753678907,28.0905708602678,32.8230552666774,47.4170392785661,61.8016257146297,20.3879747443375,11.3762269141786,13.5978330651696,9.94977824422185,26.0254343654372,20.2764792388518,53.4100887886549,6.54847265114386,8.061544118,3.05586612618804,63.7904604004901,27.9055616887469,7.83677619802793,0.281924390054877,0.140559698790944,0.785959479867014,40.0947927283243,0.265852934012576,0.129502784,0.931696066817235,0.3353577683638,0.920354971305954,0.010142182,0.607620176096902,2.57,3.38,2.633,2,"noRSnocoldcoretop_seds_2over3under10_deep_69","noRSnocoldcoretop_seds_2over3under10_deep"
"1519",-6.227426774,19.6640059251728,28.0916821199257,32.8230237900542,47.4170392785661,61.8016160937522,20.3900339022345,11.3036118836248,13.6023629937643,9.93074386932902,26.245241104234,20.2621770049808,53.3338945150283,6.54546105928817,8.061544118,3.05543902048001,63.920430546877,27.918802840201,7.84667417795632,0.281009836634599,0.166092780951172,0.778096958570165,40.099794128982,0.266122076022116,0.130016499022947,0.932480334543972,0.3353577683638,0.916974213286892,0.010142182,0.605454597547763,2.57,3.39,2.632,2,"noRSnocoldcoretop_seds_2over3under10_deep_70","noRSnocoldcoretop_seds_2over3under10_deep"
"1520",-6.06152691442012,19.6613577943459,28.0962458626558,32.495852473025,47.4190396322652,61.8001111507229,20.3854397326651,11.7627495258403,13.5966983982094,10.5352250025159,26.1002545966061,20.2845651700059,53.3304116611458,6.18075857119848,8.04859305136406,3.18797074519814,63.7930241484672,27.915955013649,7.90086965340628,0.286977896514631,0.173498072956916,0.771848821320003,40.1848000311343,0.216285026285356,0.145034852020188,0.931639806945664,0.508653157280613,0.917637830383423,0.0101516354849391,0.605281870454689,2.62,3.39,2.63,2,"noRSnocoldcoretop_seds_2over3under10_deep_71","noRSnocoldcoretop_seds_2over3under10_deep"
"1521",-6.22743407589926,19.6634852398154,28.0905105104248,32.8230552666774,47.4170392785661,61.8001598641558,20.3882911,11.3034296013944,13.5778434572984,10.5261770048806,26.0255916766098,20.2624748368137,53.3338945150283,6.54315184446813,8.061544118,3.05543902048001,63.7892380375502,27.8766007239179,7.84667417795632,0.28256434450555,0.166092780951172,0.753183939196089,40.0989143423182,0.245904822913016,0.129502784,0.931696066817235,0.346976712649929,0.916974213286892,0.010142182,0.60749711243135,2.57,3.4,2.647,2,"noRSnocoldcoretop_seds_2over3under10_deep_72","noRSnocoldcoretop_seds_2over3under10_deep"
"1522",-6.22743407589926,19.6614499310068,28.0904985077775,32.8230552666774,47.4170392785661,61.8001598641558,20.3882911,11.3034296013944,13.5784422753025,10.5263204251128,26.0255916766098,20.2624748368137,53.3291823073912,6.54315184446813,8.061544118,3.05543902048001,63.7892380375502,27.8766007239179,7.89288271647899,0.300681402599698,0.174270080361969,0.752967073574205,40.0374450298309,0.245904822913016,0.129502784,0.931696066817235,0.346976712649929,0.916974213286892,0.010142182,0.608812675307885,2.57,3.41,2.644,2,"noRSnocoldcoretop_seds_2over3under10_deep_73","noRSnocoldcoretop_seds_2over3under10_deep"
"1523",-6.23211325754775,19.6671956643047,29.0397868264945,32.8358827838963,58.0690085064719,58.453453880154,20.3921816989577,11.5991567560312,11.5245998144097,11.2063853340546,26.04741485489,20.8068628568251,55.3993314812197,6.57081242888555,8.35224416986385,3.1592603040294,73.2575721647723,17.0312704374679,8.19175917214976,0.878268412252111,0.190392084770438,0.296399134634691,39.7044685823159,0.730887865544284,0.0694508942603961,0.509492873260643,0.488420129437224,0.917241896440541,0.00882797596330185,0.545984136894331,2.38,3.46,3.044,2,"noRSnocoldcoretop_seds_2over3under10_deep_74","noRSnocoldcoretop_seds_2over3under10_deep"
"1524",-6.07292540410361,19.6188445243254,28.0961183290664,32.8230552666774,47.4170392785661,61.802642493642,20.3882911,11.30344485,13.5843417423815,10.0411747619081,26.0348725663686,20.263895713274,53.4017146045582,6.54546105928817,8.04828944198458,3.05679934589782,63.9279134673555,27.8790655347524,7.84755929467601,0.282576865689277,0.166153538453127,0.802692897032169,40.0971755688058,0.265902553038854,0.129502784,0.931696066817235,0.509265322315351,0.92055461172856,0.0101180719210558,0.60749711243135,2.57,3.48,2.651,1,"noRSnocoldcoretop_seds_2over3under10_deep_75","noRSnocoldcoretop_seds_2over3under10_deep"
"1525",-6.227426774,19.6187978600115,28.0922279334068,32.8230552666774,47.4170392785661,61.8026547155421,20.3882911,11.30344485,13.5837918231949,10.0411747619081,26.0348725663686,20.263895713274,53.3296312104301,6.54546105928817,8.06154976238852,3.05644069928532,63.9215951080516,27.8762283951753,7.84667536839112,0.282344040779293,0.166153538453127,0.803222240133846,40.099794128982,0.265902553038854,0.129502784,0.931696066817235,0.524236333919123,0.920371514912896,0.0101180719210558,0.60749711243135,2.57,3.49,2.629,1,"noRSnocoldcoretop_seds_2over3under10_deep_76","noRSnocoldcoretop_seds_2over3under10_deep"
"1526",-6.2319626063767,19.6187978600115,28.091886174765,32.8230552666774,47.4132421313334,61.8016154430696,20.3882911,11.2638768928561,13.5854001572415,9.99467031823723,26.0266469464467,20.2623252068826,53.3292669758334,6.54546105928817,8.06143499003073,3.05601751856994,63.9178749437049,27.8762290732178,7.84667417795632,0.28257658968101,0.166092780951172,0.803216669669711,40.099794128982,0.257244891874314,0.129502784,0.931696066817235,0.524001137525772,0.916974213286892,0.010142182,0.60749711243135,2.57,3.49,2.632,2,"noRSnocoldcoretop_seds_2over3under10_deep_77","noRSnocoldcoretop_seds_2over3under10_deep"
"1527",-5.14292248245199,19.8015631503774,29.0396145582949,32.829832346424,58.0689201590823,58.3066069234947,20.15934837,11.6178878011222,11.3164247467572,11.0484725982834,26.046986171944,20.8124154261804,55.05777987,6.59161929975378,8.34046458741121,3.14664463039507,73.5186340502084,17.0066519884947,7.91782514425147,0.294472229652894,0.188385510695409,0.314845595267158,40.2759282137198,1.25913089617988,0.143877706334951,0.508745294257163,0.546074818850314,0.979416945953233,0.0103086022615568,0.937306659623024,2.47,3.52,2.697,2,"noRSnocoldcoretop_seds_2over3under10_deep_78","noRSnocoldcoretop_seds_2over3under10_deep"
"1528",-4.88096712748187,19.6430370232722,28.0475491104044,32.8288212906727,58.0582597820839,58.36797877,20.15934837,11.6276272316981,12.3528096063925,11.047727279578,26.047714986759,20.81233846,55.0587123441566,6.5723292950856,8.37043316578081,3.15616426013752,73.49380035,17.0066520879319,7.89613570266621,0.294472229652894,0.183367977733114,0.335197723973072,39.6567404851644,0.739733421393607,0.0742432933839599,0.509500738593707,0.546074818850314,0.917997259762211,0.0103086022615568,0.34701318834546,2.38,3.59,2.649,1,"noRSnocoldcoretop_seds_2over3under10_deep_79","noRSnocoldcoretop_seds_2over3under10_deep"
"1529",-6.18511014730143,21.0490885907247,28.0892809185047,32.81893485953,58.456166411462,58.4664056944742,20.3915316770104,11.4859666104248,12.5295448966756,10.7289714937047,26.2259850631266,20.7946689736624,55.0539606988809,6.56950744277914,8.37071588380307,3.16574092374403,73.2589305640355,18.2954891637632,7.84652392928751,0.294472229652894,0.173839222320128,0.316249385121855,40.2781970813944,0.723675750150206,0.137585266138857,0.55323438101421,0.55632931472124,0.917982566173156,0.0101404725959881,0.991926714676203,2.38,3.6,2.959,2,"noRSnocoldcoretop_seds_2over3under10_deep_80","noRSnocoldcoretop_seds_2over3under10_deep"
"1530",-4.95336266175046,21.052668264686,29.0343071079727,32.9293370187007,58.4751850545546,58.2882670069055,20.1562537821576,8.71124757562793,13.5951531515211,11.0684982779185,26.0439081843586,20.8139165602322,55.05777987,6.92198852170788,8.35264327046602,3.10872395702247,73.4934263379328,17.1157034706782,7.84652392928751,0.870454637095028,0.135960883418941,0.362919179455524,40.2938859623238,0.264200391131593,0.06842479253496,0.730712286474402,0.545999793784916,0.918334604884984,0.0102585357443735,0.611011934786022,2.41,3.61,2.91,2,"noRSnocoldcoretop_seds_2over3under10_deep_81","noRSnocoldcoretop_seds_2over3under10_deep"
"1531",-5.06720154493997,21.0405426886207,28.0464289973032,32.8190828363786,58.1858624608612,58.36797877,20.1537826008188,11.617830699351,12.6940469272458,10.729843250392,26.2259850631266,20.81233846,55.0539606988809,6.56950744277914,8.37071588380307,3.15616426013752,73.2589305640355,17.0066520879319,7.84652392928751,0.294472229652894,0.187538126,0.316249385121855,39.7451950857084,0.723675750150206,0.137585266138857,0.55323438101421,0.546074818850314,0.917982566173156,0.0101404725959881,0.991710890133949,2.36,3.65,2.675,1,"noRSnocoldcoretop_seds_2over3under10_deep_82","noRSnocoldcoretop_seds_2over3under10_deep"
"1532",-5.1405038324188,20.9715856158792,28.0282939632733,32.8567133415682,58.0690085064719,58.36797877,20.1635004423301,11.6178878011222,12.3528096063925,11.047727279578,26.0474076235749,20.81233846,55.05777987,6.70897245155413,8.37011181112645,3.15616426013752,73.49380035,17.0066520879319,7.89613570266621,0.294472229652894,0.186561260158657,0.317327371521611,40.2748384047228,0.724985185634282,0.141236565174707,0.522199514091722,0.546074818850314,0.914014354575547,0.0103086022615568,0.991710890133949,2.34,3.68,2.676,1,"noRSnocoldcoretop_seds_2over3under10_deep_83","noRSnocoldcoretop_seds_2over3under10_deep"
"1533",-5.14017142339623,19.6340127749212,28.0278047727712,32.8308741362856,58.1119936734727,58.36797877,20.1593954135147,11.6181104148509,12.3528096063925,11.047727279578,26.0469846288507,20.81233846,55.05777987,6.56659385980525,8.37043316578081,3.15616426013752,73.49380035,17.0066520879319,7.89302481165682,0.298741879642476,0.18356951400846,0.335042050480106,40.2748335043509,0.725151793939006,0.141236565174707,0.508745294257163,0.546074818850314,0.913855396669461,0.0103086022615568,0.613221745478345,2.37,3.68,2.668,1,"noRSnocoldcoretop_seds_2over3under10_deep_84","noRSnocoldcoretop_seds_2over3under10_deep"
"1534",-5.1101610933731,19.5864216643548,28.0766115461422,32.5199309913598,58.0846721430912,58.6581651068101,20.1625236430339,11.3050203321796,13.6466217321411,11.0362464365533,26.2387419605932,20.7880696852361,53.4025936015997,6.57861496765361,8.34880172917874,3.20228087867375,73.49380035,16.672585073532,7.90096043048796,0.570651925396858,0.150405912758514,0.362815430998105,40.1794396481531,1.33451696739673,0.0689538249006222,0.484394170878669,0.513698712768062,0.980948752613062,0.0180501749320487,0.359986405262061,2.4,3.72,2.67,2,"noRSnocoldcoretop_seds_2over3under10_deep_85","noRSnocoldcoretop_seds_2over3under10_deep"
"1535",-5.14292248245199,19.6442418969698,28.0282939632733,32.8395705407807,58.112694121588,58.3688176318288,20.1634789077769,11.6178878011222,12.3528096063925,11.047727279578,26.0470567056614,20.81233846,55.05777987,6.56950744277914,8.37043316578081,3.15616426013752,73.49380035,17.0066520879319,7.89613570266621,0.294472229652894,0.186561260158657,0.316501291346461,40.2748362944787,0.725011756117386,0.141236565174707,0.522651213051426,0.546074818850314,0.917997259762211,0.0102835116450417,0.991710890133949,2.37,3.74,2.664,1,"noRSnocoldcoretop_seds_2over3under10_deep_86","noRSnocoldcoretop_seds_2over3under10_deep"
"1536",-5.22400113061064,19.6430370232722,28.0282939632733,32.8308741362856,58.0690085064719,58.36797877,20.15934837,11.6178878011222,12.3528096063925,11.047727279578,26.04741485489,20.81233846,55.05777987,6.56950744277914,8.37043316578081,3.15616426013752,73.49380035,17.0066520879319,7.89613570266621,0.294472229652894,0.186561260158657,0.316249385121855,40.2748335043509,0.739615933692777,0.141236565174707,0.508745294257163,0.546074818850314,0.917997259762211,0.0103086022615568,0.991710890133949,2.37,3.76,2.661,1,"noRSnocoldcoretop_seds_2over3under10_deep_87","noRSnocoldcoretop_seds_2over3under10_deep"
"1537",-4.79097094625122,19.7768788505017,27.1099720883293,32.7995672732775,54.1851799560768,47.97722691,19.0456384866534,10.8788033181558,10.0539227246575,8.88014192316747,34.1513062218743,16.62920237,61.549027588566,6.59434463125446,8.33643762846142,3.049541894,76.1352122839752,15.5324725326832,1.58996229414952,0.849382351586302,1.3485467446165,1.54844176594128,16.0039563474332,0.0544682893889789,0.196704836245709,0.521395936437746,0.540572634576055,0.902852734222774,0.035738049783406,0.38660583721227,2.26,3.78,3.559,2,"noRSnocoldcoretop_seds_2over3under10_deep_88","noRSnocoldcoretop_seds_2over3under10_deep"
"1538",-6.06607051517594,19.6426844769435,28.0266641061869,32.4675999132625,58.5994458565833,58.0979565131938,20.1592210710527,11.6178878011222,12.3528096063925,11.047727279578,26.046934711422,20.8222273463809,54.9564355912946,6.56950744277914,8.35894171961693,3.15616426013752,73.49380035,17.0066520879319,7.89613570266621,0.294623610906187,0.186561260158657,0.315028388064182,40.2748335043509,0.732332702644786,0.141236565174707,0.508745294257163,0.546366349493922,0.920540884374338,0.0103086022615568,0.991710890133949,2.35,3.8,3.007,2,"noRSnocoldcoretop_seds_2over3under10_deep_89","noRSnocoldcoretop_seds_2over3under10_deep"
"1539",-5.14619678334004,21.0521802035824,28.9877498569343,32.8311622450609,58.4436046028009,58.3378426329923,20.1562506010334,11.617830699351,13.5951531515211,11.0510398621586,26.04741485489,20.8072233010966,55.0556095563015,6.91727839372123,8.35264327046602,3.11490300432506,73.49380035,17.1159112611479,7.84652392928751,0.816788399404909,0.135960883418941,0.316298397358115,40.2768673267166,0.258218654590382,0.141247411278143,0.509590767433555,0.543248814763228,0.918339964401532,0.0102585357443735,0.991710890133949,2.3,3.84,2.873,1,"noRSnocoldcoretop_seds_2over3under10_deep_90","noRSnocoldcoretop_seds_2over3under10_deep"
"1540",-5.14292248245199,21.052668264686,29.0343071079727,32.8365479146099,58.4602571162228,58.3378426329923,20.1562925601444,11.617830699351,13.5951531515211,11.0505942710935,26.04741485489,20.81233846,55.05777987,6.92198852170788,8.35264327046602,3.11490300432506,73.49380035,17.1170151232314,7.84652392928751,0.854164917060288,0.135960883418941,0.321236526116573,40.2768673267166,0.264200391131593,0.141247411278143,0.50994074863922,0.543248814763228,0.918334604884984,0.0102585357443735,0.991710890133949,2.3,3.85,2.887,1,"noRSnocoldcoretop_seds_2over3under10_deep_91","noRSnocoldcoretop_seds_2over3under10_deep"
"1541",-5.09783533697855,21.052668264686,29.0343071079727,32.8365479146099,58.4602571162228,58.3378426329923,20.1562925601444,11.617830699351,13.5951531515211,11.0684982779185,26.2482876464224,20.8139165602322,55.05777987,6.92198852170788,8.35264327046602,3.10748175809246,73.3798138603408,17.1170151232314,7.84652392928751,0.854164917060288,0.135960883418941,0.321236526116573,40.2938859623238,0.264200391131593,0.129444266557817,0.738826599066743,0.543248814763228,0.918334604884984,0.0102585357443735,0.611011934786022,2.3,4.1,2.874,1,"noRSnocoldcoretop_seds_2over3under10_deep_92","noRSnocoldcoretop_seds_2over3under10_deep"
"1542",-5.14292248245199,21.052668264686,29.0486200682732,32.8365479146099,58.4602571162228,58.3378426329923,20.1637564671562,11.6178223047841,13.5951531515211,11.0505942710935,26.0473821333374,20.81233846,55.0467098642203,6.92201503988458,8.35264327046602,3.11490300432506,73.49380035,15.8103520651259,7.84652392928751,0.854164917060288,0.444601763157444,0.321236526116573,40.2768673267166,0.264200391131593,0.15049815839112,0.50994074863922,0.545169216900063,0.954142064769293,0.0102585357443735,0.989541882103786,2.31,4.11,2.695,2,"noRSnocoldcoretop_seds_2over3under10_deep_93","noRSnocoldcoretop_seds_2over3under10_deep"
"1543",-5.09783533697855,21.052668264686,29.0343071079727,32.8365479146099,58.4602571162228,58.3378426329923,20.1562925601444,11.617830699351,13.5950721026104,11.0684982779185,26.2482876464224,20.8040712213574,53.3858149392426,6.92276136258197,8.35264327046602,3.1027156668204,73.3798138603408,17.1170151232314,7.84543570053242,0.836317178670398,0.135960883418941,1.12339774869719,40.2938859623238,0.264186290466415,0.129444266557817,0.738826599066743,0.543248814763228,0.918352119898848,0.0101424111741788,0.611011934786022,2.31,4.25,3.012,2,"noRSnocoldcoretop_seds_2over3under10_deep_94","noRSnocoldcoretop_seds_2over3under10_deep"
