"","gdgt0_mu","gdgt1_mu","gdgt2_mu","gdgt3_mu","cren_mu","creniso_mu","gdgt0_sig","gdgt1_sig","gdgt2_sig","gdgt3_sig","cren_sig","creniso_sig","gdgt0_max","gdgt1_max","gdgt2_max","gdgt3_max","cren_max","creniso_max","gdgt0_min","gdgt1_min","gdgt2_min","gdgt3_min","cren_min","creniso_min","gdgt0_weights","gdgt1_weights","gdgt2_weights","gdgt3_weights","cren_weights","creniso_weights","Distance","Temperature","ClosedSum","ParetoFrontRank","model_id","model_type"
"700",-4.53158159752974,25.4567167190747,32.9360053306524,38.14833842765,70.3503203592106,47.2319046335076,20.6873178130764,14.7292932924331,10.3452952065336,10.6748620669782,45.4786691274331,12.7102034893327,65.005548668801,6.02259285968847,8.43818966032353,3.92241692817241,83.4698461893316,18.6466179663627,4.13026878403785,0.715052266998591,1.653891725,0.0873130939645011,18.3933066596774,0.905854599888968,0.137261298,0.756546846,0.376489205414265,0.985115654791279,0.0264474182446374,0.345756173467634,2.55,2.91,6.997,1,"noRScoretop_seds_2over3under10_sst_1","noRScoretop_seds_2over3under10_sst"
"701",-4.55952506209242,25.4567167190747,32.9360053306524,38.1073386636747,70.3503203592106,47.2319046335076,20.6873178130764,14.5063541948016,10.36389111,10.6748620669782,45.4786691274331,12.7102034893327,65.4157061558559,6.02259285968847,8.46575932888211,3.92241692817241,83.4698461893316,18.6454939285049,4.13026878403785,0.715052266998591,1.653891725,0.0873130939645011,18.3933066596774,0.251072891647271,0.137261298,0.756546846,0.376489205414265,0.985115654791279,0.020350467379437,0.345756173467634,2.53,2.92,6.812,1,"noRScoretop_seds_2over3under10_sst_2","noRScoretop_seds_2over3under10_sst"
"702",-4.58088756541542,22.5560494935071,33.009394606848,38.1073386636747,70.3529663641699,47.2319046335076,20.6873178130764,13.5767533818801,10.3829742208821,10.3964304150701,45.4770362463177,12.7194021219042,65.4157061558559,6.02259285968847,8.46575932888211,3.92241692817241,83.07383679113,18.6309870827583,5.095955316976,0.708434898740215,1.653891725,0.0873130939645011,18.3933066596774,0.251072891647271,0.137261298,0.756546846,0.376489205414265,0.988941563226981,0.020350467379437,0.345756173467634,2.52,2.94,6.778,1,"noRScoretop_seds_2over3under10_sst_3","noRScoretop_seds_2over3under10_sst"
"703",-4.86588545277863,25.054583485669,33.0196212147169,38.3022705895505,70.5930052605106,55.8512703392762,21.6538121985571,12.7114906567929,10.3638864388551,10.677963291857,42.6875634082419,17.9109131113923,59.9401635295101,6.02298978784493,8.01955433829812,3.93899249495117,74.2338295269334,18.6454028021981,4.93716785246927,0.714521256588825,1.63971037401072,0.0891001547578804,28.5880634091531,0.247600294657346,0.143408800644055,0.756450000899751,0.376459208893213,0.985800585917629,0.019799400362329,0.494677678503579,2.62,2.94,3.206,1,"noRScoretop_seds_2over3under10_sst_4","noRScoretop_seds_2over3under10_sst"
"704",-3.86031283797922,22.5369491442094,33.009394606848,38.1528593302115,70.3720007670741,47.2319046335076,20.6873178130764,12.1601499784616,10.4220832260072,10.3964304150701,45.4786163498761,12.7194021219042,61.5628940060804,6.02001724243156,8.46575932888211,3.92818289592822,75.219558431422,18.6445697565131,4.22608720137775,0.706333524226641,1.65471205895459,0.100602037220767,18.4088022530412,0.263324966020802,0.137261298,0.756546846,0.379767061018393,0.842454343265663,0.0203206604213976,0.345756173467634,2.44,2.96,3.778,1,"noRScoretop_seds_2over3under10_sst_5","noRScoretop_seds_2over3under10_sst"
"705",-2.14193893995713,22.5141003237331,32.874133623397,42.0441529268566,63.3074684344933,46.6171282829171,20.400336258859,12.1341746420645,11.0635225717479,14.7591605748039,39.997341029642,11.851152353802,62.6564353059231,6.02754156904548,8.0871198113353,3.93025155706634,71.9260420074196,18.6451001173017,3.63588483523054,0.883459141065447,1.65374006892323,0.0883897402992065,18.3386868933786,1.00546154874328,0.127935141834518,0.791556628030583,0.19076379177039,0.836840913783953,0.0216225624529639,0.479151732,2.42,2.97,3.798,1,"noRScoretop_seds_2over3under10_sst_6","noRScoretop_seds_2over3under10_sst"
"706",-2.16343996500901,22.2511584403184,34.064041077764,37.6939535418371,70.9983776167418,56.7651446366267,20.6737919685999,14.5386974217001,10.372184019943,13.8391550745326,42.8168849723754,19.096472976703,62.644506448988,6.01401731228172,8.4182711125834,3.24963912708771,74.3781774809422,18.5311609668484,4.96169305670639,0.112018295882002,0.307699344808063,0.0928916629871507,20.2235619452268,0.241386631114976,0.134572627779488,0.755897136636641,0.379740603380325,0.969315221805738,0.00193978388421045,0.588036295633806,2.8,2.97,3.068,1,"noRScoretop_seds_2over3under10_sst_7","noRScoretop_seds_2over3under10_sst"
"707",-4.25459967156884,22.5087706568612,33.0210486202987,38.1074548163518,70.6217133956321,56.61624202,20.6873178130764,14.4527488928954,10.3626046224213,10.6053130588901,45.4069764774085,17.859950261062,65.9165189780334,6.03145083930211,8.46575932888211,3.93169946570466,74.8013722214314,18.6403797002233,4.18137911817078,0.211635296899206,0.126914774245711,0.0877400160926062,18.418416814801,0.23936726599263,0.137165697665675,0.756515920692182,0.376495961182197,0.924941247351191,0.020350467379437,0.627310459692264,2.53,2.98,3.36,1,"noRScoretop_seds_2over3under10_sst_8","noRScoretop_seds_2over3under10_sst"
"708",-4.55952506209242,22.5087706568612,33.0210486202987,38.1074548163518,70.6217133956321,56.61624202,20.6873178130764,14.4527488928954,10.3626046224213,10.6053130588901,45.4069764774085,17.859950261062,65.9165189780334,6.03145083930211,8.46575932888211,3.93169946570466,74.8013722214314,18.6403797002233,4.18137911817078,0.211635296899206,0.126914774245711,0.0877400160926062,18.418416814801,0.23936726599263,0.137165697665675,0.756515920692182,0.376495961182197,0.924941247351191,0.020350467379437,0.627310459692264,2.53,2.99,3.439,1,"noRScoretop_seds_2over3under10_sst_9","noRScoretop_seds_2over3under10_sst"
"709",-4.57396189918542,22.5091417948597,33.0210486202987,38.1074548163518,70.6220714834466,56.61624202,20.6873178130764,14.4532639585928,10.3626046224213,10.6053130588901,45.4069764774085,17.8639989578821,65.9165189780334,6.03145083930211,8.46575932888211,3.93169946570466,74.8013722214314,18.6403797002233,3.24723132407509,0.19086815529602,0.126914774245711,0.0877400160926062,18.418416814801,0.23936726599263,0.136858300136298,0.745187210631465,0.376495961182197,0.924955105372965,0.020350467379437,0.619276398115418,2.53,2.99,3.695,1,"noRScoretop_seds_2over3under10_sst_10","noRScoretop_seds_2over3under10_sst"
"710",-4.86423321683878,25.2315271140543,33.0147294157135,38.1077375369508,70.5930052605106,55.8512703392762,21.6606871287636,12.7471497725134,10.3355252909882,10.6038569869361,42.6875634082419,17.8907622752969,60.0781320309326,6.0228663691895,8.01020359060424,3.98579670114941,74.2338295269334,18.6506121631581,4.92594299584367,0.714521256588825,0.195263465259889,0.0891001547578804,28.5544044883258,0.247587283731136,0.143408800644055,0.756450000899751,0.375215898675945,0.980642399733334,0.0205226411008905,0.623899928481049,2.73,2.99,3.16,1,"noRScoretop_seds_2over3under10_sst_11","noRScoretop_seds_2over3under10_sst"
"711",-2.14518772957805,22.5643665545424,32.6804699296834,42.247792804847,70.1574150079085,56.7390983483333,20.6923185725103,14.5386974217001,10.1393583709718,13.8533588987505,42.8086972298937,19.0999426076456,62.652630605755,6.02107315388508,7.7142865380166,3.25522244637816,74.2360550568485,18.794501427449,4.96175071680177,0.126178650652043,0.153050050792839,0.0719580622699059,20.3977695717529,0.241386631114976,0.136261099857374,0.754836880774696,0.279292467707497,0.969933450229092,0.0187492778011893,0.635052031637614,2.83,2.99,2.983,1,"noRScoretop_seds_2over3under10_sst_12","noRScoretop_seds_2over3under10_sst"
"712",-3.61208620842422,23.5546515258197,32.7855383169187,42.0022453821344,63.1009460361535,47.5474761931874,21.3888463251778,11.2115910304986,12.5086148395938,13.3039785825417,39.997341029642,11.851152353802,60.4723611084446,6.46138351011208,8.06323940387398,3.93025155706634,71.7975887439041,18.2569808227848,3.67273860113207,0.883459141065447,1.56212053521321,0.0466100722112765,18.6083262461239,0.996957519794271,0.114070534486621,0.799885533429677,0.193220862542446,0.950631102172674,0.0215718203087834,0.479151732,2.33,3,3.843,1,"noRScoretop_seds_2over3under10_sst_13","noRScoretop_seds_2over3under10_sst"
"713",-4.55942107793042,22.8634765190728,32.9360053306524,36.448500693437,70.6384519947182,56.61624202,20.6873178130764,14.4617634752027,10.36389111,10.6748620669782,44.951543206515,17.907016514692,66.6578672264247,6.03152929245755,8.46575932888211,3.91849388763503,78.4583550066815,18.6454896565421,4.17674893140523,0.735765929265791,0.137562884115062,0.0877400160926062,18.1763041857916,0.246304363088435,0.143304339489726,0.756026227245764,0.379580687325702,0.991153457472311,0.0203922094013858,0.627533841965029,2.52,3,3.533,1,"noRScoretop_seds_2over3under10_sst_14","noRScoretop_seds_2over3under10_sst"
"714",-5.26196107209679,22.4857308386488,32.6963875326564,38.1141173870128,70.6221322647854,56.61624202,21.6139197143721,14.5098098122445,10.3626046224213,10.6059392790928,43.6482554436147,17.9236761227707,65.1010845669295,6.03145083930211,8.46575932888211,3.99338943938914,74.8013722214314,18.6403797002233,5.25962506345678,0.124302241242269,0.538701166210052,0.0877404782205294,18.6619143076659,0.23936726599263,0.137058800896285,0.756515920692182,0.376495961182197,0.922437909819924,0.0203429050039601,0.626453289227637,2.53,3,3.289,1,"noRScoretop_seds_2over3under10_sst_15","noRScoretop_seds_2over3under10_sst"
"715",-2.14518772957805,22.5643665545424,32.680545642741,42.247792804847,71.0162297156246,56.7390983483333,20.6638065041076,14.5386974217001,10.1393583709718,13.8533588987505,42.8086972298937,19.0999426076456,62.652630605755,6.02107315388508,8.50637259435738,3.26447889355686,74.2360550568485,18.6496071659664,4.96175071680177,0.126178650652043,0.153050050792839,0.0877400160926062,20.3977695717529,0.241386631114976,0.13555647406511,0.754836880774696,0.279292467707497,0.969978196207326,0.0012700590439224,0.635052031637614,2.74,3,3.088,1,"noRScoretop_seds_2over3under10_sst_16","noRScoretop_seds_2over3under10_sst"
"716",-4.57385791502342,22.8638476570712,32.9360053306524,36.448500693437,70.6388100825328,56.61624202,20.6873178130764,14.4622785409001,10.36389111,10.6748620669782,44.951543206515,17.9110652115121,66.6578672264247,6.03152929245755,8.46575932888211,3.91849388763503,78.4583550066815,18.6454896565421,3.24260113730954,0.714998618831404,0.137562884115062,0.0877400160926062,18.1763041857916,0.246304363088435,0.142996941960349,0.744697517185047,0.379580687325702,0.99117283916658,0.0203922094013858,0.619499780388184,2.52,3.01,3.383,1,"noRScoretop_seds_2over3under10_sst_17","noRScoretop_seds_2over3under10_sst"
"717",-3.83576139164582,25.0681078026041,32.6951681241055,38.2746367618964,70.6217137238333,55.8844766872486,20.7102551512699,14.4496431816823,10.1554485242792,10.4122851189263,42.7092948072967,17.8907622752969,60.9656861422301,6.02073364570309,8.4656804574918,3.185406943,74.2338295269334,18.64978812,4.86538558959726,0.222672448637983,0.194134162170752,0.0890996926299572,28.4947211554498,0.247587283731136,0.143738200984512,0.756450000899751,0.376511201539947,0.924925049963663,0.00128506929042726,0.627306725383989,2.63,3.01,3.184,1,"noRScoretop_seds_2over3under10_sst_18","noRScoretop_seds_2over3under10_sst"
"718",-3.83576139164582,25.054583485669,32.69519127,38.2812993325573,70.6221325929866,55.8844766872486,21.6538121985571,14.5067041010314,10.1554485242792,10.4162638990518,42.7092948072967,17.8907622752969,60.1502517311263,6.02073364570309,8.4656804574918,3.185406943,74.2338295269334,18.64978812,4.88232112745691,0.125621369521758,0.194134162170752,0.0891001547578804,28.4947211554498,0.247587283731136,0.143570091063993,0.756450000899751,0.376511201539947,0.922421712432396,0.00128506929042726,0.626449554919363,2.64,3.01,3.156,1,"noRScoretop_seds_2over3under10_sst_19","noRScoretop_seds_2over3under10_sst"
"719",-2.05197675213947,22.2511584403184,32.8963292415989,42.3786451523646,70.9971717058083,56.6208614658687,20.6737919685999,14.4525247333333,10.3198019202121,13.7707147807584,42.8168849723754,19.096472976703,62.6899588414996,6.01401731228172,8.46576799180063,3.26388948631851,74.3250111133769,18.6545909035505,4.96169305670639,0.112018295882002,0.129673912711744,0.0877400160926062,20.3977695717529,0.212745167859729,0.137171028454721,0.756385649104168,0.380953125455677,0.846927187125261,0.00193978388421045,0.635270596617207,2.77,3.01,3.035,1,"noRScoretop_seds_2over3under10_sst_20","noRScoretop_seds_2over3under10_sst"
"720",-4.19268020582627,22.7152183993398,32.9360053306524,38.1073386636747,70.621716308457,55.8649327993095,20.6873178130764,14.5063541948016,10.36389111,10.7002694286473,42.7269166494801,17.9110652115121,65.854519643872,6.02055475370631,8.50645754864558,3.16030706675811,78.4583550066815,18.6454896565421,4.18137911817078,0.141957263678574,1.653891725,0.0891019544706576,18.418416814801,0.247408987796537,0.137318307732005,0.756546846,0.376489205414265,0.924284250367673,0.020350467379437,0.494691848723668,2.48,3.02,3.376,1,"noRScoretop_seds_2over3under10_sst_21","noRScoretop_seds_2over3under10_sst"
"721",-5.26196107209679,22.4992551555838,32.6963643867619,38.1074548163518,70.6217133956321,56.61624202,20.6703626670848,14.4527488928954,10.3626046224213,10.6019604989673,43.6482554436147,17.9236761227707,65.9165189780334,6.03145083930211,8.46575932888211,3.99338943938914,74.8013722214314,18.6403797002233,5.24268952559712,0.221353320358489,0.538701166210052,0.0877400160926062,18.6619143076659,0.23936726599263,0.137226910816805,0.756515920692182,0.376495961182197,0.924941247351191,0.0203429050039601,0.627310459692264,2.5,3.02,3.706,1,"noRScoretop_seds_2over3under10_sst_22","noRScoretop_seds_2over3under10_sst"
"722",-2.12972582111852,25.0400977955575,32.7050694235633,38.1088275,70.621716308457,56.6152570765385,20.6873587710039,16.6960517822507,10.1623736270714,13.893981963484,42.7341221645252,17.9942580179464,62.6787418923976,6.01029495003826,8.4656467633565,3.1948636927647,75.5411332271452,18.6484679863289,5.629386111,0.322340512715566,0.509220617458385,0.0877400160926062,20.9301398000516,0.247529961016453,0.137261298,0.757258186627503,0.280338050416565,0.940136152196124,0.00174320696040539,0.635052031637614,2.55,3.02,3.26,1,"noRScoretop_seds_2over3under10_sst_23","noRScoretop_seds_2over3under10_sst"
"723",-2.12972582111852,25.0213707188664,32.7050694235633,38.1088275,70.621716308457,56.6194828046391,20.6873587710039,16.6960517822507,10.1556463990185,13.893981963484,42.7341221645252,17.9728631246646,62.6730682112362,6.01439222924045,8.4656467633565,3.1834516282019,74.4906158052122,18.6454490881723,5.629386111,0.322340512715566,1.60753741240898,0.0877400160926062,20.4044131513241,0.247529961016453,0.137261298,0.756546846,0.280138095444677,0.924284250367673,0.00174320696040539,0.635052031637614,2.56,3.02,3.157,1,"noRScoretop_seds_2over3under10_sst_24","noRScoretop_seds_2over3under10_sst"
"724",-4.85466084472397,25.054583485669,32.69519127,38.2812993325573,70.6221325929866,55.8844766872486,21.6538121985571,14.5067041010314,10.1554485242792,10.4162638990518,42.7092948072967,17.8907622752969,60.1502517311263,6.02073364570309,8.4656804574918,3.185406943,74.2338295269334,18.64978812,4.88232112745691,0.125621369521758,0.194134162170752,0.0891001547578804,28.4947211554498,0.247587283731136,0.143570091063993,0.756450000899751,0.376511201539947,0.922421712432396,0.00128506929042726,0.626449554919363,2.65,3.02,3.129,1,"noRScoretop_seds_2over3under10_sst_25","noRScoretop_seds_2over3under10_sst"
"725",-2.13371293934572,22.2511584403184,32.8963292415989,42.3786451523646,71.0128858217593,56.7651446366267,20.6737919685999,14.5386974217001,10.372184019943,13.8391550745326,42.8168849723754,19.096472976703,62.6708639406275,6.01401731228172,8.46504569451204,3.26388948631851,74.3181777809021,18.6496071659664,4.96169305670639,0.112018295882002,0.187837681009329,0.0877400160926062,20.3977695717529,0.241386631114976,0.134564621512587,0.756471965874844,0.380953125455677,0.846927187125261,0.00193978388421045,0.635052031637614,2.74,3.02,3.043,1,"noRScoretop_seds_2over3under10_sst_26","noRScoretop_seds_2over3under10_sst"
"726",-2.14518772957805,22.5643665545424,32.680545642741,42.247792804847,71.0162297156246,56.7390983483333,20.6638065041076,16.5117091709882,10.1393583709718,13.8533588987505,42.8086972298937,19.0519959331453,62.652630605755,6.01987364457888,8.42466548443038,3.28713068001716,74.2360550568485,18.6496071659664,4.96175071680177,0.106696204864714,0.140306166234609,0.0877400160926062,20.3919807252421,0.234786906530134,0.13555647406511,0.754836880774696,0.279292467707497,0.969978196207326,0.0154128987018682,0.578761613639228,2.75,3.02,3.017,1,"noRScoretop_seds_2over3under10_sst_27","noRScoretop_seds_2over3under10_sst"
"727",-4.56449116509745,22.7276003804761,32.9360053306524,38.1073386636747,70.5945074206752,56.6243273271209,20.7179760085803,14.5063541948016,10.3699705132678,10.7002694286473,42.7269166494801,17.8755745994172,65.914711319063,6.02055475370631,8.50645754864558,3.15736699929022,74.9307105215316,18.6155444665604,4.18137911817078,0.0794593230849336,1.653891725,0.0930119853791208,20.4696124379343,0.2473670937775,0.137313037205469,0.764415051414949,0.372289493245706,0.988590631397839,0.020350467379437,0.494691848723668,2.46,3.03,3.662,1,"noRScoretop_seds_2over3under10_sst_28","noRScoretop_seds_2over3under10_sst"
"728",-2.13012133708408,22.539543662657,32.9051027853827,42.3374515746589,70.6049539388271,56.7651446366267,20.6599222742483,14.5587258208937,10.1393583709718,14.9003881699785,42.7107919363597,19.1111213531149,62.6524283852509,6.01013506338917,8.50614191195739,3.26399154393416,74.7403661377136,18.6608982487708,4.96382508963778,0.125607731762562,0.153910516021554,0.0374219155837452,20.3977695717529,0.241386631114976,0.134564621512587,0.754836880774696,0.279292467707497,0.848440167697692,0.0225606457164029,0.635052031637614,2.73,3.03,2.952,1,"noRScoretop_seds_2over3under10_sst_29","noRScoretop_seds_2over3under10_sst"
"729",-2.47973522032831,22.521654686843,32.6866714957607,42.0441529268566,63.0955176425589,47.1248328619401,20.400336258859,11.2125499513205,10.1433334909216,13.8823341840964,39.9579052161467,11.851152353802,62.6365005656266,6.46138351011208,8.07041037888775,3.93025155706634,71.7978706046532,18.2572132424061,3.68996641362145,0.883459141065447,1.55821135838911,0.0466099521234819,20.6988136682793,1.00579538093005,0.127828471640447,0.759824666867324,0.196097140195493,0.842935411050461,0.0225899462175286,0.632364817746439,2.36,3.04,3.762,1,"noRScoretop_seds_2over3under10_sst_30","noRScoretop_seds_2over3under10_sst"
"730",-2.47973522032831,22.521654686843,32.8595760763837,42.0441529268566,63.0955176425589,47.1248328619401,20.400336258859,11.3443973430933,10.1433334909216,13.3039785825417,39.9579052161467,11.851152353802,62.6365005656266,6.46138351011208,8.07041037888775,3.93025155706634,71.7975887439041,18.2587558829222,3.68996641362145,0.883459141065447,1.55821135838911,0.0464714888408352,20.5896308667902,1.00546154874328,0.127827117466072,0.759824666867324,0.193220862542446,0.842935411050461,0.0225899462175286,0.634112699265965,2.37,3.04,3.778,1,"noRScoretop_seds_2over3under10_sst_31","noRScoretop_seds_2over3under10_sst"
"731",-2.14193893995713,22.5100157808608,32.8745276532396,42.0441529268566,63.3074684344933,47.1248328619401,20.400336258859,11.2089871675682,11.0568572704436,13.304181306622,39.997341029642,11.851152353802,62.6564353059231,6.02754156904548,8.08448062704509,3.93025155706634,71.7975887439041,18.2569808227848,3.63588483523054,0.883459141065447,1.56212053521321,0.0466100722112765,18.2739446237854,1.00546154874328,0.127470711166253,0.791627226641835,0.190413759246777,0.842039965390452,0.0216225624529639,0.479151732,2.41,3.04,3.711,1,"noRScoretop_seds_2over3under10_sst_32","noRScoretop_seds_2over3under10_sst"
"732",-5.2560773732179,22.7185521939936,32.9409188797833,38.1514932236368,70.621716308457,56.6291700881515,20.7249678752896,14.3887197599495,10.36389111,10.7002694286473,42.7269166494801,17.9110652115121,65.914711319063,5.76168101415528,8.50645754864558,3.15736699929022,78.4583550066815,18.6394492640255,4.18137911817078,0.0794593230849336,1.653891725,0.0425668324628576,18.418416814801,0.2473670937775,0.137319564950251,0.758468920547631,0.376764669907718,0.92424252869204,0.020350467379437,0.495318213285219,2.46,3.04,3.662,1,"noRScoretop_seds_2over3under10_sst_33","noRScoretop_seds_2over3under10_sst"
"733",-4.48737906530153,24.8560828659915,32.7495578898832,38.3022705895505,70.5930052605106,49.0766684099256,21.6538121985571,12.7471497725134,12.8081388858677,15.06776731893,42.6896720871303,12.9681348213093,59.7963851958027,6.01944026825442,8.01896710341964,3.13766481011039,71.8266971894318,18.2540745313794,4.91172154774702,0.738594240563669,1.612042284802,0.056913076487549,28.4685342822266,0.247587283731136,0.12471410307287,0.757762439649983,0.380807453876349,0.980642399733334,0.000557262072435723,0.478886685800993,2.47,3.04,3.44,1,"noRScoretop_seds_2over3under10_sst_34","noRScoretop_seds_2over3under10_sst"
"734",-2.14518772957805,22.5643665545424,32.6838682365146,42.247556545468,70.6250602023223,56.7390983483333,20.6637822425698,14.5386974217001,10.1318663747876,13.8533588987505,42.8086972298937,17.9896108324985,62.6537719182236,6.02120283570161,8.50637259435738,3.26447889355686,74.2360550568485,18.6496071659664,4.96175071680177,0.126429092022536,0.15310906229171,0.0877400160926062,20.3977695717529,0.241386631114976,0.13555647406511,0.75491950966328,0.274975241380255,0.969978196207326,0.0012700590439224,0.635052031637614,2.56,3.04,3.144,1,"noRScoretop_seds_2over3under10_sst_35","noRScoretop_seds_2over3under10_sst"
"735",-4.86588545277863,22.2033864748484,33.0233867253268,38.3022705895505,70.6215023648528,55.8054193741141,21.6538121985571,12.7114906567929,10.3638864388551,10.677963291857,42.8113062259706,17.9139508257926,59.8825603910363,6.02251000613032,8.01955433829812,3.93899249495117,74.2338295269334,18.6454028021981,4.96524557963223,0.121529749538926,1.66459978763321,0.087757563195071,28.432827006498,0.247600294657346,0.143408800644055,0.755395010190888,0.371851516855942,0.988511730785667,0.0213807349590575,0.490020187196569,2.62,3.04,3.047,1,"noRScoretop_seds_2over3under10_sst_36","noRScoretop_seds_2over3under10_sst"
"736",-2.1264446927561,22.6589472732233,32.8418958767624,42.3200197581252,70.6049539388271,56.7651446366267,20.6650549831837,14.5587258208937,10.1393583709718,14.9003881699785,42.7107919363597,19.0639545549737,62.6524283852509,6.01013506338917,8.50614191195739,3.1800315301378,74.7403661377136,18.6608982487708,5.48131291521125,0.144096853970834,0.151940737901019,0.370485568364663,20.3977695717529,0.241386631114976,0.142175842293368,0.755881483753696,0.279292467707497,0.848440167697692,0.0225606457164029,0.635052031637614,2.72,3.04,2.93,1,"noRScoretop_seds_2over3under10_sst_37","noRScoretop_seds_2over3under10_sst"
"737",-3.79028811358548,20.5185495073379,32.6940052031098,38.2955344531535,71.03751896,55.851500217215,21.6538121985571,12.7699953254066,10.15544854076,14.93974363,39.238347242551,19.0746342312302,60.0073549468064,6.02034248354268,8.49679767210507,3.185406943,74.23064019,18.6501006339072,6.30687942798449,0.125572658741631,0.194134162170752,0.0265775060278859,28.6025794353026,0.245949741534438,0.196864389409281,0.798540013690921,0.976172601,0.97576232733458,0.00060191053866836,0.494677678503579,2.87,3.04,2.888,1,"noRScoretop_seds_2over3under10_sst_38","noRScoretop_seds_2over3under10_sst"
"738",-3.79028811358548,20.5185495073379,32.69519127,38.2955344531535,71.03751896,55.8512703392762,21.6538121985571,12.7699953254066,10.15544854076,14.93974363,39.238347242551,19.0852614131471,60.0073549468064,6.02034248354268,8.50637499112041,3.185406943,74.23064019,18.6501006339072,6.30765339028414,0.125572658741631,0.194134162170752,0.0265775060278859,28.5998465597727,0.247661470534406,0.196864389409281,0.805301208,0.976172601,0.97576232733458,0.000495220472450017,0.494677678503579,2.88,3.04,2.887,1,"noRScoretop_seds_2over3under10_sst_39","noRScoretop_seds_2over3under10_sst"
"739",-3.42557973925449,20.5185495073379,32.69519127,38.2955344531535,71.03751896,55.8512703392762,21.6538121985571,12.7699953254066,10.15544854076,14.93974363,39.238347242551,19.0852614131471,60.0073549468064,6.02034248354268,8.50637499112041,3.185406943,74.23064019,18.6501006339072,6.30765339028414,0.125572658741631,0.194134162170752,0.0265775060278859,28.5998465597727,0.247661470534406,0.196864389409281,0.805301208,0.976172601,0.97576232733458,0.000495220472450017,0.494677678503579,2.89,3.04,2.842,1,"noRScoretop_seds_2over3under10_sst_40","noRScoretop_seds_2over3under10_sst"
"740",-2.35448951848118,22.4799109775951,32.8595760763837,42.0441529268566,63.0955176425589,47.1248328619401,20.2055426155953,11.3443973430933,10.1433334909216,13.3039785825417,39.9532059595417,11.851152353802,62.6365005656266,6.46138351011208,8.07041037888775,3.93025155706634,71.7975887439041,18.2587558829222,4.52760769876486,0.883907267056978,1.55938995175328,0.0464714888408352,20.3128007785394,1.00546154874328,0.126504179029025,0.759824666867324,0.361262843920743,0.842935411050461,0.0225899462175286,0.634112699265965,2.38,3.05,3.748,1,"noRScoretop_seds_2over3under10_sst_41","noRScoretop_seds_2over3under10_sst"
"741",-2.13371293934572,22.5262405579694,32.8986626455146,36.9443963494433,70.621716308457,56.755544918307,20.6737180097865,14.5170841273956,10.229020437866,13.3364740598373,43.7970112575438,17.8380133034193,62.652630605755,6.02116650648829,8.53797795149553,3.26398953368837,74.8114679949591,18.6496071659664,4.96182303175226,0.146878486021709,0.151756705399096,0.0877400160926062,20.3369323203151,0.223387006432352,0.135569178269273,0.689717459179273,0.161513883936966,0.975239065910636,0.00317221649332456,0.635280831012815,2.53,3.05,2.947,1,"noRScoretop_seds_2over3under10_sst_42","noRScoretop_seds_2over3under10_sst"
"742",-2.0542839753195,25.0213707188664,32.7050694235633,42.2269606285258,71.0198792185519,56.6169314176757,20.6873178130764,16.6343243757926,10.1556463990185,15.0940583890261,42.8170464195619,17.8969049514385,62.7349441893061,6.01416305762879,8.46612578240324,3.17858457038775,74.4906158052122,18.6452589715988,4.9600989045634,0.322340512715566,1.7532322144545,0.0878615773354878,20.3862390146403,0.243642354747456,0.137261298,0.754928794070606,0.380997697021759,0.924284250367673,0.00294674700608644,0.635263152203393,2.56,3.05,3.103,1,"noRScoretop_seds_2over3under10_sst_43","noRScoretop_seds_2over3under10_sst"
"743",-4.17914030516419,20.5243112052247,32.69519127,38.2819802621145,71.03751896,55.8512703392762,21.6538121985571,12.7563343294678,10.15544854076,14.93974363,39.4656833482448,19.0852614131471,60.0073422368173,6.02196665992884,8.50637499112041,3.185406943,74.23064019,18.6505096701778,6.2836739164957,0.328898734369823,0.194134162170752,0.0265775060278859,28.7691725069982,0.247587283731136,0.196864389409281,0.805301208,0.976188979516238,0.97576232733458,0.0020818102339023,0.493896825274806,2.85,3.05,2.895,1,"noRScoretop_seds_2over3under10_sst_44","noRScoretop_seds_2over3under10_sst"
"744",-2.47973522032831,23.5523262281186,35.0504535323724,39.376302066422,63.0955176425589,47.1248328619401,20.400336258859,11.347174450888,13.0567957969557,13.3075197743239,39.997341029642,11.8747038040259,59.7964965377419,6.46138351011208,8.07041037888775,3.93025155706634,71.8103494328435,17.9688919436529,4.20577848884151,0.883459141065447,1.56212053521321,0.0464716089286297,18.1647618222963,1.00546406812309,0.127562431825625,0.947317368564322,0.193345011343663,0.842947736447213,0.0225899462175286,0.480899613519526,2.32,3.06,3.979,1,"noRScoretop_seds_2over3under10_sst_45","noRScoretop_seds_2over3under10_sst"
"745",-4.55594101123194,22.7185521939936,32.9360053306524,38.1073386636747,70.621716308457,56.6243273271209,20.6873178130764,14.5063541948016,10.36389111,10.7002694286473,42.7269166494801,17.9110652115121,65.914711319063,6.02055475370631,8.50645754864558,3.15736699929022,78.4583550066815,18.6454896565421,4.18137911817078,0.0794593230849336,1.653891725,0.0891019544706576,18.418416814801,0.2473670937775,0.137318307732005,0.756546846,0.376489205414265,0.924284250367673,0.020350467379437,0.494691848723668,2.42,3.06,3.417,1,"noRScoretop_seds_2over3under10_sst_46","noRScoretop_seds_2over3under10_sst"
"746",-2.47973522032831,22.5106053292388,32.8762435171716,42.0542968889331,62.9632056938984,48.147827852208,20.400336258859,11.2089871675682,11.0586978431229,13.8379426067614,39.997341029642,12.1969469163867,59.7670653578298,6.71911611959843,8.07041037888775,3.92604649801908,71.8215707761672,18.2569808227848,3.68996641362145,0.8838002329842,1.56212053521321,0.0577849989004656,18.2739446237854,1.01939490110368,0.127773017370062,0.570219927683196,0.196296963267852,0.842233415596983,0.0220101754067876,0.479151732,2.32,3.07,3.769,1,"noRScoretop_seds_2over3under10_sst_47","noRScoretop_seds_2over3under10_sst"
"747",-2.47973522032831,23.5523262281186,34.8775489517494,39.376302066422,63.0955176425589,47.1248328619401,20.400336258859,11.2153270591152,13.0567957969557,13.8858753758785,39.997341029642,11.8747038040259,59.7964965377419,6.46138351011208,8.07041037888775,3.93025155706634,71.8106312935927,17.9673493031368,4.20577848884151,0.883459141065447,1.56212053521321,0.0466100722112765,18.2739446237854,1.00579790030985,0.127563786,0.947317368564322,0.19622128899671,0.842947736447213,0.0225899462175286,0.479151732,2.32,3.07,3.94,1,"noRScoretop_seds_2over3under10_sst_48","noRScoretop_seds_2over3under10_sst"
"748",-2.52484619803875,22.5415117459846,32.7358573559743,40.0368496252154,63.0955176425589,49.2027802878328,20.400336258859,12.2214683311971,11.0188738393099,13.1548805321358,43.8889638808385,13.0356006243534,60.0231975545349,6.47033275780332,8.42227426474542,3.13732212454303,71.8365591491061,18.2546492587632,3.80423538924443,0.73848349841542,1.62803640626058,0.0531041394978711,18.2739446237854,1.01939490110368,0.12468618754215,0.570219927683196,0.193220862542446,0.866698641160505,0.0261666417957874,0.488191864534437,2.39,3.07,3.601,1,"noRScoretop_seds_2over3under10_sst_49","noRScoretop_seds_2over3under10_sst"
"749",-2.4832621722435,22.6690948339807,32.795277619102,42.2691663861092,62.9294590238956,48.147827852208,20.4030765066927,11.1567785308791,10.9905938666404,13.8015265074023,39.997341029642,13.1498093231581,59.7670653578298,6.71911611959843,8.07041037888775,3.92604649801908,71.8215707761672,18.2569808227848,3.68996641362145,0.89062282560195,1.51957286980766,0.0577849989004656,18.2739446237854,1.01939490110368,0.127456056145764,0.68359279305787,0.196296963267852,0.842233415596983,0.0259901056683891,0.479151732,2.41,3.07,3.691,1,"noRScoretop_seds_2over3under10_sst_50","noRScoretop_seds_2over3under10_sst"
"750",-2.13371293934572,22.5308506134793,32.8996518353725,42.3374515746589,70.621716308457,56.7651446366267,20.6737180097865,14.5386974217001,10.1393583709718,13.8459484509695,42.8086972298937,17.9787479324356,62.652630605755,6.01013943289057,8.50614519796453,3.26399154393416,74.7219306277185,18.660500746362,4.95743140456927,0.126178650652043,0.167563013498975,0.833049432073654,20.3977695717529,0.660191709228019,0.134564621512587,0.754836880774696,0.279292467707497,0.846927187125261,0.0213105111485632,0.635052031637614,2.62,3.07,2.914,1,"noRScoretop_seds_2over3under10_sst_51","noRScoretop_seds_2over3under10_sst"
"751",-3.88230655817077,20.5185495073379,32.6830455486138,39.0613560915774,71.03751896,55.8512703392762,21.6538121985571,12.7563343294678,10.15544854076,14.9446582245401,42.7092948072967,17.9401282401958,59.446962688218,6.02034248354268,8.49813005891694,3.185406943,74.230690916795,18.6164030318162,5.0047160935513,0.125621369521758,0.194134162170752,0.0355833912319249,28.603031031788,0.247584281993457,0.197593802005067,0.804901091628799,0.96662650578376,0.972250931821511,0.00390663953129336,0.494677678503579,2.69,3.07,2.906,1,"noRScoretop_seds_2over3under10_sst_52","noRScoretop_seds_2over3under10_sst"
"752",-5.01891891046326,22.5676976786526,32.6935493044939,39.3640183864299,71.03751896,55.8512703392762,21.6538121985571,12.7563343294678,10.15544854076,14.93974363,42.7092948072967,19.0852614131471,59.94399257254,6.02034248354268,8.46392142941917,3.185406943,74.23064019,18.64978812,5.6133799594418,0.125846827907481,0.153166977601662,0.0857614037818584,28.554448465749,0.247587283731136,0.214916490044163,0.913176127755934,0.976172601,0.972279345842812,0.0012015626619011,0.494677678503579,2.78,3.07,2.892,1,"noRScoretop_seds_2over3under10_sst_53","noRScoretop_seds_2over3under10_sst"
"753",-2.86122040978136,22.5106053292388,32.8762435171716,42.0542968889331,62.9632056938984,48.147827852208,20.400336258859,11.2089871675682,11.0586978431229,13.8379426067614,39.997341029642,12.1969469163867,59.7670653578298,6.71911611959843,8.07041037888775,3.92604649801908,71.8215707761672,18.2569808227848,3.68996641362145,0.8838002329842,1.56212053521321,0.0577849989004656,18.2739446237854,1.01939490110368,0.127773017370062,0.570219927683196,0.196296963267852,0.842233415596983,0.0220101754067876,0.479151732,2.32,3.08,3.863,1,"noRScoretop_seds_2over3under10_sst_54","noRScoretop_seds_2over3under10_sst"
"754",-2.52484619803875,22.5039118839886,32.7358573559743,39.8798228430003,69.8502556594292,49.1826606410397,20.3758883538019,12.2214683311971,13.1047353548311,13.319847297297,43.8715354402055,13.0356006243534,59.6837260716366,6.48872093481072,8.07041037888775,3.13732212454303,74.8689821887617,18.2569808227848,5.08211561574408,0.738468726092208,1.62803640626058,0.0577849989004656,18.2739446237854,0.678993990191526,0.12473363938922,0.56855789182264,0.193220862542446,0.88062503631415,0.0270749585251516,0.453243184798788,2.39,3.08,3.517,1,"noRScoretop_seds_2over3under10_sst_55","noRScoretop_seds_2over3under10_sst"
"755",-2.52360401495077,22.5090196412058,32.7304998234239,38.3385353545323,70.6312230758223,49.1826606410397,20.3829780580454,12.2214683311971,10.1165438700466,13.319847297297,43.9088461463845,13.1854272827698,62.6618350927044,6.48872093481072,8.51350521984734,3.13732212454303,74.8689821887617,18.2569808227848,4.96641601381893,0.718416465232916,1.62803640626058,0.0877126838086547,18.2739446237854,0.70775899786546,0.123879717058953,0.56855789182264,0.28051097668107,0.846293208171874,0.0270749585251516,0.456239046127891,2.4,3.08,3.21,1,"noRScoretop_seds_2over3under10_sst_56","noRScoretop_seds_2over3under10_sst"
"756",-1.86295796670374,22.5039118839886,32.7358573559743,39.8798228430003,69.8502556594292,49.1826606410397,20.3758883538019,12.2214683311971,13.1047353548311,13.319847297297,43.8715354402055,13.0356006243534,59.6837260716366,6.48872093481072,8.07041037888775,3.13732212454303,74.8689821887617,18.2569808227848,5.08211561574408,0.738468726092208,1.62803640626058,0.0577849989004656,18.2739446237854,0.678993990191526,0.12473363938922,0.56855789182264,0.193220862542446,0.88062503631415,0.0270749585251516,0.453243184798788,2.41,3.08,3.455,1,"noRScoretop_seds_2over3under10_sst_57","noRScoretop_seds_2over3under10_sst"
"757",-4.55952506209242,22.5262380901339,33.0210486202987,38.1074548163518,70.6217133956321,56.61624202,20.6867618577211,14.5178620349045,12.8301572343837,10.6053130588901,45.4069764774085,17.859950261062,65.9502685663764,6.01129297022125,8.46575932888211,3.24572618277522,74.811484024268,18.6403797002233,4.95181514117244,0.212347276764241,0.126914774245711,0.0877400160926062,18.418416814801,0.239534849756717,0.134765146457735,0.757020066362407,0.376495961182197,0.843175887610472,0.0210388481809411,0.627310459692264,2.49,3.08,3.203,1,"noRScoretop_seds_2over3under10_sst_58","noRScoretop_seds_2over3under10_sst"
"758",-4.43596557498605,22.4471151424708,32.6731844643106,38.1379071007802,70.6262427847328,56.61624202,20.6873178130764,12.7608102350765,10.1504241482651,10.7013385469457,42.5833800075267,17.8790021739429,65.9685731665495,6.02097620566936,8.47341793703169,3.9113636850622,74.4991976569333,18.6454896565421,5.51359400150502,0.113661994166295,1.65217723586436,0.0881443545626716,20.222129177442,0.247408883976825,0.143231249041712,0.916666354048721,0.378096502882458,0.927461277204707,0.0631896292507247,0.62775220455605,2.52,3.08,3.369,1,"noRScoretop_seds_2over3under10_sst_59","noRScoretop_seds_2over3under10_sst"
"759",-4.52090093833115,22.4471151424708,32.6731844643106,38.1379071007802,70.6262427847328,56.61624202,20.6873178130764,12.7608102350765,10.1556463990185,10.7013385469457,42.6765058041536,17.8930464957236,65.9685731665495,6.01046110850771,8.46565146038616,3.9113636850622,74.4991976569333,18.6454896565421,5.629386111,0.112715053449701,1.65217723586436,0.0881443545626716,20.222129177442,0.24744714809721,0.143212441254381,0.91980608738348,0.378096502882458,0.927461277204707,0.0631896292507247,0.635052031637614,2.53,3.08,3.362,1,"noRScoretop_seds_2over3under10_sst_60","noRScoretop_seds_2over3under10_sst"
"760",-3.1114131157905,19.9570508770224,32.6935512105916,39.3199386244409,71.03751896,55.8512703392762,21.6538121985571,12.7563506794928,10.15544854076,14.93974363,39.4443275618531,17.9893120600464,60.0068585556556,6.02196899715812,8.50637499112041,3.185406943,74.23064019,18.6485797383479,6.28369530300254,0.125621369521758,0.156013044696648,0.0355583095487663,28.679728110616,0.247587283731136,0.187946846572431,0.804863138842549,0.976172601,0.838859616855288,0.00210876207221885,0.493937565141081,2.78,3.08,2.786,1,"noRScoretop_seds_2over3under10_sst_61","noRScoretop_seds_2over3under10_sst"
"761",-3.0720711394759,19.9570508770224,32.6935585133411,39.3640183864299,71.03751896,55.8512703392762,21.6538121985571,12.7587221801358,10.15544854076,14.93974363,39.4443275618531,17.9893120600464,59.946869981327,6.02034248354268,8.50637499112041,3.185406943,74.23064019,18.6485797383479,6.294877438863,0.125621369521758,0.152777923426946,0.0355583095487663,28.679728110616,0.247587283731136,0.187946846572431,0.810501120261805,0.976172601,0.841080752642619,0.00210876207221885,0.493937565141081,2.78,3.08,2.791,1,"noRScoretop_seds_2over3under10_sst_62","noRScoretop_seds_2over3under10_sst"
"762",-3.14584840737775,22.5106053292388,32.8762435171716,42.0542968889331,62.9632056938984,48.147827852208,20.400336258859,11.2089871675682,11.0586978431229,13.8379426067614,39.997341029642,12.1969469163867,59.7670653578298,6.71911611959843,8.07041037888775,3.92604649801908,71.8215707761672,18.2569808227848,3.68996641362145,0.8838002329842,1.56212053521321,0.0577849989004656,18.2739446237854,1.01939490110368,0.127773017370062,0.570219927683196,0.196296963267852,0.842233415596983,0.0220101754067876,0.479151732,2.31,3.09,3.948,1,"noRScoretop_seds_2over3under10_sst_63","noRScoretop_seds_2over3under10_sst"
"763",-5.03511570240248,22.6006744295193,32.695173755896,39.0269786501441,71.0375290253256,55.8516151278173,21.6537769728368,12.8644657028618,10.174178343404,14.93974363,42.6901250288593,19.0865486457947,60.0040895433248,6.02037916675377,8.50776713878851,3.185406943,74.3999696699444,18.679138107735,4.95612031362666,0.297342614674997,0.189786916384322,0.0265744996043757,28.554412596277,0.242989370057164,0.215167507013441,0.810072141385855,0.976176498734049,0.967117149885506,0.00127439252706439,0.494638826520091,2.76,3.09,2.894,1,"noRScoretop_seds_2over3under10_sst_64","noRScoretop_seds_2over3under10_sst"
"764",-2.85102083606397,22.5104594547748,32.7363613532263,39.8740327083781,63.0955176425589,49.1826606410397,20.400336258859,11.2185304328685,11.0604149812199,13.3001376701552,40.4495727130113,12.1968662638088,59.767290914093,6.71969493013561,8.07041037888775,3.92835169968274,71.8269311207402,18.2569808227848,3.70078289657307,0.73848349841542,1.62803640626058,0.0577849989004656,18.2739446237854,1.01939490110368,0.12468618754215,0.570219927683196,0.193220862542446,0.88062503631415,0.0211490236486761,0.479151732,2.35,3.1,3.736,1,"noRScoretop_seds_2over3under10_sst_65","noRScoretop_seds_2over3under10_sst"
"765",-2.13371293934572,22.5262405579694,32.8986626455146,36.9443963494433,70.621716308457,56.7556165783632,20.6737180097865,14.5170841273956,12.8240115714337,13.3364740598373,43.8149715354092,17.8380133034193,62.652630605755,6.01164750546713,8.04776762471608,3.26399154393416,74.8114679949591,18.6496071659664,4.96382508963778,0.14740894456156,0.181670699407872,0.0877400160926062,20.3362289461905,0.223387006432352,0.13462145074978,0.689717459179273,0.161513883936966,0.842041163631902,0.021082381652106,0.635280831012815,2.51,3.1,3.034,1,"noRScoretop_seds_2over3under10_sst_66","noRScoretop_seds_2over3under10_sst"
"766",-1.42811558513878,22.6307359189674,34.8168209493041,43.0859083735704,70.2277649832731,47.0964379043013,19.3718849275283,13.469073682493,13.1740265992976,13.8447926536012,40.0887023678745,13.0111132596593,62.7075632463067,6.71933939904889,8.4375463019558,3.79881796808649,74.8805362949004,15.5875532021097,5.09325208297782,0.888418596162732,1.57818033200304,0.835367059589673,20.9600094994093,0.699070796,0.140986172255542,0.792301708,0.372191523,0.864682738150924,0.125498081848438,0.731667114506375,2.38,3.11,3.488,1,"noRScoretop_seds_2over3under10_sst_67","noRScoretop_seds_2over3under10_sst"
"767",-2.52484619803875,22.5048525420798,32.7358573559743,39.8740327083781,63.0955176425589,49.1826606410397,20.400336258859,12.2214683311971,11.0188738393099,13.3001376701552,43.8715354402055,13.0356006243534,59.7964965377419,6.71966609347977,8.07041037888775,3.13732212454303,71.8269311207402,18.2569808227848,3.70078289657307,0.73848349841542,1.62803640626058,0.0577849989004656,18.2739446237854,1.01939490110368,0.12468618754215,0.570219927683196,0.193220862542446,0.88062503631415,0.0211490236486761,0.479151732,2.38,3.11,3.559,1,"noRScoretop_seds_2over3under10_sst_68","noRScoretop_seds_2over3under10_sst"
"768",-3.23283031590625,23.7233276329845,32.7368840155038,49.80767944,63.1809506037031,49.2029051623783,20.4102343960793,13.9693905593536,10.4181658322192,19.499953406328,34.6142767965146,12.98235682,60.0244539971243,6.46701997329119,8.42807452205626,3.92321963869519,72.9047876440855,18.3096139986351,5.34700863481829,0.307836110383722,1.55241558300487,0.0532530937661753,28.60362002,0.701204624906174,0.140296011527066,0.57074456098356,0.170724983253896,0.866974410788116,0.0265884071003812,0.488212618077756,2.38,3.11,3.647,1,"noRScoretop_seds_2over3under10_sst_69","noRScoretop_seds_2over3under10_sst"
"769",-4.65060418967546,22.611991298292,33.0208353802462,37.6310577904057,70.6620760705531,56.61624202,20.7292638430038,12.3422318666989,10.1792043054511,10.4518449691356,45.2942472569572,17.7558589175593,62.7019824441717,6.04473975964729,8.46575932888211,3.17869714106601,74.6963411556939,18.7077136811157,6.12062268834371,0.322359121198694,1.653891725,0.117456731189816,20.3159763587111,0.27956924430522,0.143636913978383,0.800655021726758,0.37848474590007,0.928537092114264,0.0012115207021398,0.696844053901707,2.49,3.11,3.148,1,"noRScoretop_seds_2over3under10_sst_70","noRScoretop_seds_2over3under10_sst"
"770",-1.60870642095705,22.6301290890111,34.8168209493041,43.0859083735704,70.2277649832731,47.0964379043013,19.3718849275283,12.0320064598602,13.1740265992976,13.8447926536012,43.8682588272487,13.0111132596593,62.7070654546651,6.71933939904889,8.4375463019558,3.79881796808649,74.8805362949004,15.5894313753904,5.09325208297782,0.888418596162732,1.57818033200304,0.402194364629792,18.1540012488099,0.699070796,0.140986172255542,0.915790054684328,0.372191523,0.864604331177567,0.124320970118998,0.727457242510021,2.29,3.12,3.434,1,"noRScoretop_seds_2over3under10_sst_71","noRScoretop_seds_2over3under10_sst"
"771",-1.60870642095705,22.6301290890111,34.8298985990771,43.0859083735704,70.2277649832731,47.0964379043013,19.3718849275283,12.0320064598602,13.1740265992976,13.8449502621885,43.8715676718469,13.0101120983919,62.7070654546651,6.71933939904889,8.4375463019558,3.7853095013911,74.8805362949004,15.5894313753904,5.0921132284618,0.888418596162732,1.6258810081994,0.402194364629792,18.1540012488099,0.699070796,0.140986172255542,0.900319274514816,0.372191523,0.864604331177567,0.124320970118998,0.727457242510021,2.29,3.12,3.436,1,"noRScoretop_seds_2over3under10_sst_72","noRScoretop_seds_2over3under10_sst"
"772",-1.39664835133777,22.5218786606156,34.7829687149799,43.1835064002091,70.3198363581953,47.0964379043013,19.3718849275283,12.2013829239853,13.12274276,13.8628500592839,40.0887023678745,12.1854537387423,59.8900399383038,6.46241602123063,8.04431159201739,3.79023415267601,74.8805362949004,17.9295458528624,5.08910703208758,0.886954082170994,1.5699947843822,0.835367059589673,28.2709858970955,0.699070796,0.141003160687977,0.792301708,0.376726039921202,0.842007176636775,0.125498081848438,0.736095714478244,2.31,3.12,3.832,1,"noRScoretop_seds_2over3under10_sst_73","noRScoretop_seds_2over3under10_sst"
"773",-4.55594101123194,22.723524555496,32.9360053306524,38.1290863845892,70.621716308457,56.6235574227168,20.6870136734371,14.5063541948016,10.4785713692998,13.9146446923766,42.8072776198466,17.9110652115121,65.914711319063,6.0203984997722,8.50645754864558,3.15522946399004,78.4583550066815,18.6928025262307,4.18137911817078,0.0794593230849336,1.65599307081389,0.0891019544706576,18.418416814801,0.241995473917884,0.137318307732005,0.756546846,0.280292620927617,0.841450965187526,0.020350467379437,0.495859665844792,2.39,3.12,3.422,1,"noRScoretop_seds_2over3under10_sst_74","noRScoretop_seds_2over3under10_sst"
"774",-4.86588545277863,25.0346196973435,33.0185281667721,38.3022705895505,70.5930052605106,55.8478626144583,21.6538121985571,12.7471497725134,12.8808781381391,14.9688513618508,42.6875634082419,17.8907622752969,59.9338362154451,6.02298978784493,8.01896710341964,3.17842304043384,74.2338295269334,17.9737033755334,4.93121295281508,0.714521256588825,0.195263465259889,0.0891001547578804,28.4685342822266,0.247587283731136,0.143408800644055,0.756450000899751,0.375261824568577,0.980642399733334,0.0015879709368386,0.494677678503579,2.52,3.12,2.871,1,"noRScoretop_seds_2over3under10_sst_75","noRScoretop_seds_2over3under10_sst"
"775",-3.8416456307012,25.0545467145379,32.69519127,38.2819802621145,79.0791844540969,56.629567419296,21.6953972000978,12.7563343294678,10.3693530812294,8.08497270721186,45.3999999275674,17.9089824966648,59.3416215216421,6.02044224378481,8.47427956241611,3.33347694204538,78.6145732314501,18.8538242482614,4.92235677594769,0.125621369521758,1.62772359128686,0.825961565228895,28.4947211554498,0.247584073306169,0.137093548129745,0.756537521967747,0.375173903174895,0.971526859281486,0.0631325320660292,0.624922802149292,2.52,3.12,3.016,1,"noRScoretop_seds_2over3under10_sst_76","noRScoretop_seds_2over3under10_sst"
"776",-2.31536099302091,22.2511584403184,32.7038238905582,37.6421190625219,70.6620728919105,56.7532130616282,20.6873620410118,16.6233126719318,10.1129741966538,13.8391550745326,42.8395321895921,17.9788565902199,62.652630605755,6.04498443945748,8.46714740534177,3.25814064679864,74.3123599305306,18.7072989848044,5.61520918968817,0.320655757417411,0.196963917594102,0.0877444258878069,20.3985765242946,0.247712917715631,0.137308294786331,0.754836880774696,0.381750561415843,0.845918938995644,0.0616356514626702,0.635052031637614,2.58,3.12,2.919,1,"noRScoretop_seds_2over3under10_sst_77","noRScoretop_seds_2over3under10_sst"
"777",-5.02832288569127,22.5640938533181,32.6932362163205,39.3640183864299,70.837054595562,55.8512703392762,21.6538121985571,12.7563343294678,11.0534937259299,15.0906810677374,42.7092948072967,19.084817236104,59.94399257254,6.02038890199544,8.50637499112041,3.185406943,74.23064019,18.64978812,4.95510309852809,0.125621369521758,0.153166977601662,0.0355583095487663,28.3516400363971,0.247668003621506,0.214048715825453,0.810501120261805,0.976183840078292,0.973473404961757,0.004878027526196,0.492582210082348,2.68,3.12,2.83,1,"noRScoretop_seds_2over3under10_sst_78","noRScoretop_seds_2over3under10_sst"
"778",-5.01025177422048,22.5640938533181,32.6935409992371,39.3640183864299,71.03751896,55.8040897769061,21.6622255772872,12.7563343294678,11.089687356886,14.93974363,42.7092948072967,19.0852855276285,59.94399257254,6.02191235878891,8.43514147909666,3.185406943,74.23064019,18.6493911786165,4.93938153016451,0.142597892881849,0.153166977601662,0.0355583095487663,28.554448465749,0.247152681673971,0.214048715825453,0.80573018687595,0.976318810265951,0.971534554143332,0.00128506929042726,0.494677678503579,2.69,3.12,2.828,1,"noRScoretop_seds_2over3under10_sst_79","noRScoretop_seds_2over3under10_sst"
"779",-5.01094497533376,22.5640938533181,32.6705729592244,39.3640183864299,71.0996205219416,55.8512703392762,21.6505904219439,12.7563343294678,10.1586658752791,15.0287551114074,42.7092948072967,19.0973479818154,59.94399257254,6.50776291344541,8.50637499112041,3.185406943,74.23064019,18.8269763644387,5.09129813569563,0.125621369521758,0.153166977601662,0.0355583095487663,28.554448465749,0.247587283731136,0.215399568805177,0.810501120261805,0.976172601,0.972279345842812,0.00128506929042726,0.494677678503579,2.74,3.12,2.896,1,"noRScoretop_seds_2over3under10_sst_80","noRScoretop_seds_2over3under10_sst"
"780",-4.65060418967546,22.611991298292,33.0208353802462,37.6310577904057,70.6620760705531,56.61624202,20.7292638430038,12.3421056491027,11.0602657408516,10.4518449691356,45.2942472569572,17.7558589175593,62.6515395563808,6.04473975964729,8.46575932888211,3.17869714106601,74.6963411556939,18.7077125862648,6.12085090975611,0.322359121198694,1.653891725,0.117456731189816,20.3159763587111,0.27956924430522,0.143636913978383,0.800656861728513,0.37848474590007,0.929392402388187,0.0012115207021398,0.699697416716343,2.5,3.13,3.11,1,"noRScoretop_seds_2over3under10_sst_81","noRScoretop_seds_2over3under10_sst"
"781",-2.27051906267765,22.2511584403184,32.9095910004194,38.8985005753123,70.5933950812794,57.1332154690107,20.6877266973926,14.5688291799683,10.4184575156986,14.9488298105462,42.8086972298937,17.9788565902199,62.6327576707763,6.01011110848409,8.52278013915284,3.25887035164564,74.3182351442922,18.6593381567084,4.94347190318558,0.707634622212911,1.54668400654369,0.0878117980368858,20.3985427371825,0.247712917715631,0.137304064069283,0.755166533758155,0.279292467707497,0.846163801300913,0.000434772747226878,0.639079504623292,2.51,3.13,3.006,1,"noRScoretop_seds_2over3under10_sst_82","noRScoretop_seds_2over3under10_sst"
"782",-5.03476999256111,22.6006744295193,32.695173755896,39.0269786501441,71.0375290253256,55.8516151278173,21.6537769728368,12.8644657028618,11.1121599852749,14.93974363,42.6901250288593,19.0864704143636,59.9439829142007,6.02037916675377,8.50776713878851,3.185406943,74.2290639654966,18.6498454483767,4.95598725003736,0.301471414994948,0.189786916384322,0.0266010189652852,28.554412596277,0.242977427528531,0.215167507013441,0.810052169488283,0.976176498734049,0.967117149885506,0.00127439252706439,0.494638826520091,2.67,3.13,2.843,1,"noRScoretop_seds_2over3under10_sst_83","noRScoretop_seds_2over3under10_sst"
"783",-0.817403376785459,22.5218786606156,34.8168209493041,43.1835064002091,70.3198363581953,47.0964379043013,19.3718849275283,12.2432720711091,13.12274276,13.8447926536012,40.0887023678745,12.1947003248954,59.8900399383038,6.46241602123063,8.45194163793672,3.79023415267601,74.8805362949004,15.5875532021097,5.08910703208758,0.882176066,1.55305007529105,0.835367059589673,28.2709858970955,0.699070796,0.140986172255542,0.792301708,0.372191523,0.842007176636775,0.125498081848438,0.731511678520871,2.27,3.14,3.797,1,"noRScoretop_seds_2over3under10_sst_84","noRScoretop_seds_2over3under10_sst"
"784",-1.39664835133777,22.6738013989331,34.8168209493041,43.1835064002091,70.0264764017859,47.0964379043013,19.4842326016656,12.2432720711091,13.12274276,13.7921031388744,40.0887023678745,13.1437798706953,60.0116821336165,6.46325923647856,8.45194163793672,3.76241015511923,74.8491217334341,15.5875532021097,4.21609125168263,0.30308078528037,1.57590522009422,0.842682677125702,28.2840650329555,0.699070796,0.140986172255542,0.792301708,0.385495253343036,0.842007176636775,0.125498081848438,0.731511678520871,2.28,3.14,3.689,1,"noRScoretop_seds_2over3under10_sst_85","noRScoretop_seds_2over3under10_sst"
"785",-4.98254544153343,19.9651559146854,32.6935585133411,39.3640183864299,71.03751896,55.8512703392762,21.6538121985571,12.7564030471446,10.15544854076,14.93974363,42.5600782921275,18.0414973732443,59.946869981327,6.02034248354268,8.50637499112041,3.19409317851668,74.23064019,18.6485797383479,6.294877438863,0.125621369521758,0.113839360731783,0.0355583095487663,28.5527824750115,0.247587283731136,0.187275277171555,0.810501120261805,0.975944715752541,0.841080752642619,0.00210876207221885,0.494669412602948,2.74,3.14,2.817,1,"noRScoretop_seds_2over3under10_sst_86","noRScoretop_seds_2over3under10_sst"
"786",-1.39664835133777,22.5218786606156,34.8168209493041,43.1835064002091,70.3198363581953,47.0964379043013,19.3718849275283,12.2432720711091,13.12274276,13.8447926536012,40.0887023678745,12.1947003248954,59.8900399383038,6.46241602123063,8.45194163793672,3.79023415267601,74.8805362949004,15.5875532021097,5.08910703208758,0.882176066,1.55305007529105,0.835367059589673,28.2709858970955,0.699070796,0.140986172255542,0.792301708,0.372191523,0.842007176636775,0.125498081848438,0.731511678520871,2.26,3.15,3.696,1,"noRScoretop_seds_2over3under10_sst_87","noRScoretop_seds_2over3under10_sst"
"787",-3.79254429466612,22.5624827915644,32.7015793069216,43.1801932872695,63.1723431033267,49.6617630837587,21.6413338597464,10.1737653818376,10.3575001685671,19.6769303093371,34.61456235,13.0459280151874,60.00592973,6.71676615099171,8.38421801635934,3.17536218,72.9475985956863,18.3421355268775,4.17298690127696,0.916452243923385,1.48853541589777,0.376736674238577,28.6036093053273,0.96237636724782,0.138231457383892,0.679663140858815,0.170659588,0.966064169531294,0.0621229411738858,0.699666266107365,2.38,3.15,3.167,1,"noRScoretop_seds_2over3under10_sst_88","noRScoretop_seds_2over3under10_sst"
"788",-4.86588545277863,25.054583485669,32.9975772529201,38.3022705895505,70.5930052605106,55.8512703392762,21.6538121985571,12.7471497725134,12.767683936734,14.9445919168566,42.6875634082419,17.8907622752969,60.0748628995416,6.02428390221256,8.01896710341964,3.17842304043384,74.2329364404462,17.9819973208417,4.21810696702696,0.734180251832208,0.061452274318498,0.0948907721529852,28.4685342822266,0.247587283731136,0.143408800644055,0.920208113284612,0.37503010543055,0.980642399733334,0.000737801645587073,0.491759822874657,2.52,3.15,2.873,1,"noRScoretop_seds_2over3under10_sst_89","noRScoretop_seds_2over3under10_sst"
"789",-5.03511570240248,22.6006744295193,32.695173755896,39.0269786501441,71.0375290253256,55.8516151278173,21.2029877514004,12.8644657028618,11.125565335976,14.8723005585352,42.6901250288593,19.0865486457947,59.9410270428826,6.02168382465821,8.50896888494806,3.185406943,74.3999696699444,18.679138107735,5.51809298181092,0.297342614674997,0.291890768328308,0.0206421417716298,28.554412596277,0.242989370057164,0.215167507013441,0.810017256319997,0.976176498734049,0.967583416755129,4.79174185992297e-05,0.494638826520091,2.66,3.15,2.868,1,"noRScoretop_seds_2over3under10_sst_90","noRScoretop_seds_2over3under10_sst"
"790",-5.01025177422048,22.6603579465599,32.6935409992371,39.3640183864299,71.03751896,55.8040897769061,21.6538286664464,12.7563242719612,11.089687356886,14.93974363,42.7092948072967,17.9607942448313,59.9440083961746,6.02191235878891,8.43583352370319,3.185406943,74.23064019,18.6485823867778,4.93938153016451,0.142597892881849,0.152786463450059,0.0355583095487663,28.5603468959095,0.247152681673971,0.188742355709591,0.80573018687595,0.976318810265951,0.846370360388748,0.00209386052539659,0.494677678503579,2.56,3.16,2.858,1,"noRScoretop_seds_2over3under10_sst_91","noRScoretop_seds_2over3under10_sst"
"791",-3.61620521161502,22.5624827915644,32.9317336488329,43.2347193296023,63.1255341587336,49.6617630837587,20.7008375256107,10.1737653818376,10.3575001685671,19.6769303093371,34.61456235,12.98235682,60.00592973,6.68609098544226,8.38421801635934,3.17536218,72.9475985956863,18.34410062284,4.2101594951211,0.916452243923385,1.48853541589777,0.376736674238577,28.6036093053273,0.96237636724782,0.138231457383892,0.682708680111832,0.170659588,0.965882052092863,0.0621229411738858,0.701662557785855,2.36,3.17,3.287,1,"noRScoretop_seds_2over3under10_sst_92","noRScoretop_seds_2over3under10_sst"
"792",-3.63699899273943,22.9212932292469,32.79396922,48.6249016901069,63.2730472643003,47.3987148873913,20.6878230119179,11.1192012289912,10.9941023093102,19.8284026500423,34.6346878411904,12.9774648171923,60.2824086957212,6.68608627105618,8.43595947979349,3.92321963869519,72.5635594429564,15.7105775494644,5.34658955334015,0.319628300705257,1.56035398614616,0.898323216832115,28.9041325933239,0.688244175732939,0.14042617283253,0.788577079745714,0.166226214277101,0.841368198653767,0.0646384262218278,0.511927724916858,2.37,3.17,3.275,1,"noRScoretop_seds_2over3under10_sst_93","noRScoretop_seds_2over3under10_sst"
"793",-4.53857971816632,22.611991298292,33.0208353802462,37.6310577904057,71.0160491342995,56.61624202,20.6899247103435,12.3451752111861,10.180334592076,15.1020070691589,45.2942472569572,17.7551103616087,62.6517694802989,6.04342819874492,8.46575932888211,3.17527166234276,74.6963411556939,18.6451741968781,6.10690591642709,0.322359121198694,1.7592177562678,0.115477189133254,20.3159763587111,0.27956924430522,0.143636913978383,0.800766525141774,0.381029378305383,0.994445147246817,0.0618088460607489,0.634392501011243,2.47,3.17,3.098,1,"noRScoretop_seds_2over3under10_sst_94","noRScoretop_seds_2over3under10_sst"
"794",-4.86588545277863,25.054583485669,33.0181788887507,38.3022705895505,70.5930052605106,55.8520221399071,21.6538121985571,12.8767050986498,12.8081388858677,14.9445919168566,42.7092303156371,17.8907622752969,59.9360860848623,6.02298978784493,8.01896710341964,3.18532527657161,74.2338295269334,18.64978812,4.93111068037673,0.0826083743350734,0.195263465259889,0.0891001547578804,28.4685342822266,0.247587283731136,0.14341088437056,0.756450000899751,0.375261535571255,0.980642399733334,0.000559796181324638,0.620080249508045,2.56,3.17,2.863,1,"noRScoretop_seds_2over3under10_sst_95","noRScoretop_seds_2over3under10_sst"
"795",-5.66803527810895,22.5303208607816,33.0200139235049,38.1507413612881,69.8525897109932,55.4251619756833,23.1505431026973,12.220168185283,12.7948475285828,13.3276403104312,43.852232783746,15.9830758753153,62.6805515326598,5.75876463645066,7.74133099794896,3.25265273536334,74.838053075925,17.9028276382424,3.75814774833746,0.148441471286083,0.52644253186675,0.791954804407357,19.9869205523338,1.05346939623629,0.140429896372519,0.946106019997304,0.283214426694174,0.922354012102656,0.0209905385550793,0.585180238576172,2.59,3.17,2.838,1,"noRScoretop_seds_2over3under10_sst_96","noRScoretop_seds_2over3under10_sst"
"796",-5.24588156354568,22.546272373303,33.0191831394366,36.5175257712997,69.5684860644606,54.7212774564742,23.0910017967035,12.2569107873553,12.8000380036051,13.3276403104312,43.80995487238,15.4595181947897,62.6808391820099,5.75595031286698,8.07102905815574,3.17314630458866,74.838053075925,17.9671327750621,3.7664457816207,0.389114473116121,1.18213555396132,0.142277510253391,18.2443360357321,1.01696298110027,0.143113645628386,0.945647719241186,0.292074921324753,0.922354012102656,0.0375469180166885,0.633893436257428,2.59,3.17,2.84,1,"noRScoretop_seds_2over3under10_sst_97","noRScoretop_seds_2over3under10_sst"
"797",-5.24588156354568,22.5303208607816,33.0200139235049,38.1507413612881,69.8525897109932,55.4251619756833,23.1505431026973,12.220168185283,12.7948475285828,13.3276403104312,43.852232783746,15.9830758753153,62.6805515326598,5.75876463645066,7.74133099794896,3.25265273536334,74.838053075925,17.9028276382424,3.75814774833746,0.148441471286083,0.52644253186675,0.791954804407357,19.9869205523338,1.05346939623629,0.140429896372519,0.946106019997304,0.283214426694174,0.922354012102656,0.0209905385550793,0.585180238576172,2.61,3.17,2.76,1,"noRScoretop_seds_2over3under10_sst_98","noRScoretop_seds_2over3under10_sst"
"798",-3.08962661162762,20.5905920687381,32.69519127,38.2819802621145,70.5911638178726,55.8027487999345,21.6538121985571,12.7934030275527,10.15544854076,14.9395037065516,39.5566609628451,17.8502332337915,60.0073452055182,6.02034248354268,8.50637499112041,3.185406943,74.2308761145402,18.64978812,6.31742671377925,0.125621369521758,0.194134162170752,0.0265775060278859,28.602432130033,0.247587283731136,0.196864389409281,0.804731626288437,0.97616959471002,0.977995928786746,0.00131334491710082,0.494677678503579,2.73,3.17,2.824,1,"noRScoretop_seds_2over3under10_sst_99","noRScoretop_seds_2over3under10_sst"
"799",-2.52484619803875,22.50304659643,32.733179843202,39.8798228430003,69.8502556594292,49.1826606410397,20.3758883538019,12.2214683311971,10.9201310285331,13.319847297297,43.8261728357216,13.0367452382068,59.6837260716366,6.68493471176165,8.07041037888775,3.09105775553821,74.8689821887617,18.0280208040459,5.08211561574408,0.722853981735041,1.62803640626058,0.921911659503748,18.2739446237854,0.976746651298865,0.140486229673527,0.564027460366029,0.1675005810694,0.880204090712894,0.0265640735783455,0.44266853001614,2.34,3.19,3.285,1,"noRScoretop_seds_2over3under10_sst_100","noRScoretop_seds_2over3under10_sst"
"800",-1.39668901194292,22.5234160220506,34.8127239006059,43.0842151491475,70.2307697404586,47.0964379043013,19.3718849275283,12.235508025716,13.1205208375571,13.8447926536012,40.0887023678745,13.0423199561838,59.8860935297531,6.71933519890021,8.45226910521532,3.79017136276251,79.0807655467704,15.5814458686417,5.0896706750773,0.870910605364908,1.55235096282886,0.835347244554787,28.0822699678568,0.699070796,0.140986172255542,0.678187518902669,0.372191523,0.864682738150924,0.125498081848438,0.587934776871243,2.25,3.2,4.433,1,"noRScoretop_seds_2over3under10_sst_101","noRScoretop_seds_2over3under10_sst"
"801",-1.32356240859442,22.5309681249986,33.0773612605176,43.0842151491475,69.549135850104,47.1363435573702,19.4376536413861,12.190778860078,13.172058092345,13.8447926536012,43.811499862408,12.9190127643445,60.1394583677058,6.71933939904889,8.0503643633556,3.81019485692924,74.8805362949004,15.6157826820356,5.11126058608358,0.729474816017539,1.50268738397684,0.413650509491448,20.4911355824557,0.699070796,0.140996516479497,0.919735239409228,0.372191523,0.990298447295131,0.125498081848438,0.857867081459771,2.28,3.2,3.448,1,"noRScoretop_seds_2over3under10_sst_102","noRScoretop_seds_2over3under10_sst"
"802",-3.15071799071809,22.5121775546622,32.9317336488329,43.2347193296023,63.1316378538987,49.6762934323016,20.7008375256107,10.1737653818376,11.0590043939855,19.6769303093371,34.61456235,12.980385400215,60.0036211091327,6.72240783978001,8.09622108297471,3.17575394111012,72.9475985956863,18.34410062284,4.16566098881728,0.884368948455122,1.56378677094997,0.378365643232804,28.6036093053273,0.96041161998976,0.127664956796731,0.569374556957213,0.196802194354291,0.965882052092863,0.0627443216913156,0.701662557785855,2.35,3.2,3.191,1,"noRScoretop_seds_2over3under10_sst_103","noRScoretop_seds_2over3under10_sst"
"803",-5.24588156354568,22.546272373303,33.0200162297335,36.5175257712997,69.5684860644606,55.1297366774847,23.0910017967035,12.2578967412112,12.8000380036051,13.3276403104312,43.80995487238,15.4595181947897,62.6808378730871,5.75595031286698,8.07102905815574,3.17314630458866,74.838053075925,17.9671327750621,3.7664457816207,0.389114473116121,1.18213555396132,0.414840554353814,18.2443360357321,1.05346740758333,0.143113645628386,0.945647719241186,0.292074921324753,0.922354012102656,0.0384151790062737,0.633893436257428,2.59,3.2,2.811,1,"noRScoretop_seds_2over3under10_sst_104","noRScoretop_seds_2over3under10_sst"
"804",-1.41419082901725,22.5222269405357,34.8168209493041,43.1835064002091,70.4104557378371,47.0989399946338,18.540300616237,12.4782857936004,13.1368070521689,13.8081679148199,39.9441488028511,12.0724782758753,59.8900399383038,6.46241602123063,8.42003474677226,3.80318673955296,74.8805362949004,15.5282782318223,5.08910703208758,0.882176066,1.55392810178189,0.835367059589673,28.2732338783259,0.810291055306234,0.140919273321615,0.911230360218803,0.372191523,0.972566639125087,0.125498081848438,0.731511678520871,2.25,3.21,3.81,1,"noRScoretop_seds_2over3under10_sst_105","noRScoretop_seds_2over3under10_sst"
"805",-1.42628507323967,22.6291985575323,34.8168209493041,43.1835064002091,70.3198363581953,47.0964379043013,19.3718849275283,13.4768377278861,13.12274276,13.8447926536012,40.0887023678745,12.1910282876047,59.9789448822533,6.46241602123063,8.43721883467719,3.79023415267601,74.8805362949004,15.5874845299719,5.08910703208758,0.682443030219486,1.55305007529105,0.841431499405419,28.2709858970955,0.699070796,0.140986172255542,0.792301708,0.372191523,0.842007176636775,0.125498081848438,0.731511678520871,2.26,3.21,3.771,1,"noRScoretop_seds_2over3under10_sst_106","noRScoretop_seds_2over3under10_sst"
"806",-1.39712157548262,22.5130559907568,32.8295328512068,43.0842151491475,69.5367456647327,47.1363435573702,19.3757713055509,12.190778860078,13.1485898180126,13.8447926536012,43.8178455808826,12.9640937724025,60.1774307492451,6.71933939904889,8.05511235344794,3.76020771048355,74.884846667575,15.4712804865279,5.12651172265869,0.728462640188803,1.55235096282886,0.413451597827681,18.2632201797578,1.02358359349705,0.217129020681669,0.91742766743906,0.545514438920638,0.989534439775798,0.131824237691223,0.864467574514061,2.3,3.21,3.366,1,"noRScoretop_seds_2over3under10_sst_107","noRScoretop_seds_2over3under10_sst"
"807",-2.82251523084686,23.3667171140154,32.9302491233941,39.546528963981,69.8828954834635,54.7218891234843,21.3143928136671,12.2260908188667,12.4740176116233,13.8424890893502,42.8365910449714,16.020527349306,62.6515014146721,5.98161054463101,8.07110551937999,3.26166374587693,74.6583326533855,17.0378582773886,4.15196044728834,0.743694965420331,0.201038526036827,0.402208415354192,19.9410670928547,1.01475850538046,0.134742660531633,0.949281600403562,0.538631264689577,0.871934346856562,0.0650829780885506,0.642635427354218,2.46,3.21,2.986,1,"noRScoretop_seds_2over3under10_sst_108","noRScoretop_seds_2over3under10_sst"
"808",-2.31536099302091,22.2513668511256,32.9095910004194,38.9074237897442,70.621716308457,57.1332154690107,20.6877266973926,14.5688291799683,10.2256007007487,12.984743989447,44.2356125650808,17.9788565902199,62.6327576707763,6.01011110848409,8.14024246665887,3.25887035164564,74.3182351442922,17.8894365491952,5.32868227431385,0.305059323358584,1.52100792825564,0.0877400160926062,18.6628475403078,0.219393535397831,0.142548356486961,0.679169131716267,0.279292467707497,0.846163801300913,0.0281300873484088,0.586679911479819,2.46,3.21,3.011,1,"noRScoretop_seds_2over3under10_sst_109","noRScoretop_seds_2over3under10_sst"
"809",-2.13371293934572,22.3743129534113,32.8986626455146,36.9443963494433,70.621716308457,56.7556165783632,20.6737180097865,14.7767253521964,12.8207952330575,13.3364740598373,43.4651192055073,17.8380133034193,62.631690154605,6.01164750546713,8.08528122404749,3.26399154393416,74.8188986786738,18.6496071659664,4.20079952193259,0.173445421487719,0.18441932566691,0.170584708882677,20.2154736362227,0.224571735256109,0.13462145074978,0.689717459179273,0.161513883936966,0.842041163631902,0.0869856700899331,0.635280831012815,2.49,3.21,2.998,1,"noRScoretop_seds_2over3under10_sst_110","noRScoretop_seds_2over3under10_sst"
"810",-1.39712157548262,22.5130559907568,33.0773612605176,43.0842151491475,69.5367456647327,47.1363435573702,19.4376536413861,12.190778860078,13.1707034576765,13.8447926536012,43.8178455808826,12.9640937724025,60.0090653792603,6.71933939904889,8.05509921510802,3.79017136276251,74.8805362949004,15.5875532021097,5.1163366128448,0.729474816017539,1.55235096282886,0.413451597827681,20.4911355824557,0.699070796,0.140986172255542,0.919735239409228,0.372191523,0.989534439775798,0.125498081848438,0.85765510448652,2.28,3.22,3.422,1,"noRScoretop_seds_2over3under10_sst_111","noRScoretop_seds_2over3under10_sst"
"811",-5.36673767752497,22.7929873582623,33.0209435530245,36.8108005919626,69.5507394711015,55.1251210317951,23.0919416440038,12.1999221801113,12.8000380036051,13.3517995388261,43.8115521615733,15.7068283325227,62.6789009,6.0098612484392,8.04891597622895,3.07145932968445,74.8306845792343,17.9940018620655,4.18683622424642,0.715768559736514,0.537550837698174,0.428771313368032,18.1240003914759,1.04354547967943,0.14340717028679,0.919762736103032,0.117157490077051,0.864338688752192,0.0188757263298895,0.850929184461371,2.5,3.23,2.857,1,"noRScoretop_seds_2over3under10_sst_112","noRScoretop_seds_2over3under10_sst"
"812",-2.31536099302091,22.2511584403184,32.9095910004194,38.9074237897442,70.621716308457,57.1332154690107,20.6877266973926,14.5688291799683,10.4184575156986,13.8391550745326,42.8086972298937,17.9788565902199,62.6327576707763,6.01011110848409,8.50884461586917,3.25887035164564,74.3182351442922,18.6594615022462,5.32868227431385,0.305059323358584,1.54668400654369,0.0877400160926062,20.3985427371825,0.247712917715631,0.137304064069283,0.755166533758155,0.279292467707497,0.846163801300913,0.101883945899509,0.636918785854605,2.51,3.23,2.958,1,"noRScoretop_seds_2over3under10_sst_113","noRScoretop_seds_2over3under10_sst"
"813",-3.72356102173394,22.8188844014116,32.7882935918531,49.80767944,63.189336634847,49.1683294347651,20.7002137590157,12.2494956345464,10.9987967263086,19.7885313469735,34.6346973247678,12.98235682,60.0127295969511,6.69513792321029,8.11999212818612,3.92321963869519,73.0561980107278,15.7584904348532,5.34658955334015,0.30793332240795,1.551652769,0.0437058627450567,28.1518296085639,1.01246904182181,0.141145202251789,0.634401160293568,0.166226214277101,0.933493037024002,0.0646384262218278,0.842716034897842,2.32,3.24,3.29,1,"noRScoretop_seds_2over3under10_sst_114","noRScoretop_seds_2over3under10_sst"
"814",-1.42632573384482,22.6307359189674,34.8127239006059,43.0842151491475,70.2307697404586,47.0964379043013,19.3718849275283,13.469073682493,13.1205208375571,13.8447926536012,40.0887023678745,13.0386479188931,59.9749984737026,6.71933519890021,8.4375463019558,3.79017136276251,79.0807655467704,15.5813771965039,5.0896706750773,0.671177569584394,1.55235096282886,0.841411684370532,28.0822699678568,0.699070796,0.140986172255542,0.678187518902669,0.372191523,0.864682738150924,0.125498081848438,0.587934776871243,2.25,3.25,4.526,1,"noRScoretop_seds_2over3under10_sst_115","noRScoretop_seds_2over3under10_sst"
"815",-6.34340714174578,22.4005739989153,30.0103814905473,38.1138562709778,70.643304558004,54.4927451147784,24.0501960361621,11.1833241564136,10.8719378294179,14.7445661865441,40.0955100238836,16.9111320170576,62.9981381671224,5.79248913030716,8.13652786954474,3.93038795548413,74.8625573657804,18.6585461664902,3.61672036648829,0.572578239405786,1.40961854219369,0.408355158403718,25.1347055410049,0.295882653638842,0.138903790349889,0.560708774325859,0.381285992158901,0.844124752653558,0.0193791305808939,0.358637154357423,2.79,3.26,2.679,1,"noRScoretop_seds_2over3under10_sst_116","noRScoretop_seds_2over3under10_sst"
"816",-2.54798181620778,22.50304659643,32.7207000281995,39.8798228430003,69.8502556594292,49.0853392531014,20.3758883538019,12.2214683311971,10.8899637641375,13.319847297297,43.840232539064,12.7908952242298,59.6837260716366,6.69819468843151,8.07154541911783,3.08145286265799,74.8689821887617,17.9675405066835,5.11252999889828,0.722853981735041,1.62803640626058,0.921911659503748,19.9683151374395,0.976746651298865,0.140484688546223,0.569700390681165,0.172392165919588,0.880204090712894,0.0211308785519879,0.837290870025986,2.32,3.28,3.2,1,"noRScoretop_seds_2over3under10_sst_117","noRScoretop_seds_2over3under10_sst"
"817",-1.23105107898689,22.6307359189674,34.8127239006059,43.0842151491475,70.2853349936013,47.0964379043013,19.3718849275283,13.5049007737495,13.1244155523689,13.8447926536012,40.1214605073221,13.0386479188931,59.9749984737026,6.71933519890021,8.4375463019558,3.79017136276251,79.0807655467704,14.3755111893174,5.0896706750773,0.671177569584394,1.55235096282886,0.84236822933447,28.0818095385795,0.697760691804246,0.140986172255542,0.682532157445504,0.372874971068318,0.971004257175376,0.125498081848438,0.856554406120554,2.24,3.3,4.369,1,"noRScoretop_seds_2over3under10_sst_118","noRScoretop_seds_2over3under10_sst"
"818",-6.80183146381617,22.8321113716102,33.0034628904401,39.33457457626,69.6077090828152,55.4294272696573,23.269238125128,10.0185459168504,12.1982100293287,13.8249122131387,45.6604418549782,16.0082037435327,62.6310821509596,6.05864434335835,8.43748061087922,3.24890128554571,74.6693931166115,18.2499993286139,4.21357271616452,0.131240016494993,0.183973638995204,0.787311145695052,19.9890461838759,1.0084534319041,0.127393057505186,0.949281600403562,0.170628097570903,0.94078108437694,0.0207980176458155,0.482043988316828,2.61,3.31,2.724,1,"noRScoretop_seds_2over3under10_sst_119","noRScoretop_seds_2over3under10_sst"
"819",-1.49138715830804,22.6307359189674,34.8127239006059,43.0842151491475,70.2853349936013,47.0964379043013,19.3718849275283,13.5049007737495,13.1244155523689,13.8447926536012,40.1214605073221,13.0386479188931,59.9749984737026,6.71933519890021,8.4375463019558,3.79017136276251,79.0807655467704,14.3755111893174,5.0896706750773,0.671177569584394,1.55235096282886,0.84236822933447,28.0818095385795,0.697760691804246,0.140986172255542,0.682532157445504,0.372874971068318,0.971004257175376,0.125498081848438,0.856554406120554,2.24,3.33,4.273,1,"noRScoretop_seds_2over3under10_sst_120","noRScoretop_seds_2over3under10_sst"
"820",1.59447978645101,23.7551337040289,33.0243551488381,43.2350270975047,82.6970130654473,51.6522280645781,18.6398457468085,10.1091187568457,12.8525844852665,13.1785338510665,45.4124696531298,15.9001041653609,54.0939478291812,7.22723393232956,8.38311050225561,3.803325431,85.980316658421,14.1489259464998,4.21163090634447,0.91068385,1.63005202271166,0.894213766613655,28.314833339951,0.802471393,0.171720272,0.919779321545361,0.314606388291698,0.0633877247430995,0.123379204582337,0.856235266369252,2.26,3.33,3.492,1,"noRScoretop_seds_2over3under10_sst_121","noRScoretop_seds_2over3under10_sst"
"821",-6.83916400009874,22.8085793020414,33.023034664548,39.3994481524263,69.5643505098622,54.7109905701649,23.0920097020635,12.1999252084343,12.5714459453836,15.0444682939069,45.7733721215432,15.7421160957693,62.6789009,6.71868811361202,8.04890466557677,3.05413934203284,74.7081349657421,17.9671327750621,4.22495671814438,0.153668301218415,0.315589726788182,0.065976291303596,18.2803332225359,1.04337218910731,0.209693789319635,0.949421164581298,0.543266052998338,0.864959909086764,0.0188175824165896,0.850896239393479,2.4,3.34,2.892,1,"noRScoretop_seds_2over3under10_sst_122","noRScoretop_seds_2over3under10_sst"
"822",-6.83916400009874,22.8088555632853,33.023034664548,39.3994481524263,69.5643505098622,54.7109905701649,23.0920097020635,12.1999252084343,12.5714459453836,15.0444682939069,45.7733721215432,15.7421160957693,62.6789009,6.71868811361202,8.05075001790072,3.05413934203284,74.7081349657421,17.9671327750621,3.76427120885867,0.153668301218415,0.315589726788182,0.0719296155148055,18.2803332225359,1.04337218910731,0.212555450909448,0.966974015549786,0.543266052998338,0.864959909086764,0.0188175824165896,0.84838674470815,2.4,3.34,2.946,1,"noRScoretop_seds_2over3under10_sst_123","noRScoretop_seds_2over3under10_sst"
"823",1.59447978645101,23.7551337040289,33.0244638235878,43.23471618,82.6970130654473,51.6522280645781,18.6398457468085,10.1091187568457,12.8525844852665,13.1785019881721,45.4090536265263,15.9002002819477,54.0939478291812,7.22723393232956,8.38311050225561,3.803325431,85.980316658421,14.1489259464998,4.21163090634447,0.91068385,1.63036450933935,0.89543668225634,28.3132001980458,0.802471393,0.171720272,0.793588544046084,0.314606388291698,0.0634460218701896,0.123379204582337,0.856235266369252,2.26,3.35,3.492,1,"noRScoretop_seds_2over3under10_sst_124","noRScoretop_seds_2over3under10_sst"
"824",-6.77590087192482,24.886430768373,31.3118779894237,43.6967481801212,54.5103836743116,64.1453570939544,24.8933985068759,14.7872152017772,12.4756567372101,14.5265291582845,36.0277271728677,20.0649476394316,60.0548566622862,6.39470387,5.894865908,3.97838314466382,63.1509887033442,26.56045247,4.20024422028926,0.958427243573698,0.0761463677119128,1.75061915838344,24.3998282,0.81806148933737,0.163590783592951,0.758110982353536,0.662038608738485,0.790623904849134,0.0869648187443818,0.609092233560757,3.31,3.35,2.633,1,"noRScoretop_seds_2over3under10_sst_125","noRScoretop_seds_2over3under10_sst"
"825",-1.79717224302202,22.6307359189674,34.8168209493041,43.0842151491475,70.2307697404586,47.0964379043013,19.3718849275283,13.469073682493,13.1740265992976,13.8447926536012,40.0887023678745,13.0111132596593,60.0090653792603,6.71933939904889,8.4375463019558,3.79017136276251,74.8805362949004,15.5875532021097,5.09325208297782,0.888418596162732,1.55235096282886,0.835367059589673,28.3193014048826,0.699070796,0.140986172255542,0.792301708,0.372191523,0.864682738150924,0.125498081848438,0.731667114506375,2.25,3.37,3.751,1,"noRScoretop_seds_2over3under10_sst_126","noRScoretop_seds_2over3under10_sst"
"826",-6.88232080393926,24.886430768373,31.3118779894237,43.6967481801212,54.5103840184834,64.1453570939544,24.893353498831,14.7861370588331,12.4775710952896,14.5769795357548,36.0277271728677,20.0649476394316,60.0548566622862,6.39470387,5.894865908,3.97838314466382,63.1509887033442,26.56045247,4.20024422028926,0.958427243573698,0.346691384392922,1.75061915838344,24.3998282,0.81806148933737,0.163590783592951,0.7596701642587,0.662045417388698,0.792041163137234,0.0869648187443818,0.609092233560757,3.29,3.39,2.637,1,"noRScoretop_seds_2over3under10_sst_127","noRScoretop_seds_2over3under10_sst"
"827",-7.19543110191561,24.7959305200356,31.3296885029103,38.1367861021724,54.5089597727529,64.14541705,24.8929127827112,14.7687448126163,12.5378928444583,13.3140501396039,35.974632283168,20.1681095076467,60.24920549,6.3898544033096,5.78804740296499,3.815440357,63.1863293240276,26.7724470954526,4.18763063507307,0.721436062024421,1.75486711405054,0.402053789342161,24.4008460180963,0.873504253651316,0.201204542174492,0.758224390593066,0.656796862083465,0.988557999946994,0.0614754070059265,0.584644352130121,3.19,3.4,2.664,1,"noRScoretop_seds_2over3under10_sst_128","noRScoretop_seds_2over3under10_sst"
"828",-7.19543110191561,24.7029533768307,31.3296885029103,38.1367861021724,54.5089768712018,64.1441782832937,24.8929127827112,14.7870156925099,12.5378928444583,13.3140501396039,35.974632283168,20.1868038646302,60.24920549,6.38939726347177,5.78804740296499,3.98478783503034,63.1477762863379,26.7914250971627,4.18755044220868,0.721436062024421,1.75486711405054,0.402053789342161,24.3967637191473,0.873677924589362,0.198730223472702,0.758224390593066,0.670946448187428,0.988557999946994,0.0614754070059265,0.584736910442763,3.21,3.4,2.652,1,"noRScoretop_seds_2over3under10_sst_129","noRScoretop_seds_2over3under10_sst"
"829",-6.88059989896137,24.8872795066887,31.2930374380652,43.7458941981626,54.4694878564765,64.1507499640935,24.8931956645982,14.7864461329216,12.4938255166205,14.5768391693642,35.9465119847375,20.0657377196045,59.9188518726003,6.39470387,5.894865908,3.98384408697695,63.1515508522448,26.56045247,4.19996497301746,0.958158757597011,0.404175602077671,1.74873268501409,24.3998282,0.84487299824916,0.163590783592951,0.768645859959368,0.655957249128691,0.7927146409021,0.0866857697779882,0.60883188,3.28,3.4,2.635,1,"noRScoretop_seds_2over3under10_sst_130","noRScoretop_seds_2over3under10_sst"
"830",-7.19543110191561,24.7029533768307,31.3296885029103,38.1367861021724,54.5089768712018,64.14541705,24.8929127827112,14.768943615374,12.5378928444583,13.3140501396039,35.974632283168,20.1868038646302,60.24920549,6.3898544033096,5.78804740296499,3.815440357,63.2186277413352,26.7724470954526,4.18763063507307,0.721436062024421,1.75486711405054,0.402053789342161,24.3379546765394,0.873504253651316,0.201204542174492,0.758224390593066,0.670946448187428,0.988557999946994,0.0614754070059265,0.584644352130121,3.19,3.41,2.66,1,"noRScoretop_seds_2over3under10_sst_131","noRScoretop_seds_2over3under10_sst"
"831",-7.19505844096926,24.7043853788696,31.3296885029103,38.1367861021724,54.5089768712018,64.1457908716624,24.8929127827112,14.768943615374,12.5378928444583,13.3208365935609,35.9457068294957,20.1868038646302,60.24920549,6.39481566752476,5.78804740296499,3.815440357,63.2183517224924,26.7638505698517,4.20039646086037,0.721436062024421,1.75486711405054,0.3956084028974,24.3379546765394,0.873504253651316,0.201204542174492,0.758226592393707,0.670946448187428,0.988557999946994,0.0614757482985657,0.584644352130121,3.19,3.41,2.661,1,"noRScoretop_seds_2over3under10_sst_132","noRScoretop_seds_2over3under10_sst"
"832",-6.88111745964207,24.8872795066887,31.2930374380652,43.8241642086091,54.5118569227863,64.1497596903304,24.8931956645982,14.7864461329216,12.4938255166205,14.5799701898233,36.0197118304462,20.0657377196045,59.9188568245245,6.39470387,5.894865908,3.98437482055664,63.1505825164419,26.56045247,4.19996497301746,0.958128801225149,0.404175602077671,1.74873268501409,24.3998282,0.818178657371143,0.163084368866965,0.768645859959368,0.65636129574683,0.792412457632598,0.0866857697779882,0.60883188,3.28,3.41,2.636,1,"noRScoretop_seds_2over3under10_sst_133","noRScoretop_seds_2over3under10_sst"
"833",1.02086178768633,22.5312593224147,33.0244638235878,43.1840660818446,82.5653878853837,51.6522280645781,18.63991042,10.10844935,12.8116600030099,14.7986489878203,45.4123223328391,15.7751716918948,53.69150708,7.227021098,8.41977623026302,3.80175304230273,84.5053306946158,14.3433659694995,4.21163090634447,0.905772350760294,1.60042886169189,0.896933041,28.3148244656268,0.802471393,0.172247140464867,0.914749558459191,0.540299128560102,0.969606174,0.123391761,0.855917372802167,2.28,3.42,3.331,1,"noRScoretop_seds_2over3under10_sst_134","noRScoretop_seds_2over3under10_sst"
"834",-6.88232080393926,24.8864254889261,31.2930374380652,43.7498437228946,54.4714965560691,64.1384798273716,24.8924656683206,14.7872291482718,12.4775971388889,14.5754946551896,36.02797161,20.0655929846052,59.9311942543403,6.39470387,5.894865908,3.81498306711274,63.1509887033442,26.56045247,4.18853063925922,0.952964037515975,0.380349121858197,1.73760979498182,24.3998282,0.81806148933737,0.163590783592951,0.759459606413697,0.661871568997958,0.593168717834762,0.0881396418647718,0.616192683016017,3.26,3.42,2.643,1,"noRScoretop_seds_2over3under10_sst_135","noRScoretop_seds_2over3under10_sst"
"835",-7.19543110191561,24.7947064593757,31.3296885029103,38.1367861021724,54.5089768712018,64.14541705,24.8929127827112,14.7689956012588,12.5378928444583,13.3065448258158,35.974632283168,20.1876478818355,60.24920549,6.3898544033096,5.78804740296499,3.815440357,63.2186277413352,26.7724470954526,4.18763063507307,0.90342828712786,1.75486711405054,0.402053789342161,24.3379546765394,0.870639169374174,0.20226183214663,0.758224390593066,0.670946448187428,0.988557999946994,0.0614754070059265,0.584644352130121,3.19,3.43,2.656,1,"noRScoretop_seds_2over3under10_sst_136","noRScoretop_seds_2over3under10_sst"
"836",-6.88323345317748,24.8864254889261,31.2962149824976,43.7458941981626,54.4701031395435,64.1511332206661,24.8931956645982,14.7872291482718,12.482703250583,14.5768391693642,35.9465119847375,20.0645969504395,59.9188518726003,6.39470387,5.894865908,3.95803188731473,63.1518983,26.56045247,4.20035059434275,0.952682327303287,0.368913969626772,1.7375934097788,24.3998282,0.84487299824916,0.163590783592951,0.767707743530097,0.661871568997958,0.58362824739838,0.0868918190459438,0.608758208497374,3.28,3.43,2.632,1,"noRScoretop_seds_2over3under10_sst_137","noRScoretop_seds_2over3under10_sst"
"837",-6.88335196283533,24.8864254889261,31.2930374380652,43.7458941981626,54.4701048492325,64.1508664384794,24.8931956645982,14.7872291482718,12.4767163614623,14.5768391693642,35.9465119847375,20.0645969504395,59.9188518726003,6.39035194092662,5.894865908,3.96912649532551,63.1518983,26.56045247,4.20035059434275,0.95799350396083,0.368913969626772,1.7369283528052,24.3998282,0.84487299824916,0.163467400022063,0.767707743530097,0.661871568997958,0.58362824739838,0.0868918190459438,0.60883188,3.28,3.43,2.632,1,"noRScoretop_seds_2over3under10_sst_138","noRScoretop_seds_2over3under10_sst"
"838",-6.88323345317748,24.8864254889261,31.2962149824976,43.7458941981626,54.4701031395435,64.1508696274364,24.8931956645982,14.7872291482718,12.482703250583,14.5768391693642,35.9465119847375,20.0645969504395,59.9188518726003,6.39470387,5.894865908,3.95803188731473,63.1518983,26.56045247,4.20035059434275,0.952682327303287,0.368913969626772,1.73759157993848,24.3998282,0.84487299824916,0.163590783592951,0.767707743530097,0.661871568997958,0.58362824739838,0.0868918190459438,0.608758208497374,3.28,3.43,2.632,1,"noRScoretop_seds_2over3under10_sst_139","noRScoretop_seds_2over3under10_sst"
"839",-6.88323345317748,24.8864254889261,31.3121576042222,43.7458941981626,54.4701048712137,64.1508664384794,24.8931956645982,14.7872291482718,12.4775715442773,14.5768402222597,35.9420225633535,20.0645951728404,59.9188518726003,6.39470387,5.894865908,3.98384408697695,63.1518525518149,26.56045247,4.20035106543198,0.958022206036411,0.368782924098803,1.73721833664952,24.3998282,0.817154070744155,0.163590783592951,0.759644871838754,0.661871568997958,0.58362824739838,0.0868918190459438,0.60882976877979,3.28,3.43,2.633,1,"noRScoretop_seds_2over3under10_sst_140","noRScoretop_seds_2over3under10_sst"
"840",-7.0256107587783,24.8864254889261,31.2930374380652,43.7497278940929,54.4698657064002,64.1454111429816,24.8932029094157,14.7736554439272,12.4767163614623,14.5769767190776,36.0279968167327,20.0645969504395,59.9183581980961,6.39470387,5.89729486439509,3.98297055165935,63.1511727202195,26.56045247,4.20109715852476,0.90738236979993,0.368913969626772,1.772125922,24.3998282,0.818049771677158,0.163590783592951,0.767707743530097,0.661871568997958,0.580433811680419,0.0881488115425638,0.60883188,3.28,3.43,2.643,1,"noRScoretop_seds_2over3under10_sst_141","noRScoretop_seds_2over3under10_sst"
"841",-6.88323345317748,24.8864254889261,31.2930374380652,43.7458941981626,54.4701048712137,64.1508664384794,24.8931956645982,14.7872291482718,12.4767163614623,14.5768391693642,35.9465119847375,20.0645969504395,59.9188518726003,6.39470387,5.894865908,3.98384408697695,63.1518983,26.56045247,4.20035059434275,0.958022206036411,0.368913969626772,1.73721833664952,24.3998282,0.84487299824916,0.163590783592951,0.767707743530097,0.661871568997958,0.58362824739838,0.0868918190459438,0.60883188,3.29,3.43,2.632,1,"noRScoretop_seds_2over3under10_sst_142","noRScoretop_seds_2over3under10_sst"
"842",-6.88323345317748,24.8864254889261,31.2930374380652,43.7458941981626,54.4701048712137,64.1511300317091,24.8931956645982,14.7872291482718,12.4767163614623,14.5768391693642,35.9465119847375,20.0645969504395,59.9188518726003,6.39470387,5.894865908,3.98384408697695,63.1518983,26.56045247,4.20035059434275,0.958022206036411,0.368913969626772,1.73722016648984,24.3998282,0.84487299824916,0.163590783592951,0.767707743530097,0.661871568997958,0.58362824739838,0.0868918190459438,0.60883188,3.29,3.43,2.632,1,"noRScoretop_seds_2over3under10_sst_143","noRScoretop_seds_2over3under10_sst"
"843",-7.19543110191561,24.7047000643574,31.3296885029103,38.157433505744,54.5105191197198,64.14541705,24.8929127827112,14.7806439741152,12.5393378673612,14.5877965737881,35.974632283168,20.1677862765188,60.24920549,6.3898544033096,5.78804740296499,3.815440357,63.1868989865955,26.7724470954526,4.18763063507307,0.725539163561914,1.75480088624739,0.368040872928827,24.3998282,0.873377950090891,0.201195923877591,0.758270640760957,0.65672023099074,0.988557999946994,0.0614754070059265,0.584644352130121,3.2,3.44,2.635,1,"noRScoretop_seds_2over3under10_sst_144","noRScoretop_seds_2over3under10_sst"
"844",-6.34340714174578,22.4005739989153,30.01261842,38.1138562709778,70.6351916119081,54.4043976930153,24.0541875868583,12.2448072111633,10.8492251809246,14.7445661865441,40.0943256929266,16.9218061699251,63.0382062197554,5.79712267256362,7.77649829474926,3.92086423101,74.7051308327267,18.6585461664902,3.61672036648829,0.123694697561495,1.40961854219369,0.408355158403718,25.1347055410049,0.295882653638842,0.138837900884613,0.560708774325859,0.179552391217523,0.86941000651125,0.0550129456865741,0.86022178177299,2.78,3.45,2.654,1,"noRScoretop_seds_2over3under10_sst_145","noRScoretop_seds_2over3under10_sst"
"845",-6.78662410539186,25.0100980482028,32.6972006450913,43.2776956064173,79.1230206205205,55.2200497693326,23.3473802543037,12.6785141434972,12.1981687776252,13.8415300795831,43.8307761309618,17.861126408209,62.6370774123079,6.71109201289563,8.05034687153536,3.37513369168901,78.7982186613106,15.6082580340546,4.94539121476124,0.142069916503389,1.59485157564975,0.839104053274994,28.4172283859375,0.259817136799448,0.172793376045716,0.684768235138915,0.679424582593356,0.838966048768494,0.00232723540347822,0.689201432198755,2.34,3.46,3.061,1,"noRScoretop_seds_2over3under10_sst_146","noRScoretop_seds_2over3under10_sst"
"846",-7.06879461074781,24.7964531469024,31.4005794761216,38.1578864735645,54.5105211193878,64.1454107676808,24.8933651,14.7805247921332,12.4939286835979,14.5800287655101,36.02797161,20.060215990894,60.24920549,6.39470621260517,5.78804740296499,3.81596908506266,63.1877402981423,26.56045247,4.2010499855278,0.909029935565918,1.75737745200192,0.148655268645928,24.3998282,0.816824369033418,0.204079074077053,0.761761379972853,0.656361924367472,0.79492585407629,0.017064617189572,0.584580215781406,3.17,3.48,2.646,1,"noRScoretop_seds_2over3under10_sst_147","noRScoretop_seds_2over3under10_sst"
"847",-7.19543110191561,24.8228461841966,30.2645253724602,38.1793239091175,54.5089768712018,64.14541705,24.8930013371314,14.78069596,12.5394177715089,14.58029126,35.974632283168,20.1889622353563,60.24920549,6.3898544033096,5.78804740296499,3.815440357,63.1868977360063,26.7720903496534,4.18763063507307,0.907531388665354,1.75486711405054,0.402053789342161,24.3998282,0.870512865813749,0.201546385819909,0.758224390593066,0.670946448187428,0.988557999946994,0.0870296123063446,0.615761203188584,3.19,3.49,2.644,1,"noRScoretop_seds_2over3under10_sst_148","noRScoretop_seds_2over3under10_sst"
"848",-6.78662410539186,25.0100980482028,32.6972006450913,43.2776956064173,79.1230206205205,55.2200497693326,23.3473802543037,12.6859985093558,12.1981687776252,13.7938827649918,43.8119303453189,17.8272719324347,62.6368602190603,6.71109201289563,8.05034687153536,3.37133859321856,78.7982186613106,15.6282051197877,4.94539121476124,0.721778814412023,0.610499995349208,0.839104053274994,28.305086572684,0.280975411167544,0.172793376045716,0.920712456205823,0.685089998275695,0.995418672481221,0.00232723540347822,0.689201432198755,2.34,3.5,3.011,1,"noRScoretop_seds_2over3under10_sst_149","noRScoretop_seds_2over3under10_sst"
"849",-7.03541853532712,24.8795626256908,31.3381805651049,38.1683284237528,54.5089883443984,64.14541705,24.8933651,14.7686213214472,12.4938528236887,13.250544695538,35.976545729894,20.1860297120382,60.244360288544,6.3898544033096,5.8944775096166,3.815440357,63.1851083331011,26.56045247,4.19998336526744,0.965417900378724,1.75500616454189,0.402053789342161,24.3397204704989,0.818044346608995,0.204081443,0.758063121416644,0.670970779190034,0.788040466776724,0.0866694065212524,0.584580215781406,3.15,3.51,2.649,1,"noRScoretop_seds_2over3under10_sst_150","noRScoretop_seds_2over3under10_sst"
"850",-4.88483508105355,19.6594432127857,30.3832113176488,33.0243268076988,57.4656652173367,61.5206901516963,19.0645793172198,13.4169976408873,11.2548310513797,11.196526208408,39.3235448440653,21.41992273,68.47904623,6.55649374859324,9.02226218486992,3.09651082375939,76.3815249515019,21.5009199479684,1.77838623905635,0.646800846096196,0.0810609895789452,0.338972608155817,9.5375246987535,0.165121221364997,0.059709912,0.473737311608833,0.313560194282804,0.964389391692193,0.0311271487717565,0.305633685055728,2.34,2.67,3.202,1,"noRScoretop_seds_2over3under10_deep_1","noRScoretop_seds_2over3under10_deep"
"851",-4.8761891429938,19.6594432127857,29.0381108840009,33.0243268076988,57.4656652173367,61.5206901516963,19.0645793172198,13.4098395959698,11.255059061051,11.196526208408,39.3235448440653,21.41992273,68.47904623,6.55649374859324,9.02226218486992,3.0731224495691,76.3815249515019,21.5117598083168,1.77156915123931,0.577259595055525,0.0807109805156391,0.338972608155817,9.5375246987535,0.165121221364997,0.059709912,0.483390006091254,0.313444137195654,0.980547105366085,0.0311271487717565,0.291518444870075,2.31,2.69,3.225,1,"noRScoretop_seds_2over3under10_deep_2","noRScoretop_seds_2over3under10_deep"
"852",-5.49479495342643,19.7421020741785,28.1123844913374,33.336300160037,58.1266279404423,61.3055419448712,19.0229432818618,12.3712669735613,11.2940180044688,11.2057979515036,26.7238120927271,21.41992273,68.47904623,6.56945092764848,8.27004801663474,3.36413634537672,76.2420675941257,22.0256410541289,1.78282564524743,0.652389708871433,0.107911505897118,0.338907858667837,38.9669929399615,0.0963821528264143,0.059709912,0.504714647862,0.315462138556683,0.96449684,0.0317749576167756,0.286776448654678,2.29,2.7,5.252,1,"noRScoretop_seds_2over3under10_deep_3","noRScoretop_seds_2over3under10_deep"
"853",-4.87642501850836,19.7479190171998,29.0324956810719,33.0243268076988,57.447314496747,61.5960525756415,19.0645793172198,11.4769180906935,11.255059061051,11.1791663572914,39.3235448440653,21.41992273,68.47904623,6.55649374859324,9.02226218486992,3.0731224495691,76.3815827353733,21.5117598083168,1.77156915123931,0.577259595055525,0.0807109805156391,0.339660482365285,9.53782426537389,0.165121221364997,0.059709912,0.483768077341113,0.312857241824352,0.980560676233368,0.0171499564446555,0.291518444870075,2.31,2.7,3.095,1,"noRScoretop_seds_2over3under10_deep_4","noRScoretop_seds_2over3under10_deep"
"854",-4.70899708128491,20.9901718934938,29.0657302773324,33.1943732587634,58.0684709494944,57.9014607055768,20.9060483432027,10.9423163942998,11.3355246707144,10.9994878309769,25.7573600849349,20.806343674313,55.0503917901476,6.56159090542342,8.30822647216338,3.09069162519734,76.230594328911,17.1032129608986,5.25989884559384,0.107881681484175,0.186922758151901,0.336809705868445,39.6669424926996,1.23729322112815,0.060915067904774,0.48398981335182,0.552383489286701,0.980909717474251,0.0189713825374453,0.341838047636988,2.47,2.72,2.834,1,"noRScoretop_seds_2over3under10_deep_5","noRScoretop_seds_2over3under10_deep"
"855",-4.34801683800305,20.8390786961935,29.0926754079477,33.1771044242406,58.4472938871519,57.9152776488901,19.0498712098746,10.9423163942998,11.3076177494876,10.9994878309769,25.7573600849349,20.8354342166402,68.1698420068239,6.55645868399981,9.14870904477225,3.12037197430804,76.3001478548646,17.1716611273585,4.23474877267412,0.567533278802046,0.188521061144134,0.338845972866372,39.5184181106861,0.131042249553463,0.0588138080072854,0.48398981335182,0.553046688406444,0.977972272962065,0.0310708884040181,0.340192175605122,2.31,2.73,5.373,2,"noRScoretop_seds_2over3under10_deep_6","noRScoretop_seds_2over3under10_deep"
"856",-4.70899708128491,20.9901718934938,28.9216343880353,33.178251115868,58.0684709494944,57.9014607055768,20.9060483432027,10.9423163942998,11.0871424841522,10.9994878309769,25.5763108222362,20.7880898633345,55.0503917901476,6.56175461947607,8.30822647216338,3.09069162519734,76.2310406493096,17.1182981828975,5.25989884559384,0.107881681484175,0.186922758151901,0.336809705868445,39.6669424926996,1.23729322112815,0.0609934511567124,0.483560757764135,0.552383489286701,0.954204949352744,0.0189713825374453,0.341838047636988,2.47,2.73,2.812,1,"noRScoretop_seds_2over3under10_deep_7","noRScoretop_seds_2over3under10_deep"
"857",-4.69127908139575,20.9901717354847,29.1060154241667,33.1969519551843,58.0776776721843,57.9173232040553,20.9058812244293,10.7357948797586,11.3355257986258,10.9989473552472,25.9079464903916,20.8128935513621,55.0584843737646,6.59235571688423,9.1542083362258,3.09069162519734,76.3055295158658,17.0072265313104,5.25989884559384,0.0997260926416174,0.186868546509311,0.335038454553045,40.2018652823821,0.132425061101772,0.0694750005883339,0.483230362698748,0.553046688406444,0.977917911195388,0.0189713825374453,0.341821014489475,2.37,2.74,2.991,2,"noRScoretop_seds_2over3under10_deep_8","noRScoretop_seds_2over3under10_deep"
"858",-4.71105676654764,20.9901717354847,29.1060154241667,33.1969519551843,58.0776776721843,57.9173232040553,20.9058812244293,10.7357948797586,11.3355257986258,10.9989473552472,25.9079464903916,20.8128935513621,55.0584843737646,6.59235571688423,9.1542083362258,3.09069162519734,76.3055295158658,17.0072265313104,5.25989884559384,0.0997260926416174,0.186868546509311,0.335038454553045,40.2018652823821,0.132425061101772,0.0694750005883339,0.483230362698748,0.553046688406444,0.977917911195388,0.0189713825374453,0.341821014489475,2.37,2.75,2.988,2,"noRScoretop_seds_2over3under10_deep_9","noRScoretop_seds_2over3under10_deep"
"859",-4.30052059234836,22.5010223020548,32.546822114624,33.1780814457956,65.63999422,58.3402761927558,20.1754450361478,10.9415427555387,14.8447195834586,11.0747842268353,33.1521667854006,20.2154844813597,55.2827958844194,6.56175605041072,9.06440876728169,3.04671254879311,76.3038895893556,17.1071548409165,5.0479754123306,0.120918344888059,0.187249033065671,0.336654330616686,37.0327986711336,0.900335990903847,0.058845915017618,0.483552935244845,0.545026281229787,0.954900674001765,0.0803739626205547,0.341780252687915,2.48,2.75,2.71,1,"noRScoretop_seds_2over3under10_deep_10","noRScoretop_seds_2over3under10_deep"
"860",-4.885055746,20.8502188038578,32.4370035983714,33.2764754677164,58.3991864655738,58.3670316359993,19.0753583,13.2406138886019,13.4288584233954,11.1710212869628,39.40676485,20.9277942175364,68.4744406394559,6.55651882034206,9.05273400606792,3.02689959754439,76.3289446124278,16.185088925915,1.779025923,0.669245129581986,0.168259262544757,0.376720445814492,8.25575728488919,0.631950251255983,0.0702318645359644,0.504613456385779,0.545416245773506,0.955289185863865,0.030955925793379,0.372345611557381,2.32,2.76,3.148,2,"noRScoretop_seds_2over3under10_deep_11","noRScoretop_seds_2over3under10_deep"
"861",-4.29244855425843,22.501001024989,32.7911064982795,33.1780814457956,65.63999422,58.3426050346652,20.182793929304,10.9406555645521,14.8447195834586,11.0351962341942,33.1817024895169,20.2154844813597,55.2827958844194,6.56175856807811,9.06435347256911,3.04618703047283,76.2458397685208,16.5294909195023,5.08836578051037,0.116947034523126,0.181528381643325,0.326438640837291,37.0327986711336,0.944261040375707,0.058845915017618,0.483558378086789,0.545026281229787,0.955692284260175,0.0781386671060506,0.344958680680872,2.46,2.76,2.681,1,"noRScoretop_seds_2over3under10_deep_12","noRScoretop_seds_2over3under10_deep"
"862",-3.97913239072595,22.5010223020548,32.6377837098377,33.1782610722624,65.63999422,58.7620653012224,20.154031846123,10.9415427555387,14.8325152076043,11.0440162490511,33.1521667854006,20.8486010252779,55.2827958844194,6.56175856807811,9.06440876728169,3.04636537754625,76.2458397685208,16.5294909195023,5.08836578051037,0.116127959863756,0.123363057583995,0.326347946928803,37.0327986711336,0.951726014387055,0.058845915017618,0.484219250282888,0.545026281229787,0.955692284260175,0.0803739626205547,0.344958680680872,2.47,2.76,2.654,1,"noRScoretop_seds_2over3under10_deep_13","noRScoretop_seds_2over3under10_deep"
"863",-3.97913239072595,22.5010223020548,32.6391349692608,33.1780790172821,65.63999422,58.7620653012224,20.1820326923637,10.9415427555387,14.8325152076043,11.0440162490511,33.1521667854006,20.8486010252779,55.2827958844194,6.56175856807811,9.06440876728169,3.04636537754625,76.2458397685208,16.5294909195023,5.08836578051037,0.116124812393153,0.123363057583995,0.326347946928803,37.0327986711336,0.95158578618667,0.058845915017618,0.483574659767481,0.545026281229787,0.955692284260175,0.0803739626205547,0.344958680680872,2.47,2.76,2.659,1,"noRScoretop_seds_2over3under10_deep_14","noRScoretop_seds_2over3under10_deep"
"864",-4.30375198706258,22.5010223020548,32.6391413789855,33.1780814457956,65.63999422,58.3426050346652,20.182793929304,10.9415427555387,14.8447195834586,11.0440162490511,33.1521667854006,20.2154844813597,55.2827958844194,6.56175856807811,9.06440876728169,3.04618703047283,76.2458397685208,16.5294909195023,5.08836578051037,0.116947034523126,0.175446577088891,0.326438640837291,37.0327986711336,0.944261040375707,0.058845915017618,0.483558378086789,0.545026281229787,0.955692284260175,0.0803739626205547,0.344958680680872,2.46,2.77,2.684,1,"noRScoretop_seds_2over3under10_deep_15","noRScoretop_seds_2over3under10_deep"
"865",-4.30375198706258,22.5010223020548,32.6391413789855,33.1780814457956,65.63999422,58.3426050346652,20.182793929304,10.9415427555387,14.8447195834586,11.0456854174375,33.1547731406533,20.2154844813597,55.2827958844194,6.56175856807811,9.05078002743996,3.04618441614297,76.2324791177823,16.5294909195023,5.08836578051037,0.116906965167716,0.175411276005743,0.326438640837291,37.0327986711336,0.944261040375707,0.058845915017618,0.483558378086789,0.545026281229787,0.955186050770055,0.0814867069877347,0.343804901194265,2.46,2.77,2.688,1,"noRScoretop_seds_2over3under10_deep_16","noRScoretop_seds_2over3under10_deep"
"866",-4.30375198706258,22.5010223020548,32.6391413789855,33.1780814457956,65.63999422,58.3426050346652,20.182793929304,10.9415427555387,14.8447195834586,11.0440162490511,33.1521667854006,20.2154844813597,55.2827958844194,6.56175856807811,9.06440876728169,3.04618703047283,76.2458397685208,16.5294909195023,5.04789116655067,0.120918344888059,0.175446577088891,0.326438640837291,37.0327986711336,0.944261040375707,0.058845915017618,0.483558378086789,0.545026281229787,0.955186573823278,0.0803739626205547,0.344958680680872,2.46,2.77,2.69,1,"noRScoretop_seds_2over3under10_deep_17","noRScoretop_seds_2over3under10_deep"
"867",-4.30430755880924,19.6594432127857,29.0381108840009,33.0243828494914,57.8495448922984,61.6038150332895,19.0645793172198,13.4308859048602,11.255059061051,11.196526208408,39.3235448440653,21.41992273,68.47904623,6.55649374859324,8.37262238019135,3.04923256758459,76.3815249515019,21.7154971282098,1.77156915123931,0.576833417906749,0.18845064501138,0.379848001123072,9.54387202571153,0.163745345993056,0.059709912,0.50456898,0.515566303943144,0.964429949055589,0.0110476514621414,0.29528230786274,2.3,2.78,3.378,1,"noRScoretop_seds_2over3under10_deep_18","noRScoretop_seds_2over3under10_deep"
"868",-3.97913239072595,22.5010223020548,32.6391413789855,33.1780814457956,65.63999422,58.3426050346652,20.182793929304,10.9415427555387,14.8447195834586,11.0440162490511,33.1521667854006,20.2154844813597,55.2827958844194,6.56175856807811,9.06440876728169,3.04618703047283,76.2458397685208,16.5294909195023,5.08836578051037,0.116947034523126,0.175446577088891,0.326438640837291,37.0327986711336,0.944261040375707,0.058845915017618,0.483558378086789,0.545026281229787,0.955692284260175,0.0803739626205547,0.344958680680872,2.46,2.78,2.645,1,"noRScoretop_seds_2over3under10_deep_19","noRScoretop_seds_2over3under10_deep"
"869",-4.30449277528501,22.5010223020548,32.5564639604621,33.1780814457956,65.63999422,58.3426050346652,20.1698809671934,10.9415427555387,14.9969596741225,11.0667686497325,33.1521667854006,20.2154844813597,55.2830968452794,6.56175856807811,9.06440876728169,3.04618703047283,76.2458397685208,16.5294909195023,5.04789116655067,0.120918344888059,0.175446577088891,0.326438640837291,37.0327986711336,0.945851302399734,0.058845915017618,0.483558378086789,0.545026281229787,0.955186573823278,0.0803739626205547,0.344958680680872,2.47,2.78,2.684,2,"noRScoretop_seds_2over3under10_deep_20","noRScoretop_seds_2over3under10_deep"
"870",-4.98092399610659,19.8419951088079,29.1010608298389,33.1837703170159,58.0777162654658,57.9374509759574,20.9377419230461,10.909065393151,11.3291692336027,10.9946257653791,25.7573600849349,20.8128935513621,55.07508659126,6.58732784880493,8.31102607909085,3.08991914107968,76.3055295158658,17.0072265313104,5.25989884559384,0.119767489054365,0.186868546509311,0.325679776427084,40.2018652823821,0.1033278337297,0.0698828767669163,0.484658679470121,0.553046688406444,0.977917911195388,0.0225356772935044,0.341821014489475,2.39,2.79,2.81,1,"noRScoretop_seds_2over3under10_deep_21","noRScoretop_seds_2over3under10_deep"
"871",-6.25666558093502,20.8166552742681,29.09418326,37.2999634324782,55.6009913115316,48.7293732748965,20.6487093247131,10.6042405413943,11.8453488156336,14.9303201165853,34.8248793871144,16.6952842732671,67.2558591821899,6.55930080397728,8.7682674000318,3.27042729421221,75.9801245308986,14.3791793255113,1.84933904202025,0.880418993221596,0.0837746745820186,0.320042434760073,15.852324270083,0.668131635215603,0.069378939128513,0.518376756384929,0.54247962452594,0.982744547972033,0.0197872831029354,0.370671220887742,2.28,2.8,3.612,1,"noRScoretop_seds_2over3under10_deep_22","noRScoretop_seds_2over3under10_deep"
"872",-4.88218335904508,20.9869818914784,29.1089140414782,33.1836449330969,58.0714868921158,57.9128762230382,20.9376528377244,10.9450905626606,11.3353828669078,10.9994712237248,25.7618971248193,20.8128935513621,55.0503917901476,6.55470304093531,8.30552678763731,3.09069162519734,76.3055295158658,17.1032129608986,5.25989884559384,0.587178164825213,0.186922758151901,0.336687173943094,40.2229798592378,0.132425061101772,0.0592216841858678,0.48398981335182,0.541888778933627,0.97753714350795,0.0189713825374453,0.341821014489475,2.34,2.8,2.903,1,"noRScoretop_seds_2over3under10_deep_23","noRScoretop_seds_2over3under10_deep"
"873",-4.29229780570154,22.5045178399215,32.7965292061674,33.1780814457956,65.63999422,58.2929951947394,20.182793929304,10.9406409928893,14.8447195834586,11.2915181402146,33.1815034598027,20.2803940507417,55.2827958844194,6.79817911527618,9.08091908396764,3.04618703047283,76.2495214086544,16.5294909195023,5.46047270391098,0.116947034523126,0.181396237562711,0.326438640837291,37.0327986711336,0.944261040375707,0.058845915017618,0.483558378086789,0.545026281229787,0.968729484526864,0.0781533038573007,0.344958680680872,2.43,2.8,2.694,1,"noRScoretop_seds_2over3under10_deep_24","noRScoretop_seds_2over3under10_deep"
"874",-4.6957366041065,20.9901718934938,29.0657302773324,33.1943732587634,58.0684438030707,57.9014475316143,20.9023519513132,10.9534262592862,11.3355246707144,11.0389011937571,26.0249948139364,20.8063553870576,55.0503917901476,6.56954633154137,8.30822647216338,3.09069973026673,76.2330476404874,17.1014118342083,5.25989884559384,0.572708892511656,0.186679979640142,0.336809705868445,39.6669424926996,1.21865753168466,0.060915067904774,0.48398981335182,0.552383489286701,0.980909717474251,0.0189713825374453,0.33889715275466,2.45,2.81,2.965,2,"noRScoretop_seds_2over3under10_deep_25","noRScoretop_seds_2over3under10_deep"
"875",-3.98794201896841,22.5010223020548,32.620545407164,33.1281984220921,65.63999422,58.8214342010729,20.1205179192933,10.9415427555387,14.8447195834586,11.0440162490511,33.1521667854006,20.2154844813597,55.2798267874825,6.56175856807811,9.06440876728169,3.01760488944589,76.2458397685208,16.5294909195023,5.08836578051037,0.116947034523126,0.175446577088891,0.326438640837291,37.0327986711336,0.944261040375707,0.058845915017618,0.483558378086789,0.545026281229787,0.95573006180369,0.0803739626205547,0.344958680680872,2.46,2.81,2.687,1,"noRScoretop_seds_2over3under10_deep_26","noRScoretop_seds_2over3under10_deep"
"876",-8.75246794902711,19.7360703000536,29.09418326,37.2999634324782,55.5863678096949,48.7293732748965,20.6389173260843,10.6042405413943,11.8453488156336,14.9303201165853,34.8248793871144,16.7051564175617,67.1731657173898,6.56965181839877,8.24847037261674,3.27042729421221,73.4122822782166,14.470479524678,1.84933904202025,0.906357814396275,0.199082084870772,0.320042434760073,14.9074124808758,0.618900271234237,0.0670007187560312,0.508158616689371,0.54247962452594,0.987321034560895,0.0197872831029354,0.349109054472118,2.28,2.82,4.994,1,"noRScoretop_seds_2over3under10_deep_27","noRScoretop_seds_2over3under10_deep"
"877",-4.30360123850568,22.5045391169873,32.6445640868735,33.1780814457956,65.63999422,58.2929951947394,20.182793929304,10.9415281838759,14.8447195834586,11.3003381550715,33.1519677556863,20.2803940507417,55.2827958844194,6.79817911527618,9.08097437868021,3.04618703047283,76.2495214086544,16.5294909195023,5.46047270391098,0.116947034523126,0.175314433008277,0.326438640837291,37.0327986711336,0.944261040375707,0.058845915017618,0.483558378086789,0.545026281229787,0.968729484526864,0.0803885993718049,0.344958680680872,2.43,2.82,2.683,1,"noRScoretop_seds_2over3under10_deep_28","noRScoretop_seds_2over3under10_deep"
"878",-8.75246794902711,20.8319509243676,29.0384447925633,37.2999634324782,54.1606868105563,48.3545614306891,20.6294696079735,10.6042405413943,11.9695643147103,14.9536444125053,34.6194989161595,16.6306503986759,67.2558591821899,6.55043602169331,8.76441240335802,3.27042729421221,76.085962053365,14.3791793255113,2.53385536562481,0.879075600438407,0.0837746745820186,0.320042434760073,15.852324270083,0.668516902058413,0.069378939128513,0.518376756384929,0.538449005884626,0.982744547972033,0.0197872831029354,0.370671220887742,2.26,2.83,3.682,1,"noRScoretop_seds_2over3under10_deep_29","noRScoretop_seds_2over3under10_deep"
"879",-8.75246794902711,20.8166552742681,29.09418326,37.2999634324782,55.6009913115316,48.7293732748965,20.6487093247131,10.6042405413943,11.8453488156336,14.9303201165853,34.8248793871144,16.6952842732671,67.2558591821899,6.55930080397728,8.7682674000318,3.27042729421221,75.9801245308986,14.3791793255113,1.84933904202025,0.880418993221596,0.0837746745820186,0.320042434760073,15.852324270083,0.668131635215603,0.069378939128513,0.518376756384929,0.54247962452594,0.982744547972033,0.0197872831029354,0.370671220887742,2.25,2.84,4.04,1,"noRScoretop_seds_2over3under10_deep_30","noRScoretop_seds_2over3under10_deep"
"880",-4.34801683800305,20.9901718934938,29.1506697027258,33.1771214513171,58.4472938871519,57.9152776488901,20.9060483432027,10.9423163942998,11.3355246707144,10.9994878309769,25.7573600849349,20.8354342166402,55.0503917901476,6.56158849081319,9.14870904477225,3.08250039641596,76.3051398044302,17.1032129608986,4.23474877267412,0.567460006625739,0.186922758151901,0.335344689297532,39.5184181106861,0.132425061101772,0.0588138080072854,0.48398981335182,0.553046688406444,0.977986398964765,0.0189713825374453,0.340192175605122,2.32,2.84,2.878,1,"noRScoretop_seds_2over3under10_deep_31","noRScoretop_seds_2over3under10_deep"
"881",-4.31846954766983,20.9901718934938,29.1089140414782,33.0922008432901,58.0714174051069,57.912865208485,20.9204831450284,10.9423163942998,11.3254701075892,11.0168763701614,25.7573600849349,20.8128935513621,55.0503917901476,6.57006556007461,9.14946548296365,3.09069162519734,76.3055295158658,17.0253491528323,5.25989884559384,0.567460006625739,0.186922758151901,0.336809705868445,39.656346186877,0.132425061101772,0.0588138080072854,0.48398981335182,0.553046688406444,0.977986398964765,0.0189713825374453,0.341821014489475,2.34,2.84,3.08,1,"noRScoretop_seds_2over3under10_deep_32","noRScoretop_seds_2over3under10_deep"
"882",-8.78027080181328,19.8559730455775,29.1572591996924,37.2999634324782,55.6009913115316,48.7293732748965,20.6487093247131,10.5781542601965,11.8453488156336,15.1679964578319,34.8336477118635,16.6952842732671,67.2558591821899,6.55930080397728,8.76965618674073,3.03610491619927,76.6672774378936,14.3791793255113,1.84933904202025,0.880418993221596,0.103153851343985,0.320042434760073,15.7677300924,0.668131635215603,0.069378939128513,0.518376756384929,0.54247962452594,0.982744547972033,0.0197612313265845,0.370671220887742,2.26,2.85,3.871,1,"noRScoretop_seds_2over3under10_deep_33","noRScoretop_seds_2over3under10_deep"
"883",-3.97913239072595,22.4745171457506,32.6391413789855,33.1780814457956,65.63999422,58.3426050346652,20.182793929304,10.9415427555387,14.8311687643234,11.0457079156079,33.1521667854006,20.2213881769638,55.2817110189047,6.56175856807811,9.06440876728169,3.04618703047283,76.0980867559213,16.5294176706556,5.08836578051037,0.116947034523126,0.175446577088891,0.326712167805048,37.0327986711336,0.944261040375707,0.0721360037178916,0.484648569679679,0.545026281229787,0.956393625919269,0.0798387869300491,0.345054964832674,2.46,2.85,2.649,1,"noRScoretop_seds_2over3under10_deep_34","noRScoretop_seds_2over3under10_deep"
"884",-4.30884278847003,22.5902744103787,32.6316592123576,33.1780814457956,65.63999422,58.339611305847,20.182793929304,10.9415427555387,14.8447195834586,11.0440162490511,33.1386861797511,20.2154844813597,55.2827958844194,6.56176198350296,9.05606698262633,3.04618703047283,76.2458397685208,16.538238842315,5.08836578051037,0.559542177797864,0.175446577088891,0.326438640837291,37.0327986711336,0.944261040375707,0.058845915017618,0.483840499240723,0.545026281229787,0.955692641280032,0.0803739626205547,0.351335205293861,2.43,2.86,2.698,1,"noRScoretop_seds_2over3under10_deep_35","noRScoretop_seds_2over3under10_deep"
"885",-8.75246794902711,20.8166552742681,29.1103648973773,37.2999634324782,55.5083503328152,48.7102536946649,20.6487093247131,10.6042405413943,11.8453488156336,15.0000208656813,34.8248793871144,16.6952842732671,67.2558591821899,6.55930080397728,8.34864041459736,3.27042729421221,76.0027890547403,14.3791793255113,1.84933904202025,0.134729366736401,0.0783227310126763,0.320071944988979,15.852324270083,0.669743721217094,0.069378939128513,0.503895776692502,0.541289208538176,0.982744547972033,0.0198039968685092,0.370671220887742,2.28,2.87,4.256,2,"noRScoretop_seds_2over3under10_deep_36","noRScoretop_seds_2over3under10_deep"
"886",-4.88178196898531,19.7340113342083,29.1164448603706,33.3438555552139,58.069347943621,61.5956223673605,19.0825993062869,11.5843816068237,11.1114744802137,10.5900031780414,39.3669147765842,21.41992273,68.5477710561124,6.55648724399833,8.26958218485463,3.07018841538398,76.287324294747,21.4471564643006,1.90023183472876,0.572100348397105,0.0995024075713137,0.33965999660906,10.9703095185571,0.0963653954005907,0.0606812999912361,0.48392882316874,0.296921456091262,0.964901393271725,0.0173196535794833,0.305429167421637,2.3,2.87,3.193,1,"noRScoretop_seds_2over3under10_deep_37","noRScoretop_seds_2over3under10_deep"
"887",-8.75246794902711,20.8166552742681,29.0942340799883,33.0883213918192,55.6009913115316,48.7293732748965,20.6487093247131,10.6042405413943,11.8453488156336,9.28877037793711,34.8248793871144,16.6952842732671,66.9982169951505,6.55930080397728,8.7738369376938,3.27042729421221,75.9801245308986,14.3791793255113,1.84933904202025,0.893433682283097,0.123490666744737,1.15445238599008,15.8789525682124,0.668131635215603,0.069727165980651,0.518376756384929,0.538689929816929,0.979032088336554,0.016474161838209,0.376770583755847,2.25,2.89,4.051,1,"noRScoretop_seds_2over3under10_deep_38","noRScoretop_seds_2over3under10_deep"
"888",-8.77604337809587,20.6919681896558,29.09418326,37.2999634324782,55.6009913115316,48.7293732748965,20.6487093247131,10.6042405413943,11.7405746179205,14.9303201165853,34.8248793871144,16.6952842732671,67.2558591821899,6.57569816208777,8.30725763590274,3.27042729421221,75.9801245308986,14.3791793255113,1.84933904202025,0.874556606367512,1.40538477999825,0.320042434760073,15.852324270083,0.668131635215603,0.069378939128513,0.518376756384929,0.54247962452594,0.982744547972033,0.0197872831029354,0.370671220887742,2.25,2.94,3.771,1,"noRScoretop_seds_2over3under10_deep_39","noRScoretop_seds_2over3under10_deep"
"889",-4.71105676654764,20.9869817334693,29.1060154241667,33.1837703170159,58.0777162654658,57.9173342186085,20.937485718951,10.9423163942998,11.3353839948192,10.9994878309769,25.7573600849349,20.8128935513621,55.0584843737646,6.59045178911122,8.31102607909085,3.09069162519734,76.3055295158658,17.0072265313104,5.25989884559384,0.119436345066026,0.186868546509311,0.335038454553045,40.2018652823821,0.132425061101772,0.0698828767669163,0.483230362698748,0.553046688406444,0.977917911195388,0.0189713825374453,0.341821014489475,2.35,2.94,2.858,1,"noRScoretop_seds_2over3under10_deep_40","noRScoretop_seds_2over3under10_deep"
"890",-5.82422558810295,19.9085619203863,29.159254538389,33.1325831063548,54.1618352317055,48.3647764020802,19.1953548005594,11.529115995826,10.120585632019,8.92480246528312,34.6096982227707,16.62920237,63.3561763178341,6.75646237258082,9.10531871735769,3.04444104679746,76.1501904693431,16.710180950892,2.56862532881173,0.897846742341815,1.38995022042863,1.168994618,16.5383021776562,0.191960935445836,0.173770568514225,0.934979838307912,0.787379489841255,0.916894478668127,0.0165182497037251,0.988901355299987,2.29,3.01,3.431,1,"noRScoretop_seds_2over3under10_deep_41","noRScoretop_seds_2over3under10_deep"
"891",-4.31712027132204,22.5010223020548,32.62875363567,33.194203588691,65.63999422,58.7378239222469,20.8923401997369,10.9415427555387,15.088897760349,11.1803311396424,33.3332160480993,20.250805317053,55.2638534466946,6.56159485402546,8.32537577101863,3.01611599187647,76.2453934481223,16.5072790381126,5.06296478738053,0.116947034523126,0.174023812880588,0.326391201095376,37.0325332640157,0.929377600701296,0.0587675317656795,0.483987433674474,0.516499213100503,0.981219854508995,0.00699129748143997,0.532411156200637,2.43,3.01,2.677,1,"noRScoretop_seds_2over3under10_deep_42","noRScoretop_seds_2over3under10_deep"
"892",-6.01725770042681,19.90850159,29.0817919662462,33.1108251060809,59.3946786140754,47.957539862481,19.1947058812896,11.54453813413,10.120585632019,9.12772366169342,34.6332448845313,16.62920237,63.3673613124363,6.75537074325509,9.10533411060836,3.05796855576119,76.1151451192434,15.2086221535255,2.36008004124447,0.892881996138972,1.34799207031372,1.16918683356054,23.4912259414031,0.208666005551092,0.196085346,0.937638459273917,0.784061575078981,0.925872708178954,0.0165182497037251,0.988869296068101,2.27,3.02,3.739,2,"noRScoretop_seds_2over3under10_deep_43","noRScoretop_seds_2over3under10_deep"
"893",-6.01308175260862,19.9085619203863,29.159254538389,33.1325831063548,54.1618352317055,48.3647764020802,19.1953548005594,11.529115995826,10.120585632019,8.92480246528312,34.6096982227707,16.62920237,63.3561763178341,6.75646237258082,9.10531871735769,3.04444104679746,76.1501904693431,16.710180950892,2.56862532881173,0.897846742341815,1.38995022042863,1.168994618,16.5383021776562,0.191960935445836,0.173770568514225,0.934979838307912,0.787379489841255,0.916894478668127,0.0165182497037251,0.988901355299987,2.29,3.02,3.43,1,"noRScoretop_seds_2over3under10_deep_44","noRScoretop_seds_2over3under10_deep"
"894",-5.82422558810295,19.9085619203863,29.159254538389,33.1117729844474,54.1618352317055,48.3647764020802,19.1946646705227,11.5450997441458,10.120585632019,8.92480246528312,34.6096982227707,16.62920237,63.3660037561081,6.81592850256608,9.10531871735769,3.04444104679746,76.6497081509107,16.710180950892,2.45507745293604,0.897846742341815,1.39157934549014,1.168994618,16.5383021776562,0.191960935445836,0.195287117500606,0.934979838307912,0.787379489841255,0.916894478668127,0.0165182497037251,0.988901355299987,2.29,3.02,3.483,1,"noRScoretop_seds_2over3under10_deep_45","noRScoretop_seds_2over3under10_deep"
"895",-4.31712027132204,22.5010223020548,32.484657746373,33.1780814457956,65.63999422,58.7378239222469,20.8923401997369,10.9415427555387,14.8405155737872,11.1803311396424,33.1521667854006,20.2325515060745,55.2638534466946,6.56175856807811,8.32537577101863,3.01611599187647,76.2458397685208,16.5223642601115,5.06296478738053,0.116947034523126,0.174023812880588,0.326391201095376,37.0325332640157,0.929377600701296,0.058845915017618,0.483558378086789,0.516499213100503,0.954515086392515,0.00699129748143997,0.532411156200637,2.42,3.02,2.674,1,"noRScoretop_seds_2over3under10_deep_46","noRScoretop_seds_2over3under10_deep"
"896",-4.76453573871226,21.000516087013,32.4503538393837,33.1780814457956,65.6031848495869,58.7378239222469,20.8917020286769,11.6330056144497,14.8557355570182,12.5723808282843,32.8777144170896,20.7696373400392,55.2854661300955,6.56175856807811,9.05652543667737,3.01733437793678,76.2458397685208,16.5561466307955,5.06191759485208,0.116947034523126,0.175556227571111,0.334908174413415,37.0228647292893,0.156257521198994,0.0586108355290216,0.483841570111848,0.545026281229787,0.977435476158539,0.0803739626205547,0.355888008127395,2.41,3.03,2.712,1,"noRScoretop_seds_2over3under10_deep_47","noRScoretop_seds_2over3under10_deep"
"897",-6.02100467690325,19.9086762045707,29.159254538389,33.1071644693266,59.4267441458047,48.2547800425888,19.1946680536386,11.5141355783379,10.120585632019,8.86147186021569,34.6326237195744,17.0097722792129,63.3561846623243,6.8163489705332,9.10531871735769,3.0579470806979,76.6412206565155,15.2326171848652,2.32028693245731,0.892641050264225,1.34814871483961,1.168994618,23.1703230286497,0.191964058478293,0.171353063440926,0.937639532957713,0.787379489841255,0.909806872936588,0.0371471538767615,0.988869296068101,2.28,3.04,3.593,1,"noRScoretop_seds_2over3under10_deep_48","noRScoretop_seds_2over3under10_deep"
"898",-6.0209681327673,19.9086770478584,29.1593272641213,33.1073820062361,59.4267441458047,48.2594904390065,19.1953782697251,11.5141355783379,10.120585632019,12.6070492525923,34.6326233615047,17.0060866316264,63.3561763178341,6.81586538100043,9.10531871735769,3.05774594163244,76.6411418602643,15.2004143733701,2.32028693245731,0.892885823462288,1.34799927353485,1.168994618,23.9761358719832,0.191960935445836,0.196978260380687,0.934886375724967,0.787383188927824,0.909386024294326,0.0366343038645104,0.988869296068101,2.3,3.04,3.422,1,"noRScoretop_seds_2over3under10_deep_49","noRScoretop_seds_2over3under10_deep"
"899",-4.56804305895441,22.5010223020548,32.4503538393837,33.4257919557491,65.63999422,58.7444994844876,20.8923401997369,10.9415427555387,14.8621831206942,11.1803311396424,33.1521667854006,20.2154844813597,55.2904421617099,6.56175856807811,9.06590491212733,3.01567475523463,76.2458397685208,16.52275619,5.06266009687143,0.119871794148495,0.123766919461152,0.326438640837291,37.0327986711336,0.944261040375707,0.05884876924839,0.483558378086789,0.545026281229787,0.955224687294807,0.0802979604859451,0.532421617395722,2.46,3.04,2.669,1,"noRScoretop_seds_2over3under10_deep_50","noRScoretop_seds_2over3under10_deep"
"900",-5.2052670961682,19.908509248441,27.1195412520864,33.188300242199,59.3242412412564,48.3573141299447,19.1939318535687,10.7836191377967,10.0782906843094,8.93051481525862,34.768680419152,16.62920237,63.5123572175035,6.75229127913379,8.28596395825147,3.01602127534467,76.1543631779321,16.7204272362735,2.57458757660818,0.65450565545366,1.35583907639442,1.16373632953273,23.3406600941793,0.094012112857101,0.168549365786538,0.934936203529932,0.779420262577869,0.931360063840308,0.0362441956764791,0.992403387785333,2.29,3.05,3.293,1,"noRScoretop_seds_2over3under10_deep_51","noRScoretop_seds_2over3under10_deep"
"901",-6.01725770042681,19.90850159,29.1592192618342,33.1488227729735,59.4267441458047,47.957539862481,19.196352055279,11.5516715052768,10.1189275820478,9.13815614147536,34.6322888523212,17.0017195521965,63.3667564931999,6.75660516701474,9.10963040656985,3.04444104679746,76.2505440957324,14.1875631249798,2.45708801380427,0.892875349745567,1.34636294525221,1.168994618,23.1735316025282,0.191960935445836,0.174409515032666,0.934997861966562,0.787379489841255,0.926090507683696,0.0165182497037251,0.988869296068101,2.24,3.06,3.918,1,"noRScoretop_seds_2over3under10_deep_52","noRScoretop_seds_2over3under10_deep"
"902",-6.02100467690325,19.9086761638949,29.159254538389,33.1071644693266,59.4267441458047,48.2594904390065,19.1953548005594,11.5440690335778,10.120585632019,9.18623416254701,34.6326233615047,16.6248855370047,63.3561763178341,6.81586538100043,9.10531871735769,3.04445903463372,76.6411025202376,15.2326171848652,2.32028693245731,0.892631524269675,1.3481472757963,1.168994618,23.1576504671681,0.191960935445836,0.171367131871098,0.937731553190281,0.787379489841255,0.90993853554885,0.0365327944481485,0.988869296068101,2.27,3.06,3.637,1,"noRScoretop_seds_2over3under10_deep_53","noRScoretop_seds_2over3under10_deep"
"903",-5.47628799194155,19.9086654241124,29.184107229357,33.1115590147738,57.2468132195708,47.94976079949,19.081102012133,11.4784254567336,10.0361495098049,9.13815614147536,34.3900208498671,17.572252989271,62.714703985409,6.816071297,9.10683244683988,3.05391923405209,76.6199118128566,13.9759543944028,2.45898500363412,0.889004963922642,1.34799207031372,1.1652853577588,23.3537851091206,0.191960935445836,0.172989288563011,0.937701314355559,0.787379489841255,0.926090507683696,0.035812964935055,0.988869296068101,2.24,3.07,3.502,1,"noRScoretop_seds_2over3under10_deep_54","noRScoretop_seds_2over3under10_deep"
"904",-5.47786848966559,19.9086581711019,29.1646070419941,33.1115590147738,59.4267441458047,47.9497813682422,19.0845495325422,11.5447646337891,10.0406034317611,9.13815614147536,34.6326959175794,17.031429676832,63.3569547237798,6.816071297,9.10683244683988,3.05669151625626,76.6199118128566,13.9759543944028,2.54538516360445,0.89263272554772,1.34799207031372,1.1688217983106,23.1735316025282,0.191960935445836,0.172989288563011,0.934755235334148,0.787379489841255,0.926090507683696,0.0157772881380507,0.988869296068101,2.24,3.07,3.724,1,"noRScoretop_seds_2over3under10_deep_55","noRScoretop_seds_2over3under10_deep"
"905",-5.47690349639107,19.9086654241124,29.1646070419941,33.1270046052836,59.4267441458047,47.94976079949,19.081102012133,11.4780819788772,10.0406034317611,9.13815614147536,35.0144167128641,17.0934723764938,63.3569547237798,6.816071297,9.10683244683988,3.05766018147326,76.6257797088433,13.9759543944028,2.45898500363412,0.889087762653931,1.34499924820903,1.15514067592969,22.6140549218436,0.191960935445836,0.172030404622771,0.937701314355559,0.800888175577827,0.982177479357765,0.0827819208442969,0.99702094887307,2.24,3.07,3.727,1,"noRScoretop_seds_2over3under10_deep_56","noRScoretop_seds_2over3under10_deep"
"906",-5.47628799194155,19.9086654241124,29.1646070419941,33.1115590147738,59.4267441458047,47.94976079949,19.081102012133,11.4784254567336,10.0406034317611,9.13815614147536,34.6326959175794,17.031429676832,63.3569547237798,6.816071297,9.10683244683988,3.05766018147326,76.6199118128566,13.9759543944028,2.45898500363412,0.89263272554772,1.34799207031372,1.16330091278227,23.1735316025282,0.191960935445836,0.172989288563011,0.937701314355559,0.787379489841255,0.926090507683696,0.035812964935055,0.988869296068101,2.24,3.07,3.757,1,"noRScoretop_seds_2over3under10_deep_57","noRScoretop_seds_2over3under10_deep"
"907",-5.20389473147507,19.9148241974026,27.1190993168944,33.1973171149892,54.1729727728067,48.2652240815487,19.0848609287007,10.7784418716009,10.0788752048811,9.01394564527651,34.600127766467,16.6409007584941,61.5597796260354,6.80292777999988,8.29335742351502,3.05790314698534,76.6338506366303,16.4430649084557,2.57827496504763,0.654326561352611,1.37009775257334,1.16702635514378,16.4745517599381,0.0734685627848425,0.169077206842303,0.937621786169195,0.313768667056177,0.927459705900086,0.0199750890959907,0.990781023898635,2.25,3.07,3.318,1,"noRScoretop_seds_2over3under10_deep_58","noRScoretop_seds_2over3under10_deep"
"908",-5.18608099536283,20.9593709768605,29.1113662741804,33.1831871941454,58.0604577135097,57.912865208485,20.9231382032138,10.9423163942998,11.3280062433473,10.998876248097,25.7573600849349,20.9235695711833,55.0503917901476,6.8063542424685,9.01741170604635,3.08523124528326,76.2452945032178,17.1032129608986,2.49329563491008,0.869742873523703,0.16726912282088,0.333817893168989,39.5271769644323,0.132425061101772,0.0578314709732779,0.498997843925191,0.552870867733659,0.979264917860018,0.0165831447482449,0.348541077482305,2.29,3.07,3.306,1,"noRScoretop_seds_2over3under10_deep_59","noRScoretop_seds_2over3under10_deep"
"909",-5.47357952778241,18.3441748547101,27.13915342,34.102551406397,54.1749916203318,48.3577350543705,19.0901453696156,10.1561600104219,10.0414058871497,12.8677343750409,34.60993668,16.62920237,63.0389954813195,6.75800196738452,8.764582168,3.01676270408922,76.0683985283219,16.4892666891054,2.57586520009523,0.661730699626287,0.965717506516082,1.15367064098862,15.7833027873596,0.668505280965546,0.199141629486323,0.958996585830137,0.812306371554562,0.906134376115209,0.0187574292851371,0.857889258514586,2.32,3.07,3.193,2,"noRScoretop_seds_2over3under10_deep_60","noRScoretop_seds_2over3under10_deep"
"910",-5.09343573159342,21.0498628653182,28.06552633,33.13310567,58.0828471143815,54.6138469379565,20.159455798244,11.614292166835,11.3267103570791,11.0347840145399,26.7084716129552,20.2880111775497,55.0579028339691,6.569457808,8.33015822316868,3.36568302575572,76.2208365125889,16.5241498931214,5.08998436169425,0.290924305874429,0.187555079662449,0.33456257369343,39.6721964987174,0.130395640993977,0.137820961925631,0.51113510136601,0.545085802884444,0.95553706385609,0.0168913336143112,0.530290999266665,2.33,3.07,2.875,1,"noRScoretop_seds_2over3under10_deep_61","noRScoretop_seds_2over3under10_deep"
"911",-5.47690349639107,19.9085079481571,29.1635609844858,33.108075901424,59.4267441458047,47.9496815234917,19.081102012133,11.4784713939825,10.114687988076,9.13815614147536,35.0144167128641,17.0934723764938,63.3569547237798,6.816071297,9.10538755647772,3.05766018147326,76.6201736744995,13.9759543944028,2.45898500363412,0.892883618043466,1.34799139269977,1.16818086321752,22.6140549218436,0.191960935445836,0.172030404622771,0.937701314355559,0.787292553854564,0.982177479357765,0.0828532468703937,0.99702094887307,2.23,3.08,3.716,1,"noRScoretop_seds_2over3under10_deep_62","noRScoretop_seds_2over3under10_deep"
"912",-6.02301456831574,19.9086654241124,29.1646070419941,33.1115590147738,59.4267441458047,47.94976079949,19.081102012133,11.4771637452077,10.0406034317611,9.13815614147536,34.6326959175794,17.031429676832,63.3569547237798,6.816071297,9.10683244683988,3.05950876026817,76.1201519340891,13.9759543944028,2.46357193795114,0.89263272554772,1.34799207031372,1.16330091278227,23.1744695382452,0.191960935445836,0.172989288563011,0.937701314355559,0.787379489841255,0.92587347059937,0.035812964935055,0.988869296068101,2.25,3.08,4.074,2,"noRScoretop_seds_2over3under10_deep_63","noRScoretop_seds_2over3under10_deep"
"913",-5.2052670961682,19.908509248441,27.1195412520864,33.188300242199,53.9762472652974,48.3703526824561,19.075961124838,10.771990805139,10.0782906843094,8.93051481525862,34.768680419152,16.62920237,63.5115983965305,6.75358571354382,8.28596395825147,3.01682232769608,76.1543631779321,16.7204272362735,2.57458757660818,0.65450565545366,1.35583907639442,1.16363048460194,16.4712753189506,0.094012112857101,0.169012024796533,0.934936203529932,0.779587297291154,0.931012758384624,0.0362553404693731,0.992444062960001,2.26,3.08,3.244,1,"noRScoretop_seds_2over3under10_deep_64","noRScoretop_seds_2over3under10_deep"
"914",-5.13037008683027,19.908509248441,27.1195412520864,33.188300242199,53.9762472652974,48.3703526824561,19.075961124838,10.771990805139,10.0782906843094,8.93051481525862,34.768680419152,16.62920237,63.5115983965305,6.75358571354382,8.28596395825147,3.01682232769608,76.1543631779321,16.7204272362735,2.57458757660818,0.65450565545366,1.35583907639442,1.16363048460194,16.4712753189506,0.094012112857101,0.169012024796533,0.934936203529932,0.779587297291154,0.931012758384624,0.0362553404693731,0.992444062960001,2.26,3.08,3.264,1,"noRScoretop_seds_2over3under10_deep_65","noRScoretop_seds_2over3under10_deep"
"915",-5.47415604824821,19.9072492872525,27.1185664683582,34.1736684443762,54.1896729919904,48.3577350543705,19.0142173099615,10.8136401746533,10.0479490043635,8.97730376325485,34.60993668,16.4857500762324,63.4277324860519,6.80450026112755,8.764582168,3.05879806545228,76.11873851,16.728080682703,2.57586520009523,0.662405076459258,0.965721996131078,1.16361792633051,17.1761767273528,0.671243392012175,0.173116459172631,0.934928943,0.283943854420358,0.881843250626248,0.036093394,0.992403814489734,2.29,3.08,3.263,1,"noRScoretop_seds_2over3under10_deep_66","noRScoretop_seds_2over3under10_deep"
"916",-5.51321839326481,18.3181949616825,27.2000464031615,34.2888564202533,54.4964203865401,48.358315480338,19.2329725673224,9.38881253473225,10.046534623297,12.5979722318946,34.7435358630771,16.62920237,63.4277324860519,6.77607205861893,8.759884054838,3.01566532245356,76.1161925491832,16.4892666891054,2.59041364008043,0.654408640116038,1.46897593641352,1.06341442976442,16.4356903109635,0.22277893633104,0.169104199487763,0.919751149573516,0.361172137038524,0.409175869788394,0.0190102359655394,0.860023667925727,2.31,3.08,3.1,1,"noRScoretop_seds_2over3under10_deep_67","noRScoretop_seds_2over3under10_deep"
"917",-4.92688935435904,19.9086654241124,29.1646070419941,33.3751080004256,59.4267441458047,47.94976079949,19.081102012133,11.4784254567336,10.0406034317611,9.13815614147536,34.6326959175794,17.031429676832,63.3569547237798,6.816071297,9.10683244683988,3.07108067856244,76.6199118128566,13.815965236467,2.44261961268793,0.891298240900926,1.34799207031372,1.16330091278227,23.1735316025282,0.106257689774724,0.172989288563011,0.937701314355559,0.787379489841255,0.926090507683696,0.035812964935055,0.988869296068101,2.23,3.09,3.702,1,"noRScoretop_seds_2over3under10_deep_68","noRScoretop_seds_2over3under10_deep"
"918",-5.51321839326481,18.3181949616825,27.2000464031615,34.2888564202533,54.4964203865401,48.358315480338,19.2329069802908,9.39209868075608,10.046534623297,12.5979722318946,34.6340347551775,16.62920237,63.3681597802888,6.77607205861893,8.759884054838,3.04439445441319,76.6516117576951,16.4892666891054,2.60412302900632,0.654408640116038,1.45701535427786,1.06341442976442,16.4356903109635,0.22277893633104,0.170129558711967,0.919751149573516,0.361172137038524,0.409175869788394,0.0190102359655394,0.988964527479502,2.3,3.09,3.11,1,"noRScoretop_seds_2over3under10_deep_69","noRScoretop_seds_2over3under10_deep"
"919",-6.03676782397281,18.3441748547101,27.0293129308657,34.102551406397,53.9834184034102,48.3577350543705,19.1867734795827,10.1561600104219,10.1226162985973,9.20467803389589,34.60993668,16.62920237,63.0389954813195,6.75800196738452,8.764582168,3.04426106364384,76.0683985283219,16.4709123910774,2.57586520009523,0.896376027617485,0.965717506516082,1.153693888869,15.7833027873596,0.668505280965546,0.196031517939686,0.958996585830137,0.812204765185869,0.904967233565253,0.0187574292851371,0.862254171027095,2.3,3.09,3.237,1,"noRScoretop_seds_2over3under10_deep_70","noRScoretop_seds_2over3under10_deep"
"920",-5.47357952778241,18.3441748547101,27.129659754584,34.102551406397,54.0899509058651,48.3577350543705,19.1950670615417,10.1481296911759,10.1199113674864,12.8677343750409,34.6099639593739,16.62920237,63.0229974610456,6.75708970745978,8.75998697124909,3.01421746508598,76.0697367918185,16.4892666891054,2.601775062489,0.661730699626287,0.965717506516082,1.15367064098862,15.7833027873596,0.172854552902631,0.195988114037577,0.959889354967393,0.812320832617268,0.906134376115209,0.0187574292851371,0.986465663719812,2.3,3.09,3.239,1,"noRScoretop_seds_2over3under10_deep_71","noRScoretop_seds_2over3under10_deep"
"921",-6.37451014772769,19.90850159,29.0813851381864,33.1115431028644,59.4267441458047,47.957539862481,19.1925511121567,11.2323630268564,10.2102408552323,9.1374996312077,34.6332310558871,16.6315972933007,63.3764045641177,6.816071297,9.10963040656985,3.04444104679746,76.1191569727027,15.127704953143,5.99659346182275,0.892875349745567,1.51294732049328,1.17099821292531,23.6124764653032,0.192394673774504,0.196085346,0.934917498746087,0.787379489841255,0.926092266141868,0.0164923840259335,0.98884406601565,2.26,3.1,3.136,1,"noRScoretop_seds_2over3under10_deep_72","noRScoretop_seds_2over3under10_deep"
"922",-5.45514450779735,19.9089465873271,27.1969431996718,34.2032017056033,54.1717297877913,48.2660425136049,19.2375756782337,10.7444339278823,10.0271522145148,12.5868713689964,34.5768021546066,17.0030455056582,63.3489374772825,6.75592830755955,8.76438899116717,3.05835386613897,76.2399906797173,15.2310371907883,2.49894914660436,0.653936259651659,1.40437410318175,0.286038783652581,15.97380282,0.213119596035311,0.169141999719132,0.93756396588972,0.56291285506092,0.987391705869903,0.0354655809860977,0.994681414634064,2.24,3.11,3.457,1,"noRScoretop_seds_2over3under10_deep_73","noRScoretop_seds_2over3under10_deep"
"923",-5.45514450779735,19.915106289558,27.1969431996718,34.2036326509555,54.1717297877913,48.2660425136049,19.2375756782337,10.7444339278823,10.0286349324234,12.5868713689964,34.5783148569727,16.997596861087,63.3547344759546,6.75592830755955,8.76438899116717,3.05835386613897,76.2399906797173,15.1952245233809,2.49894914660436,0.653936259651659,1.40437410318175,0.286038783652581,15.97380282,0.208740462023025,0.169141999719132,0.93756396588972,0.56291285506092,0.987391705869903,0.0192741310623979,0.994681414634064,2.24,3.11,3.461,1,"noRScoretop_seds_2over3under10_deep_74","noRScoretop_seds_2over3under10_deep"
"924",-5.20172176895225,19.9072862036873,27.1581318344562,33.1108272760155,54.2601325923357,47.9839807878957,19.0759499309728,11.5303127480692,10.0634792157537,9.04880702678212,34.5091923931302,16.62920237,61.597856716486,6.7472285550582,8.36142828183391,3.05856320215674,76.1192309217714,15.0305032544377,2.47004351168045,0.65450123838934,1.34889650419168,1.16727075197244,16.4560556747791,0.620612625896423,0.170743672128414,0.937602498892876,0.302407642964054,0.917238678,0.0170346588424577,0.988837718416265,2.24,3.11,3.471,1,"noRScoretop_seds_2over3under10_deep_75","noRScoretop_seds_2over3under10_deep"
"925",-5.20172176895225,19.9072702513803,27.1670521751563,33.1105318213116,54.1913542960715,47.9839807878957,19.0759499309728,10.7515418877571,10.0634792157537,9.04880702678212,34.5091923931302,16.62920237,61.597856716486,6.75051184211357,8.2859340527917,3.05856320215674,76.1567939959145,15.0651264339401,2.47004351168045,0.65450123838934,1.36952525547395,1.16727075197244,16.4560556747791,0.620612625896423,0.169053758696022,0.937602498892876,0.302407642964054,0.917238678,0.0362553404693731,0.990733111774176,2.24,3.11,3.476,2,"noRScoretop_seds_2over3under10_deep_76","noRScoretop_seds_2over3under10_deep"
"926",-6.01725770042681,19.9085888797682,29.1606371787235,33.1115590147738,59.4269287679758,47.9575892519495,19.1946886234521,11.220281574807,10.120585632019,9.13815614147536,34.6326818160814,16.62920237,63.3659256567263,6.816071297,9.10963040656985,3.04444104679746,76.1143930228983,15.1295185490814,5.98402641724856,0.892875349745567,1.34799207031372,1.16893804096577,23.1735316025282,0.191960935445836,0.203406966658826,0.934917498746087,0.786336760831019,0.925809374996395,0.0165182497037251,0.988869296068101,2.27,3.11,3.106,1,"noRScoretop_seds_2over3under10_deep_77","noRScoretop_seds_2over3under10_deep"
"927",-5.47415604824821,19.9072163435555,27.1185664683582,34.192420773557,54.1896729919904,47.9601868249457,19.0142173099615,10.8136401746533,10.0405646318025,8.97730376325485,34.60993668,16.4857500762324,63.42769306857,6.80450026112755,8.764582168,3.05879806545228,76.11873851,16.728080682703,2.4089362721252,0.662405076459258,1.35384952782501,1.16361792633051,17.1761767273528,0.196030004197569,0.173116459172631,0.934928943,0.801673785267495,0.881843250626248,0.036093394,0.992383240160414,2.27,3.11,3.262,2,"noRScoretop_seds_2over3under10_deep_78","noRScoretop_seds_2over3under10_deep"
"928",-4.70798776914227,20.9593709768605,29.1113662741804,33.2075348419546,58.0714445003489,57.912865208485,20.9231382032138,10.9423163942998,11.3280062433473,10.998876248097,25.7573600849349,20.8128935513621,55.0503917901476,6.56159090542342,9.01741170604635,3.08523124528326,76.3055295158658,17.1032129608986,5.25989884559384,0.869742873523703,0.186922758151901,0.336809705868445,39.5271769644323,0.132425061101772,0.0588138080072854,0.51159002963227,0.552870867733659,0.972667185158887,0.0165831447482449,0.341821014489475,2.32,3.11,3.067,1,"noRScoretop_seds_2over3under10_deep_79","noRScoretop_seds_2over3under10_deep"
"929",-5.21533618697059,19.9086075593154,27.1139571666632,33.0970337449848,54.3357475504867,47.9602163250505,19.1919904341248,10.8027317506411,10.4113534042641,9.04665706646059,34.6074533603261,16.62920237,63.3637614679475,6.80360587341393,8.28737513030666,3.05787179647481,76.1282863786079,15.0772458176006,2.57924482780608,0.88919638040282,1.35448118282524,1.16893135169153,15.97380282,0.191960247603988,0.169676261462014,0.937638661801103,0.302407642964054,0.925726660345751,0.0165180685553083,0.988905540732011,2.23,3.12,3.333,1,"noRScoretop_seds_2over3under10_deep_80","noRScoretop_seds_2over3under10_deep"
"930",-5.21533618697059,19.9086201856484,27.1196373849298,33.0968953959826,54.185541189711,47.9602134563708,19.0714292681002,10.7819458758384,10.3941283556072,9.04665706646059,34.6074533603261,16.62920237,63.2803195669551,6.80292844907345,8.28737513030666,3.05787179647481,76.1282863786079,15.0772458176006,2.57924482780608,0.88919638040282,1.35448118282524,1.16893135169153,15.97380282,0.192999908341777,0.169319087742733,0.937675930039319,0.302407642964054,0.917236332880086,0.0171338170317802,0.988905540732011,2.23,3.12,3.334,1,"noRScoretop_seds_2over3under10_deep_81","noRScoretop_seds_2over3under10_deep"
"931",-5.31930678057458,19.9086201856484,27.1196373849298,33.0968953959826,54.185541189711,47.9602134563708,19.0714292681002,10.7819458758384,10.3941283556072,9.04665706646059,34.6074533603261,16.62920237,63.2803195669551,6.80292844907345,8.28737513030666,3.05787179647481,76.1282863786079,15.0772458176006,2.57924482780608,0.88919638040282,1.35448118282524,1.16893135169153,15.97380282,0.192999908341777,0.169319087742733,0.937675930039319,0.302407642964054,0.917236332880086,0.0171338170317802,0.988905540732011,2.23,3.12,3.334,1,"noRScoretop_seds_2over3under10_deep_82","noRScoretop_seds_2over3under10_deep"
"932",-5.21533618697059,19.9086186170974,27.0117185883739,33.1126004337948,54.185541189711,47.9427983703851,19.074732938759,10.7981020287255,10.019761481225,9.04724832808602,34.6328084146749,16.62920237,61.5541625845524,6.80292844907345,8.32445289215907,3.04996089856545,76.6490648482729,15.0772458176006,2.57924482780608,0.65450565545366,1.34812146470907,1.16903851491361,15.97380282,0.191935452415105,0.169061223191128,0.937470614771505,0.302407642964054,0.925831882159247,0.0163062139261795,0.99051030479048,2.23,3.12,3.448,1,"noRScoretop_seds_2over3under10_deep_83","noRScoretop_seds_2over3under10_deep"
"933",-5.13608309103752,19.90850159,29.078290380886,33.1874337284584,59.4267441458047,48.351300072129,19.0717460669868,10.7834740562656,10.120585632019,9.1415222054523,34.6332448845313,16.62920237,61.5138261696362,6.816071297,9.10963040656985,3.04444104679746,76.1097525237054,15.0779472331131,5.997420321,0.892875349745567,1.36855384879287,1.16724897892156,23.1735316025282,0.191960935445836,0.168329250519414,0.937449023707518,0.787379489841255,0.917074518926609,0.0361159591279427,0.988869296068101,2.27,3.12,3.046,1,"noRScoretop_seds_2over3under10_deep_84","noRScoretop_seds_2over3under10_deep"
"934",-4.31036483544691,22.5010223020548,32.4503773922437,33.4212707043515,65.6168165238122,58.2605172246603,20.9059622394802,10.9337087054314,14.5202886678066,11.2344490700275,32.8079528155276,20.8486152600595,55.05777385676,6.56221388007366,8.34897382429575,3.0293685051409,76.2298786269896,16.5048441869022,5.07907951888166,0.567904452675392,0.123311090979311,0.353245440140937,37.1401062926751,0.733382803534197,0.0578536524203184,0.504939325534649,0.545060791825767,0.954729760241506,0.0777527824315028,0.532784179136834,2.4,3.12,2.664,1,"noRScoretop_seds_2over3under10_deep_85","noRScoretop_seds_2over3under10_deep"
"935",-4.87810223355917,19.9289714354634,29.0817919662462,33.1091763089529,58.5964973109143,47.957539862481,19.1947058812896,11.54453813413,10.1103424570489,9.13815614147536,34.5678775227611,16.7469884121653,63.4669508626284,6.80766261303249,9.1483258644948,3.04444104679746,76.11873851,14.0630762988823,2.0126666068339,0.892881996138972,1.35194312405567,1.16653810318991,23.6138740181199,0.133265578126379,0.196085346,0.929103180758663,0.787379489841255,0.926270984290501,0.0165182497037251,0.997574043538102,2.23,3.13,3.813,1,"noRScoretop_seds_2over3under10_deep_86","noRScoretop_seds_2over3under10_deep"
"936",-5.47690349639107,19.9084971202419,29.1646070419941,33.1270046052836,59.4267441458047,47.94976079949,19.081102012133,11.4826632037272,10.0381865267054,9.13815614147536,35.0552295988035,16.6482930007597,63.3569547237798,6.816071297,9.10683244683988,3.04436733051285,76.6186464166877,13.9759543944028,2.57357194467922,0.889087762653931,1.34498101680621,1.15501619658254,22.6108253393418,0.191960935445836,0.172030404622771,0.937701314355559,0.800888175577827,0.978915234953479,0.0842765695053151,0.99702094887307,2.24,3.13,3.734,2,"noRScoretop_seds_2over3under10_deep_87","noRScoretop_seds_2over3under10_deep"
"937",-6.01725770042681,19.90850159,29.1602693517981,33.1116316138096,59.4267441458047,47.957539862481,19.078402208262,11.5439543633089,10.1207088209342,9.13815614147536,34.6056225230666,17.0258977232049,63.365925907408,6.816071297,9.10963040656985,3.05880915804009,76.0961022860717,14.1875631249798,5.99706485121397,0.892875349745567,1.34799207031372,1.16821782536546,23.6152963586168,0.191960935445836,0.173730519882099,0.934917498746087,0.787379489841255,0.926013335569268,0.0165182497037251,0.9892889508605,2.25,3.13,3.071,1,"noRScoretop_seds_2over3under10_deep_88","noRScoretop_seds_2over3under10_deep"
"938",-4.83644869782889,21.0032948012617,28.0586133863014,33.1572574409686,58.0777049925381,57.8455783621221,20.937485718951,11.6304937710713,11.3353839948192,11.0003773518646,25.865977991508,21.2886331031257,55.0481970996527,6.59029378406472,8.2837076095454,3.09069162519734,76.3033241199865,17.0072265313104,5.20987181299051,0.119436345066026,0.0733914627219984,0.356489339580169,39.6851520382328,0.133143016250242,0.0596902439845394,0.483094253386026,0.553046688406444,0.966243734671143,0.0185315624398912,0.349022269098666,2.32,3.13,2.868,1,"noRScoretop_seds_2over3under10_deep_89","noRScoretop_seds_2over3under10_deep"
"939",-6.01725770042681,19.90850159,29.1591839933659,33.1116316138096,59.4267441458047,47.957539862481,19.078402208262,11.5439916922291,10.1207120284496,9.13815614147536,35.0168617395795,17.0469807807523,63.365925907408,6.816071297,9.10963040656985,3.05826809027297,76.6207902200754,14.1875631249798,5.9798483122008,0.892875349745567,1.34799207031372,1.16821782536546,23.1735316025282,0.191960935445836,0.173304844111177,0.934917498746087,0.787379489841255,0.926004289914764,0.0165182497037251,0.9892889508605,2.24,3.14,3.095,1,"noRScoretop_seds_2over3under10_deep_90","noRScoretop_seds_2over3under10_deep"
"940",-6.01725770042681,19.9086698938704,29.0817919662462,33.1108251060809,59.4267441458047,47.957539862481,19.1947058812896,11.53995690928,10.1230025370747,9.13815614147536,34.5924319985918,17.074381745734,63.3673806926794,6.816071297,9.10533411060836,3.05773389775787,76.1258718021556,14.1875631249798,5.88283338040116,0.892881996138972,1.34801030171654,1.16911909734715,23.6171036006216,0.191960935445836,0.196085346,0.937638459273917,0.787379489841255,0.929134932646082,0.0150242842527691,0.988869296068101,2.25,3.14,3.06,1,"noRScoretop_seds_2over3under10_deep_91","noRScoretop_seds_2over3under10_deep"
"941",-5.81642242074753,20.0044364403886,30.8747585594003,38.4575855937436,59.4567858267683,47.7836699223133,19.1946886234521,11.5444462256473,10.410278630931,16.2634070957192,34.6332448845313,16.62920237,63.2950421783667,6.816071297,9.10918486482082,3.05755440883151,76.1228635907358,14.1640998124121,6.02790531995424,0.0827927073046857,1.35440082862453,0.395773780635531,23.8780337076528,0.196448392353613,0.120129181620399,0.934289691817621,0.787460761634321,0.926090507683696,0.0165182497037251,0.933459273738914,2.29,3.14,3.167,2,"noRScoretop_seds_2over3under10_deep_92","noRScoretop_seds_2over3under10_deep"
"942",-5.15493890566769,19.9086186170974,27.1196373849298,33.1115744230415,54.1534281208761,48.244398170215,19.0759869376241,10.7819458758384,10.019761481225,9.13925080603745,34.6074533603261,16.62920237,63.3283413349804,6.80292844907345,8.28596395825147,3.04986417048599,76.2255231482301,15.0772458176006,2.57924482780608,0.900973050061974,1.45887635979122,1.16730166368788,16.2119215631759,0.192300165367365,0.169061223191128,0.937675930039319,0.288496951080207,0.917236332880086,0.0362553404693731,0.990627224091652,2.23,3.15,3.281,1,"noRScoretop_seds_2over3under10_deep_93","noRScoretop_seds_2over3under10_deep"
"943",-4.98503800350795,20.9901718934938,29.1074239084118,33.1968265712654,58.0716297977345,57.912865208485,20.9060483432027,10.9423163942998,11.3355246707144,10.9991491433182,25.7573600849349,20.8123205121791,55.0611372665644,6.56159090542342,9.14870904477225,3.09517525436371,76.3021573185264,17.1032943753981,5.02792047470305,0.879843388871149,0.186922758151901,0.336809705868445,39.5271769644323,0.132425061101772,0.0595615442874822,0.511778864639091,0.553046688406444,0.977431335323556,0.0190001882602712,0.343168479201079,2.32,3.15,3.039,1,"noRScoretop_seds_2over3under10_deep_94","noRScoretop_seds_2over3under10_deep"
"944",-4.35301291777327,22.5926405210255,32.6420053167522,33.1769697391266,65.6400572598706,58.7401218073876,20.910791509428,10.9793551348952,14.84053202,11.0998245700328,33.1520826098284,20.8638471567465,55.0372695517673,6.55901132782718,8.35403955468605,3.04514993210283,76.4874736994811,16.5317040694323,4.22809105471979,0.566130957803905,0.172553991057092,0.326327491649321,37.1337864532581,0.929148069044381,0.0588549483729955,0.483830287791129,0.545063644372161,0.954415354277007,0.00985276365663831,0.53038895957688,2.42,3.16,2.651,1,"noRScoretop_seds_2over3under10_deep_95","noRScoretop_seds_2over3under10_deep"
"945",-6.01725770042681,19.9083341169593,29.078290380886,33.0973358981397,59.4567858267683,47.9591379960238,19.1911378568965,11.5445936544534,10.410278630931,9.12900163523144,34.4984223447891,17.0533741390626,63.2950421783667,6.80322107437578,8.75917036264939,3.04460520140239,76.11873851,14.1872342790536,5.997420321,0.892866367539162,1.36983993402409,1.168994618,23.8848268176711,0.196448392353613,0.196170146574914,0.934872979498961,0.787460761634321,0.926877020843865,0.0165182497037251,0.988869296068101,2.24,3.17,3.037,1,"noRScoretop_seds_2over3under10_deep_96","noRScoretop_seds_2over3under10_deep"
"946",-6.01725770042681,19.90850159,29.1592192618342,33.1080923884032,59.4042501884941,47.957539862481,19.1946886234521,11.5444462256473,10.1205857577732,9.13894755936941,34.6279288489889,17.0577506903674,63.3545472865219,6.816071297,8.73664185057886,3.04444104679746,76.6428580232813,14.1977529825545,5.9801127713011,0.892875349745567,1.34799207031372,1.168994618,23.1662789931257,0.19196154838008,0.196085346,0.934917498746087,0.787379489841255,0.926090507683696,0.0165182497037251,0.988869296068101,2.25,3.17,3.041,1,"noRScoretop_seds_2over3under10_deep_97","noRScoretop_seds_2over3under10_deep"
"947",-6.01725770042681,19.90850159,29.1592192618342,33.1323691366812,59.4267441458047,47.957539862481,19.1953787534889,11.5284624773276,10.120585632019,9.13815614147536,34.6326818160814,16.62920237,63.356098469134,6.75660516701474,9.10963040656985,3.04444104679746,76.1444281528461,14.1875631249798,6.09339618929783,0.892875349745567,1.34636294525221,1.168994618,23.1735316025282,0.191960935445836,0.174568797013619,0.934917498746087,0.787379489841255,0.926090507683696,0.0165182497037251,0.988869296068101,2.25,3.17,3.07,2,"noRScoretop_seds_2over3under10_deep_98","noRScoretop_seds_2over3under10_deep"
"948",-4.31036483544691,22.5010223020548,32.4503773922437,33.4212707043515,65.6168165238122,58.3794554816086,20.9059622394802,10.9337087054314,14.8405700615828,11.2344490700275,32.8079528155276,20.8486152600595,55.05777385676,6.56221388007366,8.34897382429575,3.0293685051409,76.2298786269896,16.5048441869022,5.07907951888166,0.567904452675392,0.123311090979311,0.326377504664765,37.1401062926751,0.733382803534197,0.0585525162229251,0.504939325534649,0.545060791825767,0.955190528271502,0.0789047886022529,0.533085357940833,2.39,3.17,2.67,1,"noRScoretop_seds_2over3under10_deep_99","noRScoretop_seds_2over3under10_deep"
"949",-4.31036483544691,22.5010223020548,32.4433207797638,33.4648189458045,65.6168165238122,58.3958214234078,20.9055556817408,10.9617345410136,14.8405700615828,11.2344490700275,32.8079528155276,20.8486152600595,55.05777385676,6.56178343504665,8.34897382429575,3.0293685051409,76.2294058697908,16.5048441869022,5.09240363957548,0.567904452675392,0.123307186977648,0.320170816029183,37.1401062926751,0.733382803534197,0.0588404906731348,0.482272218875911,0.545060791825767,0.955190528271502,0.0789047886022529,0.533085357940833,2.39,3.17,2.671,1,"noRScoretop_seds_2over3under10_deep_100","noRScoretop_seds_2over3under10_deep"
"950",-6.01725770042681,19.90850159,29.0817919662462,33.1108251060809,59.4267441458047,47.957539862481,19.1947058812896,11.54453813413,10.120585632019,9.13815614147536,34.6332448845313,16.62920237,63.3673806926794,6.816071297,9.10533411060836,3.04444104679746,76.11873851,14.1875631249798,5.07206906914406,0.892881996138972,1.34799207031372,1.168994618,23.6136094296695,0.191960935445836,0.196085346,0.937638459273917,0.787379489841255,0.925872708178954,0.0165182497037251,0.988869296068101,2.24,3.18,3.185,1,"noRScoretop_seds_2over3under10_deep_101","noRScoretop_seds_2over3under10_deep"
"951",-6.02305164179366,19.90850159,29.0658486612391,33.1115590147738,59.4267441458047,47.957539862481,19.1946886234521,11.3668339414159,10.099159414055,9.13815614147536,34.6326706382414,16.62920237,63.3528606207159,6.816071297,9.10963040656985,3.04444104679746,76.11873851,14.1875631249798,5.02300903546376,0.892875349745567,1.34799207031372,1.18482575694948,23.2034416956323,0.191960935445836,0.196085346,0.934917498746087,0.78738441566097,0.926090507683696,0.0165182497037251,0.988869296068101,2.24,3.18,3.216,1,"noRScoretop_seds_2over3under10_deep_102","noRScoretop_seds_2over3under10_deep"
"952",-6.00277086312217,19.90850159,29.1592192618342,33.1212739250852,59.4267441458047,47.957539862481,19.1946886234521,11.5444462256473,10.1207993985924,9.1226501550307,34.6345072664784,16.9914432796129,63.365925907408,6.8169307477189,8.78365073149943,3.04444104679746,76.6439458344137,14.1928647746049,5.97763874031365,0.892875349745567,1.46413141566453,1.168994618,23.0256924434458,0.191960935445836,0.194782146945817,0.934917498746087,0.787379489841255,0.926090507683696,0.0162612249342204,0.988869296068101,2.24,3.18,3.041,2,"noRScoretop_seds_2over3under10_deep_103","noRScoretop_seds_2over3under10_deep"
"953",-6.68110348965022,19.90850159,29.0817919662462,33.1108251060809,59.4267441458047,47.957539862481,19.2664023425374,11.54453813413,10.120585632019,9.13815614147536,34.6332448845313,16.62920237,63.3673806926794,6.816071297,9.10528476219874,3.04444866480152,76.11873851,14.1875631249798,5.0671166321705,0.892881996138972,1.34799207031372,1.168994618,23.6237087423559,0.191960935445836,0.196085346,0.934853264957668,0.787379489841255,0.925872458839407,0.0165182497037251,0.988869296068101,2.24,3.18,3.35,2,"noRScoretop_seds_2over3under10_deep_104","noRScoretop_seds_2over3under10_deep"
"954",-6.01725770042681,19.9085024100109,29.078290380886,33.1777870625255,59.4567858267683,47.957539862481,19.1910106018497,11.5444462256473,10.1200441272781,9.13865466926949,34.5030211471902,17.0722115713765,63.3576390917877,6.80387724777095,9.10918486482082,3.05732184258671,76.1162876707651,14.1875631249798,5.99766416272771,0.895991623883628,1.35440082862453,1.168994618,23.6117135314776,0.196323799263524,0.20109917396408,0.934289691817621,0.791329215929054,0.796533921024724,0.0165182497037251,0.988869296068101,2.25,3.18,3.053,2,"noRScoretop_seds_2over3under10_deep_105","noRScoretop_seds_2over3under10_deep"
"955",-5.47614330812935,19.90850159,28.9743218105807,33.1115571017463,59.4267441458047,47.957539862481,19.1974713274708,11.54453813413,10.120585632019,9.13815614147536,34.6332448845313,17.089186639115,63.3570348542613,6.816071297,9.10530811426453,3.04444866480152,76.11873851,13.9696934834216,5.97923441380171,0.892881996138972,1.34799207031372,1.168994618,22.5885401523311,0.191960935445836,0.195710271233478,0.937931681359633,0.787286923964712,0.984072825615042,0.0141265172026821,0.988869296068101,2.27,3.18,3.016,1,"noRScoretop_seds_2over3under10_deep_106","noRScoretop_seds_2over3under10_deep"
"956",-4.31083254085501,22.5010223020548,32.4520975808361,33.4212707043515,65.6168165238122,58.3794554816086,20.9059093652773,10.9337087054314,14.8405700615828,11.2344490700275,32.8079528155276,20.848685019674,55.0529972189568,6.56221388007366,8.30998660221122,3.02522064499374,76.2298786269896,16.5050099964247,5.07907951888166,0.567904452675392,0.123311090979311,0.326377504664765,37.1401062926751,0.733382803534197,0.0585525162229251,0.504939325534649,0.545060791825767,0.955190528271502,0.0789047886022529,0.533085357940833,2.4,3.18,2.665,1,"noRScoretop_seds_2over3under10_deep_107","noRScoretop_seds_2over3under10_deep"
"957",-6.01725770042681,19.90850159,29.0815674966898,33.1115519477589,59.4267441458047,47.957539862481,19.195082866374,11.5444462256473,10.120585632019,9.13815614147536,34.6325971129692,16.62920237,63.365925907408,6.816071297,9.11027201772178,3.04444104679746,76.6774638130365,14.1875631249798,5.05265899450853,0.892875349745567,1.34799207031372,1.168994618,23.1735316025282,0.191960935445836,0.196085346,0.934917498746087,0.787379489841255,0.926090507683696,0.0159071012151001,0.988869296068101,2.23,3.19,3.109,1,"noRScoretop_seds_2over3under10_deep_108","noRScoretop_seds_2over3under10_deep"
"958",-6.01725770042681,19.9086109254819,29.1779720936858,33.1143113171744,59.4267441458047,47.957539862481,19.1946886234521,11.5444462256473,10.120585632019,9.138538771012,34.6326818160814,16.62920237,63.365925907408,6.81607146002918,9.10969912169099,3.04444104679746,76.6439458344137,14.1934656548635,5.9798483122008,0.892875349745567,1.34799207031372,1.168994618,23.1573041770407,0.191960935445836,0.16963428830911,0.937636320780913,0.787379489841255,0.917267779471445,0.0165182497037251,0.988869296068101,2.24,3.19,3.072,1,"noRScoretop_seds_2over3under10_deep_109","noRScoretop_seds_2over3under10_deep"
"959",-6.01725770042681,19.90850159,29.0817919662462,33.1108251060809,59.4267441458047,47.957539862481,19.2672423121292,11.54453813413,10.120585632019,9.13815614147536,34.6332448845313,16.62920237,63.3673806926794,6.816071297,9.10528476219874,3.04444866480152,76.11873851,14.1875631249798,5.0671166321705,0.892881996138972,1.34799207031372,1.168994618,23.6137701416816,0.191960935445836,0.196085346,0.934853264957668,0.787379489841255,0.925872458839407,0.0165182497037251,0.988869296068101,2.24,3.19,3.166,1,"noRScoretop_seds_2over3under10_deep_110","noRScoretop_seds_2over3under10_deep"
"960",-6.01725770042681,19.90850159,29.0817919662462,33.1108251060809,59.4267441458047,47.957539862481,19.2664023425374,11.54453813413,10.120585632019,9.13815614147536,34.6332448845313,16.62920237,63.3673806926794,6.816071297,9.10528476219874,3.04444866480152,76.11873851,14.1875631249798,5.0671166321705,0.892881996138972,1.34799207031372,1.168994618,23.6237087423559,0.191960935445836,0.196085346,0.934853264957668,0.787379489841255,0.925872458839407,0.0165182497037251,0.988869296068101,2.24,3.19,3.166,1,"noRScoretop_seds_2over3under10_deep_111","noRScoretop_seds_2over3under10_deep"
"961",-6.01725770042681,19.90850159,29.0784514820167,33.1108251060809,59.4267441458047,47.957539862481,19.2676810595143,11.54453813413,10.120585632019,9.13815614147536,34.6332448845313,16.62920237,63.3658728955673,6.816071297,9.10528476219874,3.04444866480152,76.11873851,14.1875631249798,5.0671166321705,0.892881996138972,1.34799207031372,1.168994618,23.1745040100669,0.191960935445836,0.196085346,0.934853264957668,0.787379489841255,0.925872666701849,0.0165182497037251,0.988869296068101,2.24,3.19,3.18,1,"noRScoretop_seds_2over3under10_deep_112","noRScoretop_seds_2over3under10_deep"
"962",-6.0220212566973,19.90850159,29.078290380886,33.1115590147738,59.4267441458047,47.957539862481,19.1942505756841,11.5426061543099,10.120585632019,12.5671612227046,34.5592405682383,16.989300356964,63.3659490612044,6.816071297,8.7717013731572,3.04444104679746,76.11873851,14.1875631249798,5.997420321,0.889295187963981,1.46142390236878,1.168994618,23.1735316025282,0.211085086716801,0.196085346,0.934917498746087,0.788131651555667,0.926090507683696,0.0165182497037251,0.98888788240429,2.28,3.19,2.99,1,"noRScoretop_seds_2over3under10_deep_113","noRScoretop_seds_2over3under10_deep"
"963",-6.01725770042681,19.90850159,29.1592192618342,33.1115590147738,59.4267441458047,47.957539862481,19.0568926361512,11.5444462256473,10.1205869886485,9.13815614147536,34.6326818160814,16.62920237,63.366631281153,6.816071297,9.10935492094884,3.04444104679746,76.6336343622749,14.1979105468018,5.9798483122008,0.895581235436441,1.34799207031372,1.168994618,23.1735749656251,0.191967553970574,0.196085346,0.934917498746087,0.787717345519773,0.926090507683696,0.0165182497037251,0.988869296068101,2.24,3.2,3.079,1,"noRScoretop_seds_2over3under10_deep_114","noRScoretop_seds_2over3under10_deep"
"964",-6.39229249917278,19.9083302501323,29.0817919662462,33.1108251060809,59.4267441458047,47.957539862481,19.1947058812896,11.54453813413,10.1223559659756,9.12905738074366,34.6332416587425,16.62920237,63.2957237625124,6.816071297,9.10913777374818,3.0575775411936,76.1236411592001,14.1875631249798,5.997420321,0.892881996138972,1.34799207031372,1.168994618,23.6379678826632,0.191960935445836,0.196085346,0.934412625011676,0.787379489841255,0.925872708178954,0.0165182497037251,0.988869296068101,2.24,3.2,3.124,2,"noRScoretop_seds_2over3under10_deep_115","noRScoretop_seds_2over3under10_deep"
"965",-5.51567880582517,18.3131145932429,31.6266773759925,38.1583205523098,64.6482470795931,53.18350483,20.9363817520949,9.380128684,10.4026576061578,12.8658128403596,31.60462908,20.97434607,54.11483393,7.572262829,9.17243969650609,3.6486769301851,74.1021175290882,16.78964455,5.6793296997574,0.143025554,1.930602242,1.08375204843944,37.63124496,0.671953670176246,0.192615563068341,0.923743750791964,0.76613934535834,0.905719500293158,0.139070268,0.8658411,2.9,3.2,2.638,1,"noRScoretop_seds_2over3under10_deep_116","noRScoretop_seds_2over3under10_deep"
"966",-5.51567880582517,18.3131145932429,31.6401262746576,38.1583205523098,64.8725970721596,53.18350483,20.9363817520949,9.380128684,10.4026576061578,12.8658128403596,31.60462908,20.97434607,54.11483393,7.572262829,9.17243969650609,3.6486769301851,74.1095454817793,16.78964455,5.6793296997574,0.143025554,1.930602242,1.08375204843944,37.63124496,0.671953670176246,0.192635235419172,0.918994763438254,0.789384897347197,0.901995467323686,0.139070268,0.8658411,2.91,3.2,2.603,1,"noRScoretop_seds_2over3under10_deep_117","noRScoretop_seds_2over3under10_deep"
"967",-5.51567880582517,18.3131145932429,31.6264041727239,38.2471981028039,64.8821814593001,53.18350483,20.9363817520949,9.380128684,10.4026576061578,12.8661808331363,31.60462908,20.9740593353983,54.11483393,7.572262829,9.17243969650609,3.6486769301851,74.10916232133,16.78964455,5.6793296997574,0.143332615691953,1.930602242,1.08375204843944,37.6314440583356,0.671953670176246,0.19261232613608,0.923743750791964,0.812991937441236,0.903569473321762,0.139070268,0.863474733035042,2.91,3.2,2.603,1,"noRScoretop_seds_2over3under10_deep_118","noRScoretop_seds_2over3under10_deep"
"968",-5.51567880582517,18.3131145932429,31.6264041727239,38.2471981028039,64.8768599183614,53.18350483,20.9363817520949,9.380128684,10.4026576061578,12.8661808331363,31.60462908,20.9740593353983,54.11483393,7.572262829,9.17243969650609,3.6486769301851,74.1091918609928,16.78964455,5.6793296997574,0.143334221282659,1.930602242,1.08375204843944,37.6314440583356,0.671953670176246,0.19261232613608,0.923743750791964,0.812991937441236,0.903569473321762,0.139070268,0.863474733035042,2.91,3.2,2.604,1,"noRScoretop_seds_2over3under10_deep_119","noRScoretop_seds_2over3under10_deep"
"969",-6.01725770042681,19.908485637693,29.0907123069462,33.110529651377,59.3579658495406,47.957539862481,19.1947058812896,10.7657672738179,10.120585632019,9.13815614147536,34.6332448845313,16.62920237,63.3673806926794,6.81935458405537,9.02983988156615,3.04444104679746,76.156301584143,14.2221863044822,5.997420321,0.892881996138972,1.36862082159599,1.168994618,23.6138740181199,0.191960935445836,0.194395432567609,0.937638459273917,0.787379489841255,0.925872708178954,0.0357389313308793,0.990764689426013,2.24,3.21,3.026,1,"noRScoretop_seds_2over3under10_deep_120","noRScoretop_seds_2over3under10_deep"
"970",-6.02097023228284,19.9083341169593,29.0793139891853,33.107956080556,59.4582985494766,47.957539862481,19.1946879123174,11.5143589570025,10.410278630931,9.12900163523144,34.6326239734519,16.62920237,63.2950421783667,6.81586821565769,9.10918486482082,3.05755440883151,76.11873851,14.1875631249798,5.78980283484329,0.892875349745567,1.35440082862453,1.168994618,23.8780337076528,0.191925833992175,0.196226635841758,0.934289691817621,0.787460761634321,0.926723665400648,0.0165182497037251,0.988869296068101,2.24,3.21,3.071,1,"noRScoretop_seds_2over3under10_deep_121","noRScoretop_seds_2over3under10_deep"
"971",-6.01725770042681,19.9085142163329,29.1648994801008,33.111379185439,59.276537785029,47.9575369938013,19.0741274574275,11.5236603508446,10.1033605833621,9.13815614147536,34.6332556916528,16.62920237,63.2825392520812,6.81539387265951,9.1053768037771,3.04444104679746,76.6231430258145,14.1875631249798,5.99820937179165,0.892875349745567,1.34799207031372,1.168994618,23.1859776876592,0.193000596183626,0.195728172280719,0.934924967226357,0.787379489841255,0.917386923994184,0.017133998180197,0.988869296068101,2.24,3.21,3.082,1,"noRScoretop_seds_2over3under10_deep_122","noRScoretop_seds_2over3under10_deep"
"972",-6.37926561530214,19.90850159,29.0813851381864,33.1115431028644,59.4267441458047,47.957539862481,19.1946886234521,11.5444462256473,10.120585632019,9.13815614147536,34.6332310558871,16.62920237,63.3674424101294,6.816071297,9.10963040656985,3.04444104679746,76.6439458344137,14.1875631249798,5.99659346182275,0.892875349745567,1.34799207031372,1.168994618,23.6124764653032,0.191960935445836,0.196085346,0.934917498746087,0.787379489841255,0.926090507683696,0.0165182497037251,0.988869296068101,2.24,3.21,3.1,1,"noRScoretop_seds_2over3under10_deep_123","noRScoretop_seds_2over3under10_deep"
"973",-6.39229249917278,19.90850159,29.0817919662462,33.1108251060809,59.4267441458047,47.957539862481,19.1947058812896,11.54453813413,10.120585632019,9.13815614147536,34.6332416587425,16.62920237,63.3673806926794,6.816071297,9.10533411060836,3.04444104679746,76.6451867480606,14.1875631249798,5.997420321,0.892881996138972,1.34799207031372,1.168994618,23.6379678826632,0.191960935445836,0.196085346,0.937638459273917,0.787379489841255,0.925872708178954,0.0165182497037251,0.988869296068101,2.24,3.21,3.101,1,"noRScoretop_seds_2over3under10_deep_124","noRScoretop_seds_2over3under10_deep"
"974",-6.01725770042681,19.9083341169593,29.0785454301166,33.1108558507539,59.4291176806712,47.957539862481,19.1946886234521,11.5444462256473,10.1048494808383,9.13809099016574,34.6332448845313,16.62920237,63.2950421783667,6.816071297,9.10918486482082,3.05755440883151,76.11873851,14.1875631249798,5.997420321,0.892875349745567,1.35440082862453,1.168994618,23.8944586368772,0.196443611221225,0.196170146574914,0.934289691817621,0.787460761634321,0.926090507683696,0.0165182497037251,0.988869296068101,2.24,3.21,3.075,2,"noRScoretop_seds_2over3under10_deep_125","noRScoretop_seds_2over3under10_deep"
"975",-6.29912225490626,19.90850159,29.1592192618342,33.1115590147738,59.4267441458047,47.957539862481,19.1946886234521,11.5444462256473,10.120585632019,9.13815614147536,34.6326818160814,16.62920237,63.365925907408,6.816071297,9.10963040656985,3.04444104679746,76.6439458344137,14.1875631249798,5.9798483122008,0.892875349745567,1.34799207031372,1.168994618,23.1735316025282,0.191960935445836,0.196085346,0.934917498746087,0.787379489841255,0.926090507683696,0.0165182497037251,0.988869296068101,2.24,3.21,3.104,2,"noRScoretop_seds_2over3under10_deep_126","noRScoretop_seds_2over3under10_deep"
"976",-4.77149144635907,20.9856587327715,28.0586133863014,33.1572574409686,58.0777049925381,57.8455783621221,20.937485718951,11.6304937710713,11.3353839948192,11.0003773518646,25.7573600849349,20.795297206639,55.0481970996527,6.59014775603322,8.35063241210053,3.09069162519734,76.3036098711091,17.0072265313104,5.09088417055461,0.119436345066026,0.186868546509311,0.335038454553045,39.6851520382328,0.132426808218429,0.0536151893078639,0.483189890994243,0.553046688406444,0.977917911195388,0.017803352742539,0.349022269098666,2.32,3.21,2.849,1,"noRScoretop_seds_2over3under10_deep_127","noRScoretop_seds_2over3under10_deep"
"977",-5.2836387396971,19.9085068191332,27.1196373849298,33.1794285292621,54.2008367650598,47.9835250045623,19.0760135796712,10.7713584814961,10.0462952584415,9.04880702678212,34.5059645434672,17.0440738091972,63.443188067134,6.80292844907345,8.75254226936201,3.05854018862728,76.6490648482729,15.059714800195,2.47646277260669,0.654322740649424,1.36952525547395,1.16718049460815,15.97680369441,0.109184664383984,0.169061223191128,0.937602498892876,0.791672156508036,0.401786005216142,0.0362553404693731,0.990732087,2.23,3.22,3.35,1,"noRScoretop_seds_2over3under10_deep_128","noRScoretop_seds_2over3under10_deep"
"978",-6.01725770042681,19.9085027603817,29.0307350868224,33.1894679237742,59.4267441458047,47.957539862481,19.1946886234521,11.5444462256473,10.1241661636846,9.13815614147536,34.6332448845313,16.62920237,63.3177081539249,6.8028669163598,9.09429032122102,3.04474788556947,76.6395567872925,14.1875631249798,6.01149396231176,0.892875349745567,1.34782293197084,1.168994618,23.1735316025282,0.19136305962307,0.196085346,0.934917498746087,0.787379489841255,0.927417521684406,0.0165134884920889,0.988869296068101,2.24,3.22,3.059,1,"noRScoretop_seds_2over3under10_deep_129","noRScoretop_seds_2over3under10_deep"
"979",-6.01725770042681,19.90850159,29.0817919662462,33.1108251060809,59.4267441458047,47.957539862481,19.1947058812896,11.54453813413,10.120585632019,9.13815614147536,34.6332448845313,16.62920237,63.3673806926794,6.816071297,9.10533411060836,3.04444104679746,76.6457800249077,14.1875631249798,5.9798495839038,0.892881996138972,1.34799207031372,1.168994618,23.1724510669633,0.191960935445836,0.196085346,0.937638459273917,0.787379489841255,0.925874448765588,0.0165182497037251,0.988869296068101,2.24,3.22,3.063,1,"noRScoretop_seds_2over3under10_deep_130","noRScoretop_seds_2over3under10_deep"
"980",-6.01567720270276,19.9085088430105,29.1592192618342,33.1115590147738,59.4267441458047,47.9575192937287,19.191241103043,11.4781070485918,10.120585632019,9.13815614147536,34.6326818160814,16.62920237,63.365925907408,6.816071297,9.10963040656985,3.04540971201446,76.6439458344137,14.1875631249798,5.8934481526553,0.892875349745567,1.34799207031372,1.16347373247167,23.1735316025282,0.191960935445836,0.196085346,0.937863577767498,0.787379489841255,0.926090507683696,0.0365539265023926,0.988869296068101,2.24,3.22,3.063,1,"noRScoretop_seds_2over3under10_deep_131","noRScoretop_seds_2over3under10_deep"
"981",-6.01725770042681,19.90850159,29.0814333156839,33.1108429831403,59.4267441458047,47.957539862481,19.1947058812896,11.5295129816776,10.120585632019,9.13815614147536,34.6332448845313,16.62920237,63.3673806926794,6.816071297,9.10503268053024,3.04444104679746,76.1297764048659,14.1875631249798,5.997420321,0.892881996138972,1.45291900041614,1.168994618,23.6138740181199,0.191960935445836,0.196085346,0.937626882210735,0.787379489841255,0.925872708178954,0.0165182497037251,0.988869296068101,2.24,3.22,3.063,1,"noRScoretop_seds_2over3under10_deep_132","noRScoretop_seds_2over3under10_deep"
"982",-6.01724415963681,19.9085088430105,29.1592192618342,33.1115590147738,59.4267441458047,47.9575192937287,19.1914546147085,11.4781070485918,10.120585632019,9.13815614147536,34.6326818160814,16.62920237,63.365925907408,6.816071297,9.10963040656985,3.04540971201446,76.6439458344137,14.1875631249798,5.8934481526553,0.892875349745567,1.34799207031372,1.16340460994411,23.1735316025282,0.191960935445836,0.196085346,0.937863577767498,0.787379489841255,0.926090507683696,0.0370654870200805,0.988869296068101,2.24,3.22,3.063,1,"noRScoretop_seds_2over3under10_deep_133","noRScoretop_seds_2over3under10_deep"
"983",-6.01725770042681,19.90850159,29.0792275986751,33.1115590147738,59.4267441458047,47.957539862481,19.1946886234521,11.5444462256473,10.120585632019,9.13815614147536,34.6326853992239,16.62920237,63.365925907408,6.816071297,9.10963040656985,3.04444104679746,76.6703823075161,14.1875631249798,5.9798483122008,0.892875349745567,1.34799207031372,1.168994618,23.1735316025282,0.191960935445836,0.196085346,0.934917498746087,0.787379489841255,0.926090507683696,0.0165182497037251,0.988869296068101,2.24,3.22,3.064,1,"noRScoretop_seds_2over3under10_deep_134","noRScoretop_seds_2over3under10_deep"
"984",-6.01725770042681,19.9083341169593,29.0818403885317,33.0969915937622,59.4569542533958,47.957539862481,19.1953441615903,11.5444462256473,10.4323476719514,9.12900163523144,34.6332738311605,16.62920237,63.29454314152,6.816071297,9.10918486482082,3.04445070375948,76.11873851,14.1875631249798,5.997420321,0.892875349745567,1.35440082862453,1.168994618,23.8790104533296,0.196448392353613,0.196026667195285,0.934289691817621,0.787460761634321,0.926090507683696,0.0165182497037251,0.988869296068101,2.24,3.22,3.067,1,"noRScoretop_seds_2over3under10_deep_135","noRScoretop_seds_2over3under10_deep"
"985",-6.01725770042681,19.9083341169593,29.078290380886,33.0969915937622,59.4567858267683,47.957539862481,19.1946886234521,11.5444462256473,10.410278630931,9.12900163523144,34.6332448845313,16.62920237,63.2950421783667,6.816071297,9.10918486482082,3.05755440883151,76.11873851,14.1875631249798,5.997420321,0.892875349745567,1.35440082862453,1.168994618,23.8780337076528,0.196448392353613,0.196170146574914,0.934289691817621,0.787460761634321,0.926090507683696,0.0165182497037251,0.988869296068101,2.24,3.22,3.068,1,"noRScoretop_seds_2over3under10_deep_136","noRScoretop_seds_2over3under10_deep"
"986",-6.01725770042681,19.9084985798555,29.078290380886,33.0970120777571,59.4543741941177,47.957539862481,19.1946886234521,11.5444462256473,10.410278630931,9.12900163523144,34.6332448845313,16.62920237,63.2960229186579,6.816071297,9.10918868541752,3.05755440883151,76.11873851,14.1875631249798,5.997420321,0.892875349745567,1.35440082862453,1.168994618,23.8780337076528,0.196448392353613,0.196170146574914,0.934565410274338,0.787460761634321,0.926090507683696,0.0165182497037251,0.988869296068101,2.24,3.22,3.069,1,"noRScoretop_seds_2over3under10_deep_137","noRScoretop_seds_2over3under10_deep"
"987",-6.01725770042681,19.90850159,29.1603531727525,33.1115590147738,59.4267441458047,47.957539862481,19.1946886234521,11.5294940870994,10.120585632019,9.13815614147536,34.6332417818164,16.62920237,63.365925907408,6.816071297,9.10963040656985,3.04444104679746,76.6496983462901,14.1876612718289,5.97986547822109,0.892881431730978,1.34957647484888,1.168994618,23.1737111346546,0.191960935445836,0.196137697944443,0.934917498746087,0.787379489841255,0.926106645934713,0.0165182497037251,0.988869296068101,2.24,3.22,3.07,1,"noRScoretop_seds_2over3under10_deep_138","noRScoretop_seds_2over3under10_deep"
"988",-6.01725770042681,19.90850159,29.1592192618342,33.1108092026168,59.4267441458047,47.957539862481,19.1946886234521,11.5444462256473,10.120585632019,9.13815614147536,34.6326726094759,16.62920237,63.3658849399536,6.816071297,9.10534480852813,3.04444104679746,76.6468845170691,14.1875631249798,5.9798483122008,0.892875349745567,1.34799207031372,1.168994618,23.1735316025282,0.191960935445836,0.196085346,0.934930745344439,0.787379489841255,0.926090507683696,0.0165182497037251,0.988869296068101,2.24,3.22,3.07,1,"noRScoretop_seds_2over3under10_deep_139","noRScoretop_seds_2over3under10_deep"
"989",-6.01725770042681,19.90850159,29.1592192618342,33.1115175344412,59.4267441458047,47.957539862481,19.1946886234521,11.5444462256473,10.120585632019,9.13815614147536,34.6332556916528,16.62920237,63.3659811530736,6.816071297,9.1053768037771,3.04444104679746,76.6439458344137,14.1875631249798,5.9798483122008,0.892875349745567,1.34799207031372,1.168994618,23.1859776876592,0.191960935445836,0.196085346,0.934918022249483,0.787379489841255,0.926090507683696,0.0165182497037251,0.988869296068101,2.24,3.22,3.07,1,"noRScoretop_seds_2over3under10_deep_140","noRScoretop_seds_2over3under10_deep"
"990",-6.01725770042681,19.90850159,29.1603531727525,33.1115590147738,59.4267441458047,47.957539862481,19.1946886234521,11.5294940870994,10.120585632019,9.13815614147536,34.6332417818164,16.62920237,63.365925907408,6.816071297,9.10963040656985,3.04444104679746,76.6532018375921,14.1876612718289,5.97986547822109,0.892881431730978,1.34957647484888,1.168994618,23.173531550701,0.191960935445836,0.196137697944443,0.934917498746087,0.787379489841255,0.926106645934713,0.0165182497037251,0.988869296068101,2.24,3.22,3.07,1,"noRScoretop_seds_2over3under10_deep_141","noRScoretop_seds_2over3under10_deep"
"991",-6.01725770042681,19.90850159,29.1603531727525,33.1115590147738,59.4267441458047,47.957539862481,19.1946886234521,11.5294940870994,10.120585632019,9.13815614147536,34.6332417818164,16.62920237,63.365925907408,6.816071297,9.10963040656985,3.04444104679746,76.6532018375921,14.1876612718289,5.97986547822109,0.892881431730978,1.34957647484888,1.168994618,23.1737111346546,0.191960935445836,0.196137697944443,0.934917498746087,0.787379489841255,0.926106645934713,0.0165182497037251,0.988869296068101,2.24,3.22,3.07,1,"noRScoretop_seds_2over3under10_deep_142","noRScoretop_seds_2over3under10_deep"
"992",-6.01725770042681,19.90850159,29.159463262029,33.1115175344412,59.4267441458047,47.957539862481,19.1946886234521,11.5444462256473,10.120585632019,9.13815614147536,34.6332556916528,16.62920237,63.3659811530736,6.816071297,9.1053768037771,3.04444104679746,76.6439458344137,14.1875631249798,5.9798483122008,0.892875349745567,1.34799207031372,1.168994618,23.1648426819213,0.191960935445836,0.196085346,0.9376159127802,0.787379489841255,0.925896412507263,0.0165182497037251,0.988869296068101,2.24,3.22,3.07,1,"noRScoretop_seds_2over3under10_deep_143","noRScoretop_seds_2over3under10_deep"
"993",-6.01725770042681,19.90850159,29.1592192618342,33.1115590147738,59.4267441458047,47.957539862481,19.1946886234521,11.5294940870994,10.120585632019,9.13815614147536,34.6326818160814,16.62920237,63.365925907408,6.816071297,9.10963040656985,3.04444104679746,76.6439458344137,14.1876612718289,5.97986547822109,0.893390369273761,1.45685468631836,1.168994618,23.1737111346546,0.191960935445836,0.196137697944443,0.934917498746087,0.787379489841255,0.924123129272615,0.0165182497037251,0.988869296068101,2.24,3.22,3.071,1,"noRScoretop_seds_2over3under10_deep_144","noRScoretop_seds_2over3under10_deep"
"994",-5.47053112405261,19.90850159,29.0784514820167,33.1108251060809,59.4267441458047,47.957539862481,19.2676810595143,11.5457998456558,10.120585632019,9.13815614147536,34.6332448845313,16.62920237,63.3658728955673,6.816071297,9.10528476219874,3.04260008600661,76.6184983887676,14.1875631249798,5.06252969786018,0.892881996138972,1.34799207031372,1.168994618,23.17356607435,0.191960935445836,0.196085346,0.934853264957668,0.787379489841255,0.926089703786176,0.0165182497037251,0.988869296068101,2.24,3.22,3.071,1,"noRScoretop_seds_2over3under10_deep_145","noRScoretop_seds_2over3under10_deep"
"995",-6.01725770042681,19.90850159,29.0766527162222,33.1108286422066,59.4267441458047,47.957539862481,19.1953839303285,11.529115995826,10.120585632019,9.13815614147536,34.6326233615047,16.62920237,63.366195786658,6.816071297,9.10533531772385,3.04444104679746,76.6412206565155,14.1875631249798,5.99722747208527,0.893383295190179,1.45178116857129,1.168994618,23.6067292358769,0.191960935445836,0.196176369677196,0.937504538218161,0.787379489841255,0.924088295385661,0.0165182497037251,0.988869296068101,2.24,3.22,3.085,1,"noRScoretop_seds_2over3under10_deep_146","noRScoretop_seds_2over3under10_deep"
"996",-6.01725770042681,19.90850159,29.0816649730122,33.1108286422066,59.4267441458047,47.957539862481,19.1953839303285,11.5456529777008,10.120585632019,9.13815614147536,34.633249012133,16.62920237,63.3662036741984,6.816071297,9.10533531772385,3.04444104679746,76.6412206565155,14.1875631249798,5.99722747208527,0.892880947502958,1.45178116857129,1.168994618,23.6074326442715,0.191960935445836,0.196176369677196,0.937508003474724,0.787379489841255,0.925870179936154,0.0165182497037251,0.988869296068101,2.24,3.22,3.087,1,"noRScoretop_seds_2over3under10_deep_147","noRScoretop_seds_2over3under10_deep"
"997",-6.01725770042681,19.90850159,29.159254538389,33.1108280437984,59.4267441458047,47.957539862481,19.1953252908477,11.529115995826,10.120585632019,9.13815614147536,34.6326233615047,16.62920237,63.3561763178341,6.816071297,9.10536805101485,3.04444104679746,76.6412206565155,14.1875631249798,5.97987495914137,0.893383295190179,1.45819314190096,1.168994618,23.6067292358769,0.191960935445836,0.196019253511101,0.934997614351956,0.787379489841255,0.916894478668127,0.0165182497037251,0.988869296068101,2.24,3.22,3.09,1,"noRScoretop_seds_2over3under10_deep_148","noRScoretop_seds_2over3under10_deep"
"998",-6.01725770042681,19.90850159,29.159254538389,33.1108280437984,59.4267441458047,47.957539862481,19.1953252908477,11.5289423203067,10.120585632019,9.13815614147536,34.6326233615047,16.62920237,63.3679814186712,6.816071297,9.10536805101485,3.04444104679746,76.6459742857415,14.1875631249798,5.97987495914137,0.893383295190179,1.45819314190096,1.168994618,23.6137798805782,0.191960935445836,0.196019253511101,0.935027320674524,0.787379489841255,0.916894478668127,0.0165182497037251,0.988869296068101,2.24,3.22,3.092,1,"noRScoretop_seds_2over3under10_deep_149","noRScoretop_seds_2over3under10_deep"
"999",-6.01725770042681,19.90850159,29.1549643264578,33.1108280437984,59.4267441458047,47.957539862481,19.1953211654477,11.5452438505749,10.120585632019,9.13815614147536,34.6326233615047,16.62920237,63.3561102648363,6.816071297,9.10547828427448,3.04444104679746,76.6457594061844,14.1875631249798,5.99579818371422,0.893383295190179,1.45818613897647,1.168994618,23.5946790924733,0.191960935445836,0.196019253511101,0.934997614351956,0.787379489841255,0.916894478668127,0.0165182497037251,0.988869296068101,2.24,3.22,3.093,1,"noRScoretop_seds_2over3under10_deep_150","noRScoretop_seds_2over3under10_deep"
